institution,slug,country,continent,repository_code,archive_type,gosfilmofond_detail_url,content_available_in_source,website_available,partner_site,internal_page,status,http_code,video_links_found,embedded_signals,warning,error
Gosfilmofond of Russia,gosfilmofond-of-russia,Russia,Europe,RU-GOSFILMOFOND,National film archive,https://gosfilmofond.ru/,True,True,https://gosfilmofond.ru/,https://gosfilmofond.ru/films/,ok,200,0,0,"Catálogo público; tamanhos de página declarados=10,20,50,100; selecionado=100.",
Gosfilmofond of Russia,gosfilmofond-of-russia,Russia,Europe,RU-GOSFILMOFOND,National film archive,https://gosfilmofond.ru/,True,True,https://gosfilmofond.ru/,https://gosfilmofond.ru/wp-admin/admin-ajax.php#page=1&page_count=100,ok,200,100,0,POST público action=filter_films; página=1; page_count=100; duplicados=0.,
Gosfilmofond of Russia,gosfilmofond-of-russia,Russia,Europe,RU-GOSFILMOFOND,National film archive,https://gosfilmofond.ru/,True,True,https://gosfilmofond.ru/,https://gosfilmofond.ru/wp-admin/admin-ajax.php#page=2&page_count=100,ok,200,100,0,POST público action=filter_films; página=2; page_count=100; duplicados=0.,
Gosfilmofond of Russia,gosfilmofond-of-russia,Russia,Europe,RU-GOSFILMOFOND,National film archive,https://gosfilmofond.ru/,True,True,https://gosfilmofond.ru/,https://gosfilmofond.ru/wp-admin/admin-ajax.php#page=3&page_count=100,ok,200,100,0,POST público action=filter_films; página=3; page_count=100; duplicados=0.,
Gosfilmofond of Russia,gosfilmofond-of-russia,Russia,Europe,RU-GOSFILMOFOND,National film archive,https://gosfilmofond.ru/,True,True,https://gosfilmofond.ru/,https://gosfilmofond.ru/wp-admin/admin-ajax.php#page=4&page_count=100,ok,200,100,0,POST público action=filter_films; página=4; page_count=100; duplicados=0.,
Gosfilmofond of Russia,gosfilmofond-of-russia,Russia,Europe,RU-GOSFILMOFOND,National film archive,https://gosfilmofond.ru/,True,True,https://gosfilmofond.ru/,https://gosfilmofond.ru/wp-admin/admin-ajax.php#page=5&page_count=100,ok,200,100,0,POST público action=filter_films; página=5; page_count=100; duplicados=0.,
Gosfilmofond of Russia,gosfilmofond-of-russia,Russia,Europe,RU-GOSFILMOFOND,National film archive,https://gosfilmofond.ru/,True,True,https://gosfilmofond.ru/,https://gosfilmofond.ru/wp-admin/admin-ajax.php#page=6&page_count=100,ok,200,100,0,POST público action=filter_films; página=6; page_count=100; duplicados=0.,
Gosfilmofond of Russia,gosfilmofond-of-russia,Russia,Europe,RU-GOSFILMOFOND,National film archive,https://gosfilmofond.ru/,True,True,https://gosfilmofond.ru/,https://gosfilmofond.ru/wp-admin/admin-ajax.php#page=7&page_count=100,ok,200,100,0,POST público action=filter_films; página=7; page_count=100; duplicados=0.,
Gosfilmofond of Russia,gosfilmofond-of-russia,Russia,Europe,RU-GOSFILMOFOND,National film archive,https://gosfilmofond.ru/,True,True,https://gosfilmofond.ru/,https://gosfilmofond.ru/wp-admin/admin-ajax.php#page=8&page_count=100,ok,200,100,0,POST público action=filter_films; página=8; page_count=100; duplicados=0.,
Gosfilmofond of Russia,gosfilmofond-of-russia,Russia,Europe,RU-GOSFILMOFOND,National film archive,https://gosfilmofond.ru/,True,True,https://gosfilmofond.ru/,https://gosfilmofond.ru/wp-admin/admin-ajax.php#page=9&page_count=100,ok,200,100,0,POST público action=filter_films; página=9; page_count=100; duplicados=0.,
Gosfilmofond of Russia,gosfilmofond-of-russia,Russia,Europe,RU-GOSFILMOFOND,National film archive,https://gosfilmofond.ru/,True,True,https://gosfilmofond.ru/,https://gosfilmofond.ru/wp-admin/admin-ajax.php#page=10&page_count=100,ok,200,100,0,POST público action=filter_films; página=10; page_count=100; duplicados=0.,
Gosfilmofond of Russia,gosfilmofond-of-russia,Russia,Europe,RU-GOSFILMOFOND,National film archive,https://gosfilmofond.ru/,True,True,https://gosfilmofond.ru/,https://gosfilmofond.ru/wp-admin/admin-ajax.php#page=11&page_count=100,ok,200,100,0,POST público action=filter_films; página=11; page_count=100; duplicados=0.,
Gosfilmofond of Russia,gosfilmofond-of-russia,Russia,Europe,RU-GOSFILMOFOND,National film archive,https://gosfilmofond.ru/,True,True,https://gosfilmofond.ru/,https://gosfilmofond.ru/wp-admin/admin-ajax.php#page=12&page_count=100,ok,200,100,0,POST público action=filter_films; página=12; page_count=100; duplicados=0.,
Gosfilmofond of Russia,gosfilmofond-of-russia,Russia,Europe,RU-GOSFILMOFOND,National film archive,https://gosfilmofond.ru/,True,True,https://gosfilmofond.ru/,https://gosfilmofond.ru/wp-admin/admin-ajax.php#page=13&page_count=100,ok,200,100,0,POST público action=filter_films; página=13; page_count=100; duplicados=0.,
Gosfilmofond of Russia,gosfilmofond-of-russia,Russia,Europe,RU-GOSFILMOFOND,National film archive,https://gosfilmofond.ru/,True,True,https://gosfilmofond.ru/,https://gosfilmofond.ru/wp-admin/admin-ajax.php#page=14&page_count=100,ok,200,100,0,POST público action=filter_films; página=14; page_count=100; duplicados=0.,
Gosfilmofond of Russia,gosfilmofond-of-russia,Russia,Europe,RU-GOSFILMOFOND,National film archive,https://gosfilmofond.ru/,True,True,https://gosfilmofond.ru/,https://gosfilmofond.ru/wp-admin/admin-ajax.php#page=15&page_count=100,ok,200,100,0,POST público action=filter_films; página=15; page_count=100; duplicados=0.,
Gosfilmofond of Russia,gosfilmofond-of-russia,Russia,Europe,RU-GOSFILMOFOND,National film archive,https://gosfilmofond.ru/,True,True,https://gosfilmofond.ru/,https://gosfilmofond.ru/wp-admin/admin-ajax.php#page=16&page_count=100,ok,200,100,0,POST público action=filter_films; página=16; page_count=100; duplicados=0.,
Gosfilmofond of Russia,gosfilmofond-of-russia,Russia,Europe,RU-GOSFILMOFOND,National film archive,https://gosfilmofond.ru/,True,True,https://gosfilmofond.ru/,https://gosfilmofond.ru/wp-admin/admin-ajax.php#page=17&page_count=100,ok,200,100,0,POST público action=filter_films; página=17; page_count=100; duplicados=0.,
Gosfilmofond of Russia,gosfilmofond-of-russia,Russia,Europe,RU-GOSFILMOFOND,National film archive,https://gosfilmofond.ru/,True,True,https://gosfilmofond.ru/,https://gosfilmofond.ru/wp-admin/admin-ajax.php#page=18&page_count=100,ok,200,100,0,POST público action=filter_films; página=18; page_count=100; duplicados=0.,
Gosfilmofond of Russia,gosfilmofond-of-russia,Russia,Europe,RU-GOSFILMOFOND,National film archive,https://gosfilmofond.ru/,True,True,https://gosfilmofond.ru/,https://gosfilmofond.ru/wp-admin/admin-ajax.php#page=19&page_count=100,ok,200,100,0,POST público action=filter_films; página=19; page_count=100; duplicados=0.,
Gosfilmofond of Russia,gosfilmofond-of-russia,Russia,Europe,RU-GOSFILMOFOND,National film archive,https://gosfilmofond.ru/,True,True,https://gosfilmofond.ru/,https://gosfilmofond.ru/wp-admin/admin-ajax.php#page=20&page_count=100,ok,200,100,0,POST público action=filter_films; página=20; page_count=100; duplicados=0.,
Gosfilmofond of Russia,gosfilmofond-of-russia,Russia,Europe,RU-GOSFILMOFOND,National film archive,https://gosfilmofond.ru/,True,True,https://gosfilmofond.ru/,https://gosfilmofond.ru/wp-admin/admin-ajax.php#page=21&page_count=100,ok,200,100,0,POST público action=filter_films; página=21; page_count=100; duplicados=0.,
Gosfilmofond of Russia,gosfilmofond-of-russia,Russia,Europe,RU-GOSFILMOFOND,National film archive,https://gosfilmofond.ru/,True,True,https://gosfilmofond.ru/,https://gosfilmofond.ru/wp-admin/admin-ajax.php#page=22&page_count=100,ok,200,100,0,POST público action=filter_films; página=22; page_count=100; duplicados=0.,
Gosfilmofond of Russia,gosfilmofond-of-russia,Russia,Europe,RU-GOSFILMOFOND,National film archive,https://gosfilmofond.ru/,True,True,https://gosfilmofond.ru/,https://gosfilmofond.ru/wp-admin/admin-ajax.php#page=23&page_count=100,ok,200,100,0,POST público action=filter_films; página=23; page_count=100; duplicados=0.,
Gosfilmofond of Russia,gosfilmofond-of-russia,Russia,Europe,RU-GOSFILMOFOND,National film archive,https://gosfilmofond.ru/,True,True,https://gosfilmofond.ru/,https://gosfilmofond.ru/wp-admin/admin-ajax.php#page=24&page_count=100,ok,200,100,0,POST público action=filter_films; página=24; page_count=100; duplicados=0.,
Gosfilmofond of Russia,gosfilmofond-of-russia,Russia,Europe,RU-GOSFILMOFOND,National film archive,https://gosfilmofond.ru/,True,True,https://gosfilmofond.ru/,https://gosfilmofond.ru/wp-admin/admin-ajax.php#page=25&page_count=100,ok,200,100,0,POST público action=filter_films; página=25; page_count=100; duplicados=0.,
Gosfilmofond of Russia,gosfilmofond-of-russia,Russia,Europe,RU-GOSFILMOFOND,National film archive,https://gosfilmofond.ru/,True,True,https://gosfilmofond.ru/,https://gosfilmofond.ru/wp-admin/admin-ajax.php#page=26&page_count=100,ok,200,100,0,POST público action=filter_films; página=26; page_count=100; duplicados=0.,
Gosfilmofond of Russia,gosfilmofond-of-russia,Russia,Europe,RU-GOSFILMOFOND,National film archive,https://gosfilmofond.ru/,True,True,https://gosfilmofond.ru/,https://gosfilmofond.ru/wp-admin/admin-ajax.php#page=27&page_count=100,ok,200,100,0,POST público action=filter_films; página=27; page_count=100; duplicados=0.,
Gosfilmofond of Russia,gosfilmofond-of-russia,Russia,Europe,RU-GOSFILMOFOND,National film archive,https://gosfilmofond.ru/,True,True,https://gosfilmofond.ru/,https://gosfilmofond.ru/wp-admin/admin-ajax.php#page=28&page_count=100,ok,200,100,0,POST público action=filter_films; página=28; page_count=100; duplicados=0.,
Gosfilmofond of Russia,gosfilmofond-of-russia,Russia,Europe,RU-GOSFILMOFOND,National film archive,https://gosfilmofond.ru/,True,True,https://gosfilmofond.ru/,https://gosfilmofond.ru/wp-admin/admin-ajax.php#page=29&page_count=100,ok,200,100,0,POST público action=filter_films; página=29; page_count=100; duplicados=0.,
Gosfilmofond of Russia,gosfilmofond-of-russia,Russia,Europe,RU-GOSFILMOFOND,National film archive,https://gosfilmofond.ru/,True,True,https://gosfilmofond.ru/,https://gosfilmofond.ru/wp-admin/admin-ajax.php#page=30&page_count=100,ok,200,100,0,POST público action=filter_films; página=30; page_count=100; duplicados=0.,
Gosfilmofond of Russia,gosfilmofond-of-russia,Russia,Europe,RU-GOSFILMOFOND,National film archive,https://gosfilmofond.ru/,True,True,https://gosfilmofond.ru/,https://gosfilmofond.ru/wp-admin/admin-ajax.php#page=31&page_count=100,ok,200,100,0,POST público action=filter_films; página=31; page_count=100; duplicados=0.,
Gosfilmofond of Russia,gosfilmofond-of-russia,Russia,Europe,RU-GOSFILMOFOND,National film archive,https://gosfilmofond.ru/,True,True,https://gosfilmofond.ru/,https://gosfilmofond.ru/wp-admin/admin-ajax.php#page=32&page_count=100,ok,200,100,0,POST público action=filter_films; página=32; page_count=100; duplicados=0.,
Gosfilmofond of Russia,gosfilmofond-of-russia,Russia,Europe,RU-GOSFILMOFOND,National film archive,https://gosfilmofond.ru/,True,True,https://gosfilmofond.ru/,https://gosfilmofond.ru/wp-admin/admin-ajax.php#page=33&page_count=100,ok,200,100,0,POST público action=filter_films; página=33; page_count=100; duplicados=0.,
Gosfilmofond of Russia,gosfilmofond-of-russia,Russia,Europe,RU-GOSFILMOFOND,National film archive,https://gosfilmofond.ru/,True,True,https://gosfilmofond.ru/,https://gosfilmofond.ru/wp-admin/admin-ajax.php#page=34&page_count=100,ok,200,100,0,POST público action=filter_films; página=34; page_count=100; duplicados=0.,
Gosfilmofond of Russia,gosfilmofond-of-russia,Russia,Europe,RU-GOSFILMOFOND,National film archive,https://gosfilmofond.ru/,True,True,https://gosfilmofond.ru/,https://gosfilmofond.ru/wp-admin/admin-ajax.php#page=35&page_count=100,ok,200,100,0,POST público action=filter_films; página=35; page_count=100; duplicados=0.,
Gosfilmofond of Russia,gosfilmofond-of-russia,Russia,Europe,RU-GOSFILMOFOND,National film archive,https://gosfilmofond.ru/,True,True,https://gosfilmofond.ru/,https://gosfilmofond.ru/wp-admin/admin-ajax.php#page=36&page_count=100,ok,200,100,0,POST público action=filter_films; página=36; page_count=100; duplicados=0.,
Gosfilmofond of Russia,gosfilmofond-of-russia,Russia,Europe,RU-GOSFILMOFOND,National film archive,https://gosfilmofond.ru/,True,True,https://gosfilmofond.ru/,https://gosfilmofond.ru/wp-admin/admin-ajax.php#page=37&page_count=100,ok,200,100,0,POST público action=filter_films; página=37; page_count=100; duplicados=0.,
Gosfilmofond of Russia,gosfilmofond-of-russia,Russia,Europe,RU-GOSFILMOFOND,National film archive,https://gosfilmofond.ru/,True,True,https://gosfilmofond.ru/,https://gosfilmofond.ru/wp-admin/admin-ajax.php#page=38&page_count=100,ok,200,100,0,POST público action=filter_films; página=38; page_count=100; duplicados=0.,
Gosfilmofond of Russia,gosfilmofond-of-russia,Russia,Europe,RU-GOSFILMOFOND,National film archive,https://gosfilmofond.ru/,True,True,https://gosfilmofond.ru/,https://gosfilmofond.ru/wp-admin/admin-ajax.php#page=39&page_count=100,ok,200,100,0,POST público action=filter_films; página=39; page_count=100; duplicados=0.,
Gosfilmofond of Russia,gosfilmofond-of-russia,Russia,Europe,RU-GOSFILMOFOND,National film archive,https://gosfilmofond.ru/,True,True,https://gosfilmofond.ru/,https://gosfilmofond.ru/wp-admin/admin-ajax.php#page=40&page_count=100,ok,200,100,0,POST público action=filter_films; página=40; page_count=100; duplicados=0.,
Gosfilmofond of Russia,gosfilmofond-of-russia,Russia,Europe,RU-GOSFILMOFOND,National film archive,https://gosfilmofond.ru/,True,True,https://gosfilmofond.ru/,https://gosfilmofond.ru/wp-admin/admin-ajax.php#page=41&page_count=100,ok,200,100,0,POST público action=filter_films; página=41; page_count=100; duplicados=0.,
Gosfilmofond of Russia,gosfilmofond-of-russia,Russia,Europe,RU-GOSFILMOFOND,National film archive,https://gosfilmofond.ru/,True,True,https://gosfilmofond.ru/,https://gosfilmofond.ru/wp-admin/admin-ajax.php#page=42&page_count=100,ok,200,100,0,POST público action=filter_films; página=42; page_count=100; duplicados=0.,
Gosfilmofond of Russia,gosfilmofond-of-russia,Russia,Europe,RU-GOSFILMOFOND,National film archive,https://gosfilmofond.ru/,True,True,https://gosfilmofond.ru/,https://gosfilmofond.ru/wp-admin/admin-ajax.php#page=43&page_count=100,ok,200,100,0,POST público action=filter_films; página=43; page_count=100; duplicados=0.,
Gosfilmofond of Russia,gosfilmofond-of-russia,Russia,Europe,RU-GOSFILMOFOND,National film archive,https://gosfilmofond.ru/,True,True,https://gosfilmofond.ru/,https://gosfilmofond.ru/wp-admin/admin-ajax.php#page=44&page_count=100,ok,200,100,0,POST público action=filter_films; página=44; page_count=100; duplicados=0.,
Gosfilmofond of Russia,gosfilmofond-of-russia,Russia,Europe,RU-GOSFILMOFOND,National film archive,https://gosfilmofond.ru/,True,True,https://gosfilmofond.ru/,https://gosfilmofond.ru/wp-admin/admin-ajax.php#page=45&page_count=100,ok,200,100,0,POST público action=filter_films; página=45; page_count=100; duplicados=0.,
Gosfilmofond of Russia,gosfilmofond-of-russia,Russia,Europe,RU-GOSFILMOFOND,National film archive,https://gosfilmofond.ru/,True,True,https://gosfilmofond.ru/,https://gosfilmofond.ru/wp-admin/admin-ajax.php#page=46&page_count=100,ok,200,100,0,POST público action=filter_films; página=46; page_count=100; duplicados=0.,
Gosfilmofond of Russia,gosfilmofond-of-russia,Russia,Europe,RU-GOSFILMOFOND,National film archive,https://gosfilmofond.ru/,True,True,https://gosfilmofond.ru/,https://gosfilmofond.ru/wp-admin/admin-ajax.php#page=47&page_count=100,ok,200,100,0,POST público action=filter_films; página=47; page_count=100; duplicados=0.,
Gosfilmofond of Russia,gosfilmofond-of-russia,Russia,Europe,RU-GOSFILMOFOND,National film archive,https://gosfilmofond.ru/,True,True,https://gosfilmofond.ru/,https://gosfilmofond.ru/wp-admin/admin-ajax.php#page=48&page_count=100,ok,200,100,0,POST público action=filter_films; página=48; page_count=100; duplicados=0.,
Gosfilmofond of Russia,gosfilmofond-of-russia,Russia,Europe,RU-GOSFILMOFOND,National film archive,https://gosfilmofond.ru/,True,True,https://gosfilmofond.ru/,https://gosfilmofond.ru/wp-admin/admin-ajax.php#page=49&page_count=100,ok,200,100,0,POST público action=filter_films; página=49; page_count=100; duplicados=0.,
Gosfilmofond of Russia,gosfilmofond-of-russia,Russia,Europe,RU-GOSFILMOFOND,National film archive,https://gosfilmofond.ru/,True,True,https://gosfilmofond.ru/,https://gosfilmofond.ru/wp-admin/admin-ajax.php#page=50&page_count=100,ok,200,100,0,POST público action=filter_films; página=50; page_count=100; duplicados=0.,
Gosfilmofond of Russia,gosfilmofond-of-russia,Russia,Europe,RU-GOSFILMOFOND,National film archive,https://gosfilmofond.ru/,True,True,https://gosfilmofond.ru/,https://gosfilmofond.ru/wp-admin/admin-ajax.php#page=51&page_count=100,ok,200,100,0,POST público action=filter_films; página=51; page_count=100; duplicados=0.,
Gosfilmofond of Russia,gosfilmofond-of-russia,Russia,Europe,RU-GOSFILMOFOND,National film archive,https://gosfilmofond.ru/,True,True,https://gosfilmofond.ru/,https://gosfilmofond.ru/wp-admin/admin-ajax.php#page=52&page_count=100,ok,200,100,0,POST público action=filter_films; página=52; page_count=100; duplicados=0.,
Gosfilmofond of Russia,gosfilmofond-of-russia,Russia,Europe,RU-GOSFILMOFOND,National film archive,https://gosfilmofond.ru/,True,True,https://gosfilmofond.ru/,https://gosfilmofond.ru/wp-admin/admin-ajax.php#page=53&page_count=100,ok,200,100,0,POST público action=filter_films; página=53; page_count=100; duplicados=0.,
Gosfilmofond of Russia,gosfilmofond-of-russia,Russia,Europe,RU-GOSFILMOFOND,National film archive,https://gosfilmofond.ru/,True,True,https://gosfilmofond.ru/,https://gosfilmofond.ru/wp-admin/admin-ajax.php#page=54&page_count=100,ok,200,100,0,POST público action=filter_films; página=54; page_count=100; duplicados=0.,
Gosfilmofond of Russia,gosfilmofond-of-russia,Russia,Europe,RU-GOSFILMOFOND,National film archive,https://gosfilmofond.ru/,True,True,https://gosfilmofond.ru/,https://gosfilmofond.ru/wp-admin/admin-ajax.php#page=55&page_count=100,ok,200,100,0,POST público action=filter_films; página=55; page_count=100; duplicados=0.,
Gosfilmofond of Russia,gosfilmofond-of-russia,Russia,Europe,RU-GOSFILMOFOND,National film archive,https://gosfilmofond.ru/,True,True,https://gosfilmofond.ru/,https://gosfilmofond.ru/wp-admin/admin-ajax.php#page=56&page_count=100,ok,200,100,0,POST público action=filter_films; página=56; page_count=100; duplicados=0.,
Gosfilmofond of Russia,gosfilmofond-of-russia,Russia,Europe,RU-GOSFILMOFOND,National film archive,https://gosfilmofond.ru/,True,True,https://gosfilmofond.ru/,https://gosfilmofond.ru/wp-admin/admin-ajax.php#page=57&page_count=100,ok,200,100,0,POST público action=filter_films; página=57; page_count=100; duplicados=0.,
Gosfilmofond of Russia,gosfilmofond-of-russia,Russia,Europe,RU-GOSFILMOFOND,National film archive,https://gosfilmofond.ru/,True,True,https://gosfilmofond.ru/,https://gosfilmofond.ru/wp-admin/admin-ajax.php#page=58&page_count=100,ok,200,100,0,POST público action=filter_films; página=58; page_count=100; duplicados=0.,
Gosfilmofond of Russia,gosfilmofond-of-russia,Russia,Europe,RU-GOSFILMOFOND,National film archive,https://gosfilmofond.ru/,True,True,https://gosfilmofond.ru/,https://gosfilmofond.ru/wp-admin/admin-ajax.php#page=59&page_count=100,ok,200,100,0,POST público action=filter_films; página=59; page_count=100; duplicados=0.,
Gosfilmofond of Russia,gosfilmofond-of-russia,Russia,Europe,RU-GOSFILMOFOND,National film archive,https://gosfilmofond.ru/,True,True,https://gosfilmofond.ru/,https://gosfilmofond.ru/wp-admin/admin-ajax.php#page=60&page_count=100,ok,200,100,0,POST público action=filter_films; página=60; page_count=100; duplicados=0.,
Gosfilmofond of Russia,gosfilmofond-of-russia,Russia,Europe,RU-GOSFILMOFOND,National film archive,https://gosfilmofond.ru/,True,True,https://gosfilmofond.ru/,https://gosfilmofond.ru/wp-admin/admin-ajax.php#page=61&page_count=100,ok,200,100,0,POST público action=filter_films; página=61; page_count=100; duplicados=0.,
Gosfilmofond of Russia,gosfilmofond-of-russia,Russia,Europe,RU-GOSFILMOFOND,National film archive,https://gosfilmofond.ru/,True,True,https://gosfilmofond.ru/,https://gosfilmofond.ru/wp-admin/admin-ajax.php#page=62&page_count=100,ok,200,100,0,POST público action=filter_films; página=62; page_count=100; duplicados=0.,
Gosfilmofond of Russia,gosfilmofond-of-russia,Russia,Europe,RU-GOSFILMOFOND,National film archive,https://gosfilmofond.ru/,True,True,https://gosfilmofond.ru/,https://gosfilmofond.ru/wp-admin/admin-ajax.php#page=63&page_count=100,ok,200,100,0,POST público action=filter_films; página=63; page_count=100; duplicados=0.,
Gosfilmofond of Russia,gosfilmofond-of-russia,Russia,Europe,RU-GOSFILMOFOND,National film archive,https://gosfilmofond.ru/,True,True,https://gosfilmofond.ru/,https://gosfilmofond.ru/wp-admin/admin-ajax.php#page=64&page_count=100,ok,200,100,0,POST público action=filter_films; página=64; page_count=100; duplicados=0.,
Gosfilmofond of Russia,gosfilmofond-of-russia,Russia,Europe,RU-GOSFILMOFOND,National film archive,https://gosfilmofond.ru/,True,True,https://gosfilmofond.ru/,https://gosfilmofond.ru/wp-admin/admin-ajax.php#page=65&page_count=100,ok,200,100,0,POST público action=filter_films; página=65; page_count=100; duplicados=0.,
Gosfilmofond of Russia,gosfilmofond-of-russia,Russia,Europe,RU-GOSFILMOFOND,National film archive,https://gosfilmofond.ru/,True,True,https://gosfilmofond.ru/,https://gosfilmofond.ru/wp-admin/admin-ajax.php#page=66&page_count=100,ok,200,100,0,POST público action=filter_films; página=66; page_count=100; duplicados=0.,
Gosfilmofond of Russia,gosfilmofond-of-russia,Russia,Europe,RU-GOSFILMOFOND,National film archive,https://gosfilmofond.ru/,True,True,https://gosfilmofond.ru/,https://gosfilmofond.ru/wp-admin/admin-ajax.php#page=67&page_count=100,ok,200,100,0,POST público action=filter_films; página=67; page_count=100; duplicados=0.,
Gosfilmofond of Russia,gosfilmofond-of-russia,Russia,Europe,RU-GOSFILMOFOND,National film archive,https://gosfilmofond.ru/,True,True,https://gosfilmofond.ru/,https://gosfilmofond.ru/wp-admin/admin-ajax.php#page=68&page_count=100,ok,200,100,0,POST público action=filter_films; página=68; page_count=100; duplicados=0.,
Gosfilmofond of Russia,gosfilmofond-of-russia,Russia,Europe,RU-GOSFILMOFOND,National film archive,https://gosfilmofond.ru/,True,True,https://gosfilmofond.ru/,https://gosfilmofond.ru/wp-admin/admin-ajax.php#page=69&page_count=100,ok,200,100,0,POST público action=filter_films; página=69; page_count=100; duplicados=0.,
Gosfilmofond of Russia,gosfilmofond-of-russia,Russia,Europe,RU-GOSFILMOFOND,National film archive,https://gosfilmofond.ru/,True,True,https://gosfilmofond.ru/,https://gosfilmofond.ru/wp-admin/admin-ajax.php#page=70&page_count=100,ok,200,100,0,POST público action=filter_films; página=70; page_count=100; duplicados=0.,
Gosfilmofond of Russia,gosfilmofond-of-russia,Russia,Europe,RU-GOSFILMOFOND,National film archive,https://gosfilmofond.ru/,True,True,https://gosfilmofond.ru/,https://gosfilmofond.ru/wp-admin/admin-ajax.php#page=71&page_count=100,ok,200,100,0,POST público action=filter_films; página=71; page_count=100; duplicados=0.,
Gosfilmofond of Russia,gosfilmofond-of-russia,Russia,Europe,RU-GOSFILMOFOND,National film archive,https://gosfilmofond.ru/,True,True,https://gosfilmofond.ru/,https://gosfilmofond.ru/wp-admin/admin-ajax.php#page=72&page_count=100,ok,200,100,0,POST público action=filter_films; página=72; page_count=100; duplicados=0.,
Gosfilmofond of Russia,gosfilmofond-of-russia,Russia,Europe,RU-GOSFILMOFOND,National film archive,https://gosfilmofond.ru/,True,True,https://gosfilmofond.ru/,https://gosfilmofond.ru/wp-admin/admin-ajax.php#page=73&page_count=100,ok,200,100,0,POST público action=filter_films; página=73; page_count=100; duplicados=0.,
Gosfilmofond of Russia,gosfilmofond-of-russia,Russia,Europe,RU-GOSFILMOFOND,National film archive,https://gosfilmofond.ru/,True,True,https://gosfilmofond.ru/,https://gosfilmofond.ru/wp-admin/admin-ajax.php#page=74&page_count=100,ok,200,100,0,POST público action=filter_films; página=74; page_count=100; duplicados=0.,
Gosfilmofond of Russia,gosfilmofond-of-russia,Russia,Europe,RU-GOSFILMOFOND,National film archive,https://gosfilmofond.ru/,True,True,https://gosfilmofond.ru/,https://gosfilmofond.ru/wp-admin/admin-ajax.php#page=75&page_count=100,ok,200,100,0,POST público action=filter_films; página=75; page_count=100; duplicados=0.,
Gosfilmofond of Russia,gosfilmofond-of-russia,Russia,Europe,RU-GOSFILMOFOND,National film archive,https://gosfilmofond.ru/,True,True,https://gosfilmofond.ru/,https://gosfilmofond.ru/wp-admin/admin-ajax.php#page=76&page_count=100,ok,200,100,0,POST público action=filter_films; página=76; page_count=100; duplicados=0.,
Gosfilmofond of Russia,gosfilmofond-of-russia,Russia,Europe,RU-GOSFILMOFOND,National film archive,https://gosfilmofond.ru/,True,True,https://gosfilmofond.ru/,https://gosfilmofond.ru/wp-admin/admin-ajax.php#page=77&page_count=100,ok,200,100,0,POST público action=filter_films; página=77; page_count=100; duplicados=0.,
Gosfilmofond of Russia,gosfilmofond-of-russia,Russia,Europe,RU-GOSFILMOFOND,National film archive,https://gosfilmofond.ru/,True,True,https://gosfilmofond.ru/,https://gosfilmofond.ru/wp-admin/admin-ajax.php#page=78&page_count=100,ok,200,100,0,POST público action=filter_films; página=78; page_count=100; duplicados=0.,
Gosfilmofond of Russia,gosfilmofond-of-russia,Russia,Europe,RU-GOSFILMOFOND,National film archive,https://gosfilmofond.ru/,True,True,https://gosfilmofond.ru/,https://gosfilmofond.ru/wp-admin/admin-ajax.php#page=79&page_count=100,ok,200,100,0,POST público action=filter_films; página=79; page_count=100; duplicados=0.,
Gosfilmofond of Russia,gosfilmofond-of-russia,Russia,Europe,RU-GOSFILMOFOND,National film archive,https://gosfilmofond.ru/,True,True,https://gosfilmofond.ru/,https://gosfilmofond.ru/wp-admin/admin-ajax.php#page=80&page_count=100,ok,200,100,0,POST público action=filter_films; página=80; page_count=100; duplicados=0.,
Gosfilmofond of Russia,gosfilmofond-of-russia,Russia,Europe,RU-GOSFILMOFOND,National film archive,https://gosfilmofond.ru/,True,True,https://gosfilmofond.ru/,https://gosfilmofond.ru/wp-admin/admin-ajax.php#page=81&page_count=100,ok,200,100,0,POST público action=filter_films; página=81; page_count=100; duplicados=0.,
Gosfilmofond of Russia,gosfilmofond-of-russia,Russia,Europe,RU-GOSFILMOFOND,National film archive,https://gosfilmofond.ru/,True,True,https://gosfilmofond.ru/,https://gosfilmofond.ru/wp-admin/admin-ajax.php#page=82&page_count=100,ok,200,100,0,POST público action=filter_films; página=82; page_count=100; duplicados=0.,
Gosfilmofond of Russia,gosfilmofond-of-russia,Russia,Europe,RU-GOSFILMOFOND,National film archive,https://gosfilmofond.ru/,True,True,https://gosfilmofond.ru/,https://gosfilmofond.ru/wp-admin/admin-ajax.php#page=83&page_count=100,ok,200,100,0,POST público action=filter_films; página=83; page_count=100; duplicados=0.,
Gosfilmofond of Russia,gosfilmofond-of-russia,Russia,Europe,RU-GOSFILMOFOND,National film archive,https://gosfilmofond.ru/,True,True,https://gosfilmofond.ru/,https://gosfilmofond.ru/wp-admin/admin-ajax.php#page=84&page_count=100,ok,200,100,0,POST público action=filter_films; página=84; page_count=100; duplicados=0.,
Gosfilmofond of Russia,gosfilmofond-of-russia,Russia,Europe,RU-GOSFILMOFOND,National film archive,https://gosfilmofond.ru/,True,True,https://gosfilmofond.ru/,https://gosfilmofond.ru/wp-admin/admin-ajax.php#page=85&page_count=100,ok,200,100,0,POST público action=filter_films; página=85; page_count=100; duplicados=0.,
Gosfilmofond of Russia,gosfilmofond-of-russia,Russia,Europe,RU-GOSFILMOFOND,National film archive,https://gosfilmofond.ru/,True,True,https://gosfilmofond.ru/,https://gosfilmofond.ru/wp-admin/admin-ajax.php#page=86&page_count=100,ok,200,100,0,POST público action=filter_films; página=86; page_count=100; duplicados=0.,
Gosfilmofond of Russia,gosfilmofond-of-russia,Russia,Europe,RU-GOSFILMOFOND,National film archive,https://gosfilmofond.ru/,True,True,https://gosfilmofond.ru/,https://gosfilmofond.ru/wp-admin/admin-ajax.php#page=87&page_count=100,ok,200,100,0,POST público action=filter_films; página=87; page_count=100; duplicados=0.,
Gosfilmofond of Russia,gosfilmofond-of-russia,Russia,Europe,RU-GOSFILMOFOND,National film archive,https://gosfilmofond.ru/,True,True,https://gosfilmofond.ru/,https://gosfilmofond.ru/wp-admin/admin-ajax.php#page=88&page_count=100,ok,200,100,0,POST público action=filter_films; página=88; page_count=100; duplicados=0.,
Gosfilmofond of Russia,gosfilmofond-of-russia,Russia,Europe,RU-GOSFILMOFOND,National film archive,https://gosfilmofond.ru/,True,True,https://gosfilmofond.ru/,https://gosfilmofond.ru/wp-admin/admin-ajax.php#page=89&page_count=100,ok,200,100,0,POST público action=filter_films; página=89; page_count=100; duplicados=0.,
Gosfilmofond of Russia,gosfilmofond-of-russia,Russia,Europe,RU-GOSFILMOFOND,National film archive,https://gosfilmofond.ru/,True,True,https://gosfilmofond.ru/,https://gosfilmofond.ru/wp-admin/admin-ajax.php#page=90&page_count=100,ok,200,100,0,POST público action=filter_films; página=90; page_count=100; duplicados=0.,
Gosfilmofond of Russia,gosfilmofond-of-russia,Russia,Europe,RU-GOSFILMOFOND,National film archive,https://gosfilmofond.ru/,True,True,https://gosfilmofond.ru/,https://gosfilmofond.ru/wp-admin/admin-ajax.php#page=91&page_count=100,ok,200,100,0,POST público action=filter_films; página=91; page_count=100; duplicados=0.,
Gosfilmofond of Russia,gosfilmofond-of-russia,Russia,Europe,RU-GOSFILMOFOND,National film archive,https://gosfilmofond.ru/,True,True,https://gosfilmofond.ru/,https://gosfilmofond.ru/wp-admin/admin-ajax.php#page=92&page_count=100,ok,200,100,0,POST público action=filter_films; página=92; page_count=100; duplicados=0.,
Gosfilmofond of Russia,gosfilmofond-of-russia,Russia,Europe,RU-GOSFILMOFOND,National film archive,https://gosfilmofond.ru/,True,True,https://gosfilmofond.ru/,https://gosfilmofond.ru/wp-admin/admin-ajax.php#page=93&page_count=100,ok,200,100,0,POST público action=filter_films; página=93; page_count=100; duplicados=0.,
Gosfilmofond of Russia,gosfilmofond-of-russia,Russia,Europe,RU-GOSFILMOFOND,National film archive,https://gosfilmofond.ru/,True,True,https://gosfilmofond.ru/,https://gosfilmofond.ru/wp-admin/admin-ajax.php#page=94&page_count=100,ok,200,100,0,POST público action=filter_films; página=94; page_count=100; duplicados=0.,
Gosfilmofond of Russia,gosfilmofond-of-russia,Russia,Europe,RU-GOSFILMOFOND,National film archive,https://gosfilmofond.ru/,True,True,https://gosfilmofond.ru/,https://gosfilmofond.ru/wp-admin/admin-ajax.php#page=95&page_count=100,ok,200,100,0,POST público action=filter_films; página=95; page_count=100; duplicados=0.,
Gosfilmofond of Russia,gosfilmofond-of-russia,Russia,Europe,RU-GOSFILMOFOND,National film archive,https://gosfilmofond.ru/,True,True,https://gosfilmofond.ru/,https://gosfilmofond.ru/wp-admin/admin-ajax.php#page=96&page_count=100,ok,200,100,0,POST público action=filter_films; página=96; page_count=100; duplicados=0.,
Gosfilmofond of Russia,gosfilmofond-of-russia,Russia,Europe,RU-GOSFILMOFOND,National film archive,https://gosfilmofond.ru/,True,True,https://gosfilmofond.ru/,https://gosfilmofond.ru/wp-admin/admin-ajax.php#page=97&page_count=100,ok,200,100,0,POST público action=filter_films; página=97; page_count=100; duplicados=0.,
Gosfilmofond of Russia,gosfilmofond-of-russia,Russia,Europe,RU-GOSFILMOFOND,National film archive,https://gosfilmofond.ru/,True,True,https://gosfilmofond.ru/,https://gosfilmofond.ru/wp-admin/admin-ajax.php#page=98&page_count=100,ok,200,100,0,POST público action=filter_films; página=98; page_count=100; duplicados=0.,
Gosfilmofond of Russia,gosfilmofond-of-russia,Russia,Europe,RU-GOSFILMOFOND,National film archive,https://gosfilmofond.ru/,True,True,https://gosfilmofond.ru/,https://gosfilmofond.ru/wp-admin/admin-ajax.php#page=99&page_count=100,ok,200,100,0,POST público action=filter_films; página=99; page_count=100; duplicados=0.,
Gosfilmofond of Russia,gosfilmofond-of-russia,Russia,Europe,RU-GOSFILMOFOND,National film archive,https://gosfilmofond.ru/,True,True,https://gosfilmofond.ru/,https://gosfilmofond.ru/wp-admin/admin-ajax.php#page=100&page_count=100,ok,200,100,0,POST público action=filter_films; página=100; page_count=100; duplicados=0.,
Gosfilmofond of Russia,gosfilmofond-of-russia,Russia,Europe,RU-GOSFILMOFOND,National film archive,https://gosfilmofond.ru/,True,True,https://gosfilmofond.ru/,https://gosfilmofond.ru/wp-admin/admin-ajax.php#page=101&page_count=100,ok,200,100,0,POST público action=filter_films; página=101; page_count=100; duplicados=0.,
Gosfilmofond of Russia,gosfilmofond-of-russia,Russia,Europe,RU-GOSFILMOFOND,National film archive,https://gosfilmofond.ru/,True,True,https://gosfilmofond.ru/,https://gosfilmofond.ru/wp-admin/admin-ajax.php#page=102&page_count=100,ok,200,100,0,POST público action=filter_films; página=102; page_count=100; duplicados=0.,
Gosfilmofond of Russia,gosfilmofond-of-russia,Russia,Europe,RU-GOSFILMOFOND,National film archive,https://gosfilmofond.ru/,True,True,https://gosfilmofond.ru/,https://gosfilmofond.ru/wp-admin/admin-ajax.php#page=103&page_count=100,ok,200,100,0,POST público action=filter_films; página=103; page_count=100; duplicados=0.,
Gosfilmofond of Russia,gosfilmofond-of-russia,Russia,Europe,RU-GOSFILMOFOND,National film archive,https://gosfilmofond.ru/,True,True,https://gosfilmofond.ru/,https://gosfilmofond.ru/wp-admin/admin-ajax.php#page=104&page_count=100,ok,200,100,0,POST público action=filter_films; página=104; page_count=100; duplicados=0.,
Gosfilmofond of Russia,gosfilmofond-of-russia,Russia,Europe,RU-GOSFILMOFOND,National film archive,https://gosfilmofond.ru/,True,True,https://gosfilmofond.ru/,https://gosfilmofond.ru/wp-admin/admin-ajax.php#page=105&page_count=100,ok,200,100,0,POST público action=filter_films; página=105; page_count=100; duplicados=0.,
Gosfilmofond of Russia,gosfilmofond-of-russia,Russia,Europe,RU-GOSFILMOFOND,National film archive,https://gosfilmofond.ru/,True,True,https://gosfilmofond.ru/,https://gosfilmofond.ru/wp-admin/admin-ajax.php#page=106&page_count=100,ok,200,100,0,POST público action=filter_films; página=106; page_count=100; duplicados=0.,
Gosfilmofond of Russia,gosfilmofond-of-russia,Russia,Europe,RU-GOSFILMOFOND,National film archive,https://gosfilmofond.ru/,True,True,https://gosfilmofond.ru/,https://gosfilmofond.ru/wp-admin/admin-ajax.php#page=107&page_count=100,ok,200,100,0,POST público action=filter_films; página=107; page_count=100; duplicados=0.,
Gosfilmofond of Russia,gosfilmofond-of-russia,Russia,Europe,RU-GOSFILMOFOND,National film archive,https://gosfilmofond.ru/,True,True,https://gosfilmofond.ru/,https://gosfilmofond.ru/wp-admin/admin-ajax.php#page=108&page_count=100,ok,200,100,0,POST público action=filter_films; página=108; page_count=100; duplicados=0.,
Gosfilmofond of Russia,gosfilmofond-of-russia,Russia,Europe,RU-GOSFILMOFOND,National film archive,https://gosfilmofond.ru/,True,True,https://gosfilmofond.ru/,https://gosfilmofond.ru/wp-admin/admin-ajax.php#page=109&page_count=100,ok,200,100,0,POST público action=filter_films; página=109; page_count=100; duplicados=0.,
Gosfilmofond of Russia,gosfilmofond-of-russia,Russia,Europe,RU-GOSFILMOFOND,National film archive,https://gosfilmofond.ru/,True,True,https://gosfilmofond.ru/,https://gosfilmofond.ru/wp-admin/admin-ajax.php#page=110&page_count=100,ok,200,100,0,POST público action=filter_films; página=110; page_count=100; duplicados=0.,
Gosfilmofond of Russia,gosfilmofond-of-russia,Russia,Europe,RU-GOSFILMOFOND,National film archive,https://gosfilmofond.ru/,True,True,https://gosfilmofond.ru/,https://gosfilmofond.ru/wp-admin/admin-ajax.php#page=111&page_count=100,ok,200,100,0,POST público action=filter_films; página=111; page_count=100; duplicados=0.,
Gosfilmofond of Russia,gosfilmofond-of-russia,Russia,Europe,RU-GOSFILMOFOND,National film archive,https://gosfilmofond.ru/,True,True,https://gosfilmofond.ru/,https://gosfilmofond.ru/wp-admin/admin-ajax.php#page=112&page_count=100,ok,200,100,0,POST público action=filter_films; página=112; page_count=100; duplicados=0.,
Gosfilmofond of Russia,gosfilmofond-of-russia,Russia,Europe,RU-GOSFILMOFOND,National film archive,https://gosfilmofond.ru/,True,True,https://gosfilmofond.ru/,https://gosfilmofond.ru/wp-admin/admin-ajax.php#page=113&page_count=100,ok,200,100,0,POST público action=filter_films; página=113; page_count=100; duplicados=0.,
Gosfilmofond of Russia,gosfilmofond-of-russia,Russia,Europe,RU-GOSFILMOFOND,National film archive,https://gosfilmofond.ru/,True,True,https://gosfilmofond.ru/,https://gosfilmofond.ru/wp-admin/admin-ajax.php#page=114&page_count=100,ok,200,100,0,POST público action=filter_films; página=114; page_count=100; duplicados=0.,
Gosfilmofond of Russia,gosfilmofond-of-russia,Russia,Europe,RU-GOSFILMOFOND,National film archive,https://gosfilmofond.ru/,True,True,https://gosfilmofond.ru/,https://gosfilmofond.ru/wp-admin/admin-ajax.php#page=115&page_count=100,ok,200,100,0,POST público action=filter_films; página=115; page_count=100; duplicados=0.,
Gosfilmofond of Russia,gosfilmofond-of-russia,Russia,Europe,RU-GOSFILMOFOND,National film archive,https://gosfilmofond.ru/,True,True,https://gosfilmofond.ru/,https://gosfilmofond.ru/wp-admin/admin-ajax.php#page=116&page_count=100,ok,200,100,0,POST público action=filter_films; página=116; page_count=100; duplicados=0.,
Gosfilmofond of Russia,gosfilmofond-of-russia,Russia,Europe,RU-GOSFILMOFOND,National film archive,https://gosfilmofond.ru/,True,True,https://gosfilmofond.ru/,https://gosfilmofond.ru/wp-admin/admin-ajax.php#page=117&page_count=100,ok,200,100,0,POST público action=filter_films; página=117; page_count=100; duplicados=0.,
Gosfilmofond of Russia,gosfilmofond-of-russia,Russia,Europe,RU-GOSFILMOFOND,National film archive,https://gosfilmofond.ru/,True,True,https://gosfilmofond.ru/,https://gosfilmofond.ru/wp-admin/admin-ajax.php#page=118&page_count=100,ok,200,100,0,POST público action=filter_films; página=118; page_count=100; duplicados=0.,
Gosfilmofond of Russia,gosfilmofond-of-russia,Russia,Europe,RU-GOSFILMOFOND,National film archive,https://gosfilmofond.ru/,True,True,https://gosfilmofond.ru/,https://gosfilmofond.ru/wp-admin/admin-ajax.php#page=119&page_count=100,ok,200,100,0,POST público action=filter_films; página=119; page_count=100; duplicados=0.,
Gosfilmofond of Russia,gosfilmofond-of-russia,Russia,Europe,RU-GOSFILMOFOND,National film archive,https://gosfilmofond.ru/,True,True,https://gosfilmofond.ru/,https://gosfilmofond.ru/wp-admin/admin-ajax.php#page=120&page_count=100,ok,200,100,0,POST público action=filter_films; página=120; page_count=100; duplicados=0.,
Gosfilmofond of Russia,gosfilmofond-of-russia,Russia,Europe,RU-GOSFILMOFOND,National film archive,https://gosfilmofond.ru/,True,True,https://gosfilmofond.ru/,https://gosfilmofond.ru/wp-admin/admin-ajax.php#page=121&page_count=100,ok,200,100,0,POST público action=filter_films; página=121; page_count=100; duplicados=0.,
Gosfilmofond of Russia,gosfilmofond-of-russia,Russia,Europe,RU-GOSFILMOFOND,National film archive,https://gosfilmofond.ru/,True,True,https://gosfilmofond.ru/,https://gosfilmofond.ru/wp-admin/admin-ajax.php#page=122&page_count=100,ok,200,100,0,POST público action=filter_films; página=122; page_count=100; duplicados=0.,
Gosfilmofond of Russia,gosfilmofond-of-russia,Russia,Europe,RU-GOSFILMOFOND,National film archive,https://gosfilmofond.ru/,True,True,https://gosfilmofond.ru/,https://gosfilmofond.ru/wp-admin/admin-ajax.php#page=123&page_count=100,ok,200,100,0,POST público action=filter_films; página=123; page_count=100; duplicados=0.,
Gosfilmofond of Russia,gosfilmofond-of-russia,Russia,Europe,RU-GOSFILMOFOND,National film archive,https://gosfilmofond.ru/,True,True,https://gosfilmofond.ru/,https://gosfilmofond.ru/wp-admin/admin-ajax.php#page=124&page_count=100,ok,200,100,0,POST público action=filter_films; página=124; page_count=100; duplicados=0.,
Gosfilmofond of Russia,gosfilmofond-of-russia,Russia,Europe,RU-GOSFILMOFOND,National film archive,https://gosfilmofond.ru/,True,True,https://gosfilmofond.ru/,https://gosfilmofond.ru/wp-admin/admin-ajax.php#page=125&page_count=100,ok,200,100,0,POST público action=filter_films; página=125; page_count=100; duplicados=0.,
Gosfilmofond of Russia,gosfilmofond-of-russia,Russia,Europe,RU-GOSFILMOFOND,National film archive,https://gosfilmofond.ru/,True,True,https://gosfilmofond.ru/,https://gosfilmofond.ru/wp-admin/admin-ajax.php#page=126&page_count=100,ok,200,100,0,POST público action=filter_films; página=126; page_count=100; duplicados=0.,
Gosfilmofond of Russia,gosfilmofond-of-russia,Russia,Europe,RU-GOSFILMOFOND,National film archive,https://gosfilmofond.ru/,True,True,https://gosfilmofond.ru/,https://gosfilmofond.ru/wp-admin/admin-ajax.php#page=127&page_count=100,ok,200,100,0,POST público action=filter_films; página=127; page_count=100; duplicados=0.,
Gosfilmofond of Russia,gosfilmofond-of-russia,Russia,Europe,RU-GOSFILMOFOND,National film archive,https://gosfilmofond.ru/,True,True,https://gosfilmofond.ru/,https://gosfilmofond.ru/wp-admin/admin-ajax.php#page=128&page_count=100,ok,200,100,0,POST público action=filter_films; página=128; page_count=100; duplicados=0.,
Gosfilmofond of Russia,gosfilmofond-of-russia,Russia,Europe,RU-GOSFILMOFOND,National film archive,https://gosfilmofond.ru/,True,True,https://gosfilmofond.ru/,https://gosfilmofond.ru/wp-admin/admin-ajax.php#page=129&page_count=100,ok,200,100,0,POST público action=filter_films; página=129; page_count=100; duplicados=0.,
Gosfilmofond of Russia,gosfilmofond-of-russia,Russia,Europe,RU-GOSFILMOFOND,National film archive,https://gosfilmofond.ru/,True,True,https://gosfilmofond.ru/,https://gosfilmofond.ru/wp-admin/admin-ajax.php#page=130&page_count=100,ok,200,100,0,POST público action=filter_films; página=130; page_count=100; duplicados=0.,
Gosfilmofond of Russia,gosfilmofond-of-russia,Russia,Europe,RU-GOSFILMOFOND,National film archive,https://gosfilmofond.ru/,True,True,https://gosfilmofond.ru/,https://gosfilmofond.ru/wp-admin/admin-ajax.php#page=131&page_count=100,ok,200,100,0,POST público action=filter_films; página=131; page_count=100; duplicados=0.,
Gosfilmofond of Russia,gosfilmofond-of-russia,Russia,Europe,RU-GOSFILMOFOND,National film archive,https://gosfilmofond.ru/,True,True,https://gosfilmofond.ru/,https://gosfilmofond.ru/wp-admin/admin-ajax.php#page=132&page_count=100,ok,200,100,0,POST público action=filter_films; página=132; page_count=100; duplicados=0.,
Gosfilmofond of Russia,gosfilmofond-of-russia,Russia,Europe,RU-GOSFILMOFOND,National film archive,https://gosfilmofond.ru/,True,True,https://gosfilmofond.ru/,https://gosfilmofond.ru/wp-admin/admin-ajax.php#page=133&page_count=100,ok,200,100,0,POST público action=filter_films; página=133; page_count=100; duplicados=0.,
Gosfilmofond of Russia,gosfilmofond-of-russia,Russia,Europe,RU-GOSFILMOFOND,National film archive,https://gosfilmofond.ru/,True,True,https://gosfilmofond.ru/,https://gosfilmofond.ru/wp-admin/admin-ajax.php#page=134&page_count=100,ok,200,100,0,POST público action=filter_films; página=134; page_count=100; duplicados=0.,
Gosfilmofond of Russia,gosfilmofond-of-russia,Russia,Europe,RU-GOSFILMOFOND,National film archive,https://gosfilmofond.ru/,True,True,https://gosfilmofond.ru/,https://gosfilmofond.ru/wp-admin/admin-ajax.php#page=135&page_count=100,ok,200,100,0,POST público action=filter_films; página=135; page_count=100; duplicados=0.,
Gosfilmofond of Russia,gosfilmofond-of-russia,Russia,Europe,RU-GOSFILMOFOND,National film archive,https://gosfilmofond.ru/,True,True,https://gosfilmofond.ru/,https://gosfilmofond.ru/wp-admin/admin-ajax.php#page=136&page_count=100,ok,200,100,0,POST público action=filter_films; página=136; page_count=100; duplicados=0.,
Gosfilmofond of Russia,gosfilmofond-of-russia,Russia,Europe,RU-GOSFILMOFOND,National film archive,https://gosfilmofond.ru/,True,True,https://gosfilmofond.ru/,https://gosfilmofond.ru/wp-admin/admin-ajax.php#page=137&page_count=100,ok,200,100,0,POST público action=filter_films; página=137; page_count=100; duplicados=0.,
Gosfilmofond of Russia,gosfilmofond-of-russia,Russia,Europe,RU-GOSFILMOFOND,National film archive,https://gosfilmofond.ru/,True,True,https://gosfilmofond.ru/,https://gosfilmofond.ru/wp-admin/admin-ajax.php#page=138&page_count=100,ok,200,100,0,POST público action=filter_films; página=138; page_count=100; duplicados=0.,
Gosfilmofond of Russia,gosfilmofond-of-russia,Russia,Europe,RU-GOSFILMOFOND,National film archive,https://gosfilmofond.ru/,True,True,https://gosfilmofond.ru/,https://gosfilmofond.ru/wp-admin/admin-ajax.php#page=139&page_count=100,ok,200,100,0,POST público action=filter_films; página=139; page_count=100; duplicados=0.,
Gosfilmofond of Russia,gosfilmofond-of-russia,Russia,Europe,RU-GOSFILMOFOND,National film archive,https://gosfilmofond.ru/,True,True,https://gosfilmofond.ru/,https://gosfilmofond.ru/wp-admin/admin-ajax.php#page=140&page_count=100,ok,200,100,0,POST público action=filter_films; página=140; page_count=100; duplicados=0.,
Gosfilmofond of Russia,gosfilmofond-of-russia,Russia,Europe,RU-GOSFILMOFOND,National film archive,https://gosfilmofond.ru/,True,True,https://gosfilmofond.ru/,https://gosfilmofond.ru/wp-admin/admin-ajax.php#page=141&page_count=100,ok,200,100,0,POST público action=filter_films; página=141; page_count=100; duplicados=0.,
Gosfilmofond of Russia,gosfilmofond-of-russia,Russia,Europe,RU-GOSFILMOFOND,National film archive,https://gosfilmofond.ru/,True,True,https://gosfilmofond.ru/,https://gosfilmofond.ru/wp-admin/admin-ajax.php#page=142&page_count=100,ok,200,100,0,POST público action=filter_films; página=142; page_count=100; duplicados=0.,
Gosfilmofond of Russia,gosfilmofond-of-russia,Russia,Europe,RU-GOSFILMOFOND,National film archive,https://gosfilmofond.ru/,True,True,https://gosfilmofond.ru/,https://gosfilmofond.ru/wp-admin/admin-ajax.php#page=143&page_count=100,ok,200,100,0,POST público action=filter_films; página=143; page_count=100; duplicados=0.,
Gosfilmofond of Russia,gosfilmofond-of-russia,Russia,Europe,RU-GOSFILMOFOND,National film archive,https://gosfilmofond.ru/,True,True,https://gosfilmofond.ru/,https://gosfilmofond.ru/wp-admin/admin-ajax.php#page=144&page_count=100,ok,200,100,0,POST público action=filter_films; página=144; page_count=100; duplicados=0.,
Gosfilmofond of Russia,gosfilmofond-of-russia,Russia,Europe,RU-GOSFILMOFOND,National film archive,https://gosfilmofond.ru/,True,True,https://gosfilmofond.ru/,https://gosfilmofond.ru/wp-admin/admin-ajax.php#page=145&page_count=100,ok,200,100,0,POST público action=filter_films; página=145; page_count=100; duplicados=0.,
Gosfilmofond of Russia,gosfilmofond-of-russia,Russia,Europe,RU-GOSFILMOFOND,National film archive,https://gosfilmofond.ru/,True,True,https://gosfilmofond.ru/,https://gosfilmofond.ru/wp-admin/admin-ajax.php#page=146&page_count=100,ok,200,100,0,POST público action=filter_films; página=146; page_count=100; duplicados=0.,
Gosfilmofond of Russia,gosfilmofond-of-russia,Russia,Europe,RU-GOSFILMOFOND,National film archive,https://gosfilmofond.ru/,True,True,https://gosfilmofond.ru/,https://gosfilmofond.ru/wp-admin/admin-ajax.php#page=147&page_count=100,ok,200,100,0,POST público action=filter_films; página=147; page_count=100; duplicados=0.,
Gosfilmofond of Russia,gosfilmofond-of-russia,Russia,Europe,RU-GOSFILMOFOND,National film archive,https://gosfilmofond.ru/,True,True,https://gosfilmofond.ru/,https://gosfilmofond.ru/wp-admin/admin-ajax.php#page=148&page_count=100,ok,200,100,0,POST público action=filter_films; página=148; page_count=100; duplicados=0.,
Gosfilmofond of Russia,gosfilmofond-of-russia,Russia,Europe,RU-GOSFILMOFOND,National film archive,https://gosfilmofond.ru/,True,True,https://gosfilmofond.ru/,https://gosfilmofond.ru/wp-admin/admin-ajax.php#page=149&page_count=100,ok,200,100,0,POST público action=filter_films; página=149; page_count=100; duplicados=0.,
Gosfilmofond of Russia,gosfilmofond-of-russia,Russia,Europe,RU-GOSFILMOFOND,National film archive,https://gosfilmofond.ru/,True,True,https://gosfilmofond.ru/,https://gosfilmofond.ru/wp-admin/admin-ajax.php#page=150&page_count=100,ok,200,100,0,POST público action=filter_films; página=150; page_count=100; duplicados=0.,
Gosfilmofond of Russia,gosfilmofond-of-russia,Russia,Europe,RU-GOSFILMOFOND,National film archive,https://gosfilmofond.ru/,True,True,https://gosfilmofond.ru/,https://gosfilmofond.ru/wp-admin/admin-ajax.php#page=151&page_count=100,ok,200,100,0,POST público action=filter_films; página=151; page_count=100; duplicados=0.,
Gosfilmofond of Russia,gosfilmofond-of-russia,Russia,Europe,RU-GOSFILMOFOND,National film archive,https://gosfilmofond.ru/,True,True,https://gosfilmofond.ru/,https://gosfilmofond.ru/wp-admin/admin-ajax.php#page=152&page_count=100,ok,200,100,0,POST público action=filter_films; página=152; page_count=100; duplicados=0.,
Gosfilmofond of Russia,gosfilmofond-of-russia,Russia,Europe,RU-GOSFILMOFOND,National film archive,https://gosfilmofond.ru/,True,True,https://gosfilmofond.ru/,https://gosfilmofond.ru/wp-admin/admin-ajax.php#page=153&page_count=100,ok,200,100,0,POST público action=filter_films; página=153; page_count=100; duplicados=0.,
Gosfilmofond of Russia,gosfilmofond-of-russia,Russia,Europe,RU-GOSFILMOFOND,National film archive,https://gosfilmofond.ru/,True,True,https://gosfilmofond.ru/,https://gosfilmofond.ru/wp-admin/admin-ajax.php#page=154&page_count=100,ok,200,100,0,POST público action=filter_films; página=154; page_count=100; duplicados=0.,
Gosfilmofond of Russia,gosfilmofond-of-russia,Russia,Europe,RU-GOSFILMOFOND,National film archive,https://gosfilmofond.ru/,True,True,https://gosfilmofond.ru/,https://gosfilmofond.ru/wp-admin/admin-ajax.php#page=155&page_count=100,ok,200,100,0,POST público action=filter_films; página=155; page_count=100; duplicados=0.,
Gosfilmofond of Russia,gosfilmofond-of-russia,Russia,Europe,RU-GOSFILMOFOND,National film archive,https://gosfilmofond.ru/,True,True,https://gosfilmofond.ru/,https://gosfilmofond.ru/wp-admin/admin-ajax.php#page=156&page_count=100,ok,200,100,0,POST público action=filter_films; página=156; page_count=100; duplicados=0.,
Gosfilmofond of Russia,gosfilmofond-of-russia,Russia,Europe,RU-GOSFILMOFOND,National film archive,https://gosfilmofond.ru/,True,True,https://gosfilmofond.ru/,https://gosfilmofond.ru/wp-admin/admin-ajax.php#page=157&page_count=100,ok,200,100,0,POST público action=filter_films; página=157; page_count=100; duplicados=0.,
Gosfilmofond of Russia,gosfilmofond-of-russia,Russia,Europe,RU-GOSFILMOFOND,National film archive,https://gosfilmofond.ru/,True,True,https://gosfilmofond.ru/,https://gosfilmofond.ru/wp-admin/admin-ajax.php#page=158&page_count=100,ok,200,100,0,POST público action=filter_films; página=158; page_count=100; duplicados=0.,
Gosfilmofond of Russia,gosfilmofond-of-russia,Russia,Europe,RU-GOSFILMOFOND,National film archive,https://gosfilmofond.ru/,True,True,https://gosfilmofond.ru/,https://gosfilmofond.ru/wp-admin/admin-ajax.php#page=159&page_count=100,ok,200,100,0,POST público action=filter_films; página=159; page_count=100; duplicados=0.,
Gosfilmofond of Russia,gosfilmofond-of-russia,Russia,Europe,RU-GOSFILMOFOND,National film archive,https://gosfilmofond.ru/,True,True,https://gosfilmofond.ru/,https://gosfilmofond.ru/wp-admin/admin-ajax.php#page=160&page_count=100,ok,200,100,0,POST público action=filter_films; página=160; page_count=100; duplicados=0.,
Gosfilmofond of Russia,gosfilmofond-of-russia,Russia,Europe,RU-GOSFILMOFOND,National film archive,https://gosfilmofond.ru/,True,True,https://gosfilmofond.ru/,https://gosfilmofond.ru/wp-admin/admin-ajax.php#page=161&page_count=100,ok,200,100,0,POST público action=filter_films; página=161; page_count=100; duplicados=0.,
Gosfilmofond of Russia,gosfilmofond-of-russia,Russia,Europe,RU-GOSFILMOFOND,National film archive,https://gosfilmofond.ru/,True,True,https://gosfilmofond.ru/,https://gosfilmofond.ru/wp-admin/admin-ajax.php#page=162&page_count=100,ok,200,100,0,POST público action=filter_films; página=162; page_count=100; duplicados=0.,
Gosfilmofond of Russia,gosfilmofond-of-russia,Russia,Europe,RU-GOSFILMOFOND,National film archive,https://gosfilmofond.ru/,True,True,https://gosfilmofond.ru/,https://gosfilmofond.ru/wp-admin/admin-ajax.php#page=163&page_count=100,ok,200,100,0,POST público action=filter_films; página=163; page_count=100; duplicados=0.,
Gosfilmofond of Russia,gosfilmofond-of-russia,Russia,Europe,RU-GOSFILMOFOND,National film archive,https://gosfilmofond.ru/,True,True,https://gosfilmofond.ru/,https://gosfilmofond.ru/wp-admin/admin-ajax.php#page=164&page_count=100,ok,200,100,0,POST público action=filter_films; página=164; page_count=100; duplicados=0.,
Gosfilmofond of Russia,gosfilmofond-of-russia,Russia,Europe,RU-GOSFILMOFOND,National film archive,https://gosfilmofond.ru/,True,True,https://gosfilmofond.ru/,https://gosfilmofond.ru/wp-admin/admin-ajax.php#page=165&page_count=100,ok,200,100,0,POST público action=filter_films; página=165; page_count=100; duplicados=0.,
Gosfilmofond of Russia,gosfilmofond-of-russia,Russia,Europe,RU-GOSFILMOFOND,National film archive,https://gosfilmofond.ru/,True,True,https://gosfilmofond.ru/,https://gosfilmofond.ru/wp-admin/admin-ajax.php#page=166&page_count=100,ok,200,100,0,POST público action=filter_films; página=166; page_count=100; duplicados=0.,
Gosfilmofond of Russia,gosfilmofond-of-russia,Russia,Europe,RU-GOSFILMOFOND,National film archive,https://gosfilmofond.ru/,True,True,https://gosfilmofond.ru/,https://gosfilmofond.ru/wp-admin/admin-ajax.php#page=167&page_count=100,ok,200,100,0,POST público action=filter_films; página=167; page_count=100; duplicados=0.,
Gosfilmofond of Russia,gosfilmofond-of-russia,Russia,Europe,RU-GOSFILMOFOND,National film archive,https://gosfilmofond.ru/,True,True,https://gosfilmofond.ru/,https://gosfilmofond.ru/wp-admin/admin-ajax.php#page=168&page_count=100,ok,200,100,0,POST público action=filter_films; página=168; page_count=100; duplicados=0.,
Gosfilmofond of Russia,gosfilmofond-of-russia,Russia,Europe,RU-GOSFILMOFOND,National film archive,https://gosfilmofond.ru/,True,True,https://gosfilmofond.ru/,https://gosfilmofond.ru/wp-admin/admin-ajax.php#page=169&page_count=100,ok,200,100,0,POST público action=filter_films; página=169; page_count=100; duplicados=0.,
Gosfilmofond of Russia,gosfilmofond-of-russia,Russia,Europe,RU-GOSFILMOFOND,National film archive,https://gosfilmofond.ru/,True,True,https://gosfilmofond.ru/,https://gosfilmofond.ru/wp-admin/admin-ajax.php#page=170&page_count=100,ok,200,100,0,POST público action=filter_films; página=170; page_count=100; duplicados=0.,
Gosfilmofond of Russia,gosfilmofond-of-russia,Russia,Europe,RU-GOSFILMOFOND,National film archive,https://gosfilmofond.ru/,True,True,https://gosfilmofond.ru/,https://gosfilmofond.ru/wp-admin/admin-ajax.php#page=171&page_count=100,ok,200,100,0,POST público action=filter_films; página=171; page_count=100; duplicados=0.,
Gosfilmofond of Russia,gosfilmofond-of-russia,Russia,Europe,RU-GOSFILMOFOND,National film archive,https://gosfilmofond.ru/,True,True,https://gosfilmofond.ru/,https://gosfilmofond.ru/wp-admin/admin-ajax.php#page=172&page_count=100,ok,200,100,0,POST público action=filter_films; página=172; page_count=100; duplicados=0.,
Gosfilmofond of Russia,gosfilmofond-of-russia,Russia,Europe,RU-GOSFILMOFOND,National film archive,https://gosfilmofond.ru/,True,True,https://gosfilmofond.ru/,https://gosfilmofond.ru/wp-admin/admin-ajax.php#page=173&page_count=100,ok,200,100,0,POST público action=filter_films; página=173; page_count=100; duplicados=0.,
Gosfilmofond of Russia,gosfilmofond-of-russia,Russia,Europe,RU-GOSFILMOFOND,National film archive,https://gosfilmofond.ru/,True,True,https://gosfilmofond.ru/,https://gosfilmofond.ru/wp-admin/admin-ajax.php#page=174&page_count=100,ok,200,100,0,POST público action=filter_films; página=174; page_count=100; duplicados=0.,
Gosfilmofond of Russia,gosfilmofond-of-russia,Russia,Europe,RU-GOSFILMOFOND,National film archive,https://gosfilmofond.ru/,True,True,https://gosfilmofond.ru/,https://gosfilmofond.ru/wp-admin/admin-ajax.php#page=175&page_count=100,ok,200,100,0,POST público action=filter_films; página=175; page_count=100; duplicados=0.,
Gosfilmofond of Russia,gosfilmofond-of-russia,Russia,Europe,RU-GOSFILMOFOND,National film archive,https://gosfilmofond.ru/,True,True,https://gosfilmofond.ru/,https://gosfilmofond.ru/wp-admin/admin-ajax.php#page=176&page_count=100,ok,200,100,0,POST público action=filter_films; página=176; page_count=100; duplicados=0.,
Gosfilmofond of Russia,gosfilmofond-of-russia,Russia,Europe,RU-GOSFILMOFOND,National film archive,https://gosfilmofond.ru/,True,True,https://gosfilmofond.ru/,https://gosfilmofond.ru/wp-admin/admin-ajax.php#page=177&page_count=100,ok,200,100,0,POST público action=filter_films; página=177; page_count=100; duplicados=0.,
Gosfilmofond of Russia,gosfilmofond-of-russia,Russia,Europe,RU-GOSFILMOFOND,National film archive,https://gosfilmofond.ru/,True,True,https://gosfilmofond.ru/,https://gosfilmofond.ru/wp-admin/admin-ajax.php#page=178&page_count=100,ok,200,100,0,POST público action=filter_films; página=178; page_count=100; duplicados=0.,
Gosfilmofond of Russia,gosfilmofond-of-russia,Russia,Europe,RU-GOSFILMOFOND,National film archive,https://gosfilmofond.ru/,True,True,https://gosfilmofond.ru/,https://gosfilmofond.ru/wp-admin/admin-ajax.php#page=179&page_count=100,ok,200,100,0,POST público action=filter_films; página=179; page_count=100; duplicados=0.,
Gosfilmofond of Russia,gosfilmofond-of-russia,Russia,Europe,RU-GOSFILMOFOND,National film archive,https://gosfilmofond.ru/,True,True,https://gosfilmofond.ru/,https://gosfilmofond.ru/wp-admin/admin-ajax.php#page=180&page_count=100,ok,200,100,0,POST público action=filter_films; página=180; page_count=100; duplicados=0.,
Gosfilmofond of Russia,gosfilmofond-of-russia,Russia,Europe,RU-GOSFILMOFOND,National film archive,https://gosfilmofond.ru/,True,True,https://gosfilmofond.ru/,https://gosfilmofond.ru/wp-admin/admin-ajax.php#page=181&page_count=100,ok,200,100,0,POST público action=filter_films; página=181; page_count=100; duplicados=0.,
Gosfilmofond of Russia,gosfilmofond-of-russia,Russia,Europe,RU-GOSFILMOFOND,National film archive,https://gosfilmofond.ru/,True,True,https://gosfilmofond.ru/,https://gosfilmofond.ru/wp-admin/admin-ajax.php#page=182&page_count=100,ok,200,100,0,POST público action=filter_films; página=182; page_count=100; duplicados=0.,
Gosfilmofond of Russia,gosfilmofond-of-russia,Russia,Europe,RU-GOSFILMOFOND,National film archive,https://gosfilmofond.ru/,True,True,https://gosfilmofond.ru/,https://gosfilmofond.ru/wp-admin/admin-ajax.php#page=183&page_count=100,ok,200,100,0,POST público action=filter_films; página=183; page_count=100; duplicados=0.,
Gosfilmofond of Russia,gosfilmofond-of-russia,Russia,Europe,RU-GOSFILMOFOND,National film archive,https://gosfilmofond.ru/,True,True,https://gosfilmofond.ru/,https://gosfilmofond.ru/wp-admin/admin-ajax.php#page=184&page_count=100,ok,200,100,0,POST público action=filter_films; página=184; page_count=100; duplicados=0.,
Gosfilmofond of Russia,gosfilmofond-of-russia,Russia,Europe,RU-GOSFILMOFOND,National film archive,https://gosfilmofond.ru/,True,True,https://gosfilmofond.ru/,https://gosfilmofond.ru/wp-admin/admin-ajax.php#page=185&page_count=100,ok,200,100,0,POST público action=filter_films; página=185; page_count=100; duplicados=0.,
Gosfilmofond of Russia,gosfilmofond-of-russia,Russia,Europe,RU-GOSFILMOFOND,National film archive,https://gosfilmofond.ru/,True,True,https://gosfilmofond.ru/,https://gosfilmofond.ru/wp-admin/admin-ajax.php#page=186&page_count=100,ok,200,100,0,POST público action=filter_films; página=186; page_count=100; duplicados=0.,
Gosfilmofond of Russia,gosfilmofond-of-russia,Russia,Europe,RU-GOSFILMOFOND,National film archive,https://gosfilmofond.ru/,True,True,https://gosfilmofond.ru/,https://gosfilmofond.ru/wp-admin/admin-ajax.php#page=187&page_count=100,ok,200,100,0,POST público action=filter_films; página=187; page_count=100; duplicados=0.,
Gosfilmofond of Russia,gosfilmofond-of-russia,Russia,Europe,RU-GOSFILMOFOND,National film archive,https://gosfilmofond.ru/,True,True,https://gosfilmofond.ru/,https://gosfilmofond.ru/wp-admin/admin-ajax.php#page=188&page_count=100,ok,200,100,0,POST público action=filter_films; página=188; page_count=100; duplicados=0.,
Gosfilmofond of Russia,gosfilmofond-of-russia,Russia,Europe,RU-GOSFILMOFOND,National film archive,https://gosfilmofond.ru/,True,True,https://gosfilmofond.ru/,https://gosfilmofond.ru/wp-admin/admin-ajax.php#page=189&page_count=100,ok,200,100,0,POST público action=filter_films; página=189; page_count=100; duplicados=0.,
Gosfilmofond of Russia,gosfilmofond-of-russia,Russia,Europe,RU-GOSFILMOFOND,National film archive,https://gosfilmofond.ru/,True,True,https://gosfilmofond.ru/,https://gosfilmofond.ru/wp-admin/admin-ajax.php#page=190&page_count=100,ok,200,100,0,POST público action=filter_films; página=190; page_count=100; duplicados=0.,
Gosfilmofond of Russia,gosfilmofond-of-russia,Russia,Europe,RU-GOSFILMOFOND,National film archive,https://gosfilmofond.ru/,True,True,https://gosfilmofond.ru/,https://gosfilmofond.ru/wp-admin/admin-ajax.php#page=191&page_count=100,ok,200,100,0,POST público action=filter_films; página=191; page_count=100; duplicados=0.,
Gosfilmofond of Russia,gosfilmofond-of-russia,Russia,Europe,RU-GOSFILMOFOND,National film archive,https://gosfilmofond.ru/,True,True,https://gosfilmofond.ru/,https://gosfilmofond.ru/wp-admin/admin-ajax.php#page=192&page_count=100,ok,200,100,0,POST público action=filter_films; página=192; page_count=100; duplicados=0.,
Gosfilmofond of Russia,gosfilmofond-of-russia,Russia,Europe,RU-GOSFILMOFOND,National film archive,https://gosfilmofond.ru/,True,True,https://gosfilmofond.ru/,https://gosfilmofond.ru/wp-admin/admin-ajax.php#page=193&page_count=100,ok,200,100,0,POST público action=filter_films; página=193; page_count=100; duplicados=0.,
Gosfilmofond of Russia,gosfilmofond-of-russia,Russia,Europe,RU-GOSFILMOFOND,National film archive,https://gosfilmofond.ru/,True,True,https://gosfilmofond.ru/,https://gosfilmofond.ru/wp-admin/admin-ajax.php#page=194&page_count=100,ok,200,100,0,POST público action=filter_films; página=194; page_count=100; duplicados=0.,
Gosfilmofond of Russia,gosfilmofond-of-russia,Russia,Europe,RU-GOSFILMOFOND,National film archive,https://gosfilmofond.ru/,True,True,https://gosfilmofond.ru/,https://gosfilmofond.ru/wp-admin/admin-ajax.php#page=195&page_count=100,ok,200,100,0,POST público action=filter_films; página=195; page_count=100; duplicados=0.,
Gosfilmofond of Russia,gosfilmofond-of-russia,Russia,Europe,RU-GOSFILMOFOND,National film archive,https://gosfilmofond.ru/,True,True,https://gosfilmofond.ru/,https://gosfilmofond.ru/wp-admin/admin-ajax.php#page=196&page_count=100,ok,200,100,0,POST público action=filter_films; página=196; page_count=100; duplicados=0.,
Gosfilmofond of Russia,gosfilmofond-of-russia,Russia,Europe,RU-GOSFILMOFOND,National film archive,https://gosfilmofond.ru/,True,True,https://gosfilmofond.ru/,https://gosfilmofond.ru/wp-admin/admin-ajax.php#page=197&page_count=100,ok,200,100,0,POST público action=filter_films; página=197; page_count=100; duplicados=0.,
Gosfilmofond of Russia,gosfilmofond-of-russia,Russia,Europe,RU-GOSFILMOFOND,National film archive,https://gosfilmofond.ru/,True,True,https://gosfilmofond.ru/,https://gosfilmofond.ru/wp-admin/admin-ajax.php#page=198&page_count=100,ok,200,100,0,POST público action=filter_films; página=198; page_count=100; duplicados=0.,
Gosfilmofond of Russia,gosfilmofond-of-russia,Russia,Europe,RU-GOSFILMOFOND,National film archive,https://gosfilmofond.ru/,True,True,https://gosfilmofond.ru/,https://gosfilmofond.ru/wp-admin/admin-ajax.php#page=199&page_count=100,ok,200,100,0,POST público action=filter_films; página=199; page_count=100; duplicados=0.,
Gosfilmofond of Russia,gosfilmofond-of-russia,Russia,Europe,RU-GOSFILMOFOND,National film archive,https://gosfilmofond.ru/,True,True,https://gosfilmofond.ru/,https://gosfilmofond.ru/wp-admin/admin-ajax.php#page=200&page_count=100,ok,200,100,0,POST público action=filter_films; página=200; page_count=100; duplicados=0.,
Gosfilmofond of Russia,gosfilmofond-of-russia,Russia,Europe,RU-GOSFILMOFOND,National film archive,https://gosfilmofond.ru/,True,True,https://gosfilmofond.ru/,https://gosfilmofond.ru/wp-admin/admin-ajax.php#page=201&page_count=100,ok,200,100,0,POST público action=filter_films; página=201; page_count=100; duplicados=0.,
Gosfilmofond of Russia,gosfilmofond-of-russia,Russia,Europe,RU-GOSFILMOFOND,National film archive,https://gosfilmofond.ru/,True,True,https://gosfilmofond.ru/,https://gosfilmofond.ru/wp-admin/admin-ajax.php#page=202&page_count=100,ok,200,100,0,POST público action=filter_films; página=202; page_count=100; duplicados=0.,
Gosfilmofond of Russia,gosfilmofond-of-russia,Russia,Europe,RU-GOSFILMOFOND,National film archive,https://gosfilmofond.ru/,True,True,https://gosfilmofond.ru/,https://gosfilmofond.ru/wp-admin/admin-ajax.php#page=203&page_count=100,ok,200,100,0,POST público action=filter_films; página=203; page_count=100; duplicados=0.,
Gosfilmofond of Russia,gosfilmofond-of-russia,Russia,Europe,RU-GOSFILMOFOND,National film archive,https://gosfilmofond.ru/,True,True,https://gosfilmofond.ru/,https://gosfilmofond.ru/wp-admin/admin-ajax.php#page=204&page_count=100,ok,200,100,0,POST público action=filter_films; página=204; page_count=100; duplicados=0.,
Gosfilmofond of Russia,gosfilmofond-of-russia,Russia,Europe,RU-GOSFILMOFOND,National film archive,https://gosfilmofond.ru/,True,True,https://gosfilmofond.ru/,https://gosfilmofond.ru/wp-admin/admin-ajax.php#page=205&page_count=100,ok,200,100,0,POST público action=filter_films; página=205; page_count=100; duplicados=0.,
Gosfilmofond of Russia,gosfilmofond-of-russia,Russia,Europe,RU-GOSFILMOFOND,National film archive,https://gosfilmofond.ru/,True,True,https://gosfilmofond.ru/,https://gosfilmofond.ru/wp-admin/admin-ajax.php#page=206&page_count=100,ok,200,100,0,POST público action=filter_films; página=206; page_count=100; duplicados=0.,
Gosfilmofond of Russia,gosfilmofond-of-russia,Russia,Europe,RU-GOSFILMOFOND,National film archive,https://gosfilmofond.ru/,True,True,https://gosfilmofond.ru/,https://gosfilmofond.ru/wp-admin/admin-ajax.php#page=207&page_count=100,ok,200,100,0,POST público action=filter_films; página=207; page_count=100; duplicados=0.,
Gosfilmofond of Russia,gosfilmofond-of-russia,Russia,Europe,RU-GOSFILMOFOND,National film archive,https://gosfilmofond.ru/,True,True,https://gosfilmofond.ru/,https://gosfilmofond.ru/wp-admin/admin-ajax.php#page=208&page_count=100,ok,200,100,0,POST público action=filter_films; página=208; page_count=100; duplicados=0.,
Gosfilmofond of Russia,gosfilmofond-of-russia,Russia,Europe,RU-GOSFILMOFOND,National film archive,https://gosfilmofond.ru/,True,True,https://gosfilmofond.ru/,https://gosfilmofond.ru/wp-admin/admin-ajax.php#page=209&page_count=100,ok,200,100,0,POST público action=filter_films; página=209; page_count=100; duplicados=0.,
Gosfilmofond of Russia,gosfilmofond-of-russia,Russia,Europe,RU-GOSFILMOFOND,National film archive,https://gosfilmofond.ru/,True,True,https://gosfilmofond.ru/,https://gosfilmofond.ru/wp-admin/admin-ajax.php#page=210&page_count=100,ok,200,100,0,POST público action=filter_films; página=210; page_count=100; duplicados=0.,
Gosfilmofond of Russia,gosfilmofond-of-russia,Russia,Europe,RU-GOSFILMOFOND,National film archive,https://gosfilmofond.ru/,True,True,https://gosfilmofond.ru/,https://gosfilmofond.ru/wp-admin/admin-ajax.php#page=211&page_count=100,ok,200,100,0,POST público action=filter_films; página=211; page_count=100; duplicados=0.,
Gosfilmofond of Russia,gosfilmofond-of-russia,Russia,Europe,RU-GOSFILMOFOND,National film archive,https://gosfilmofond.ru/,True,True,https://gosfilmofond.ru/,https://gosfilmofond.ru/wp-admin/admin-ajax.php#page=212&page_count=100,ok,200,100,0,POST público action=filter_films; página=212; page_count=100; duplicados=0.,
Gosfilmofond of Russia,gosfilmofond-of-russia,Russia,Europe,RU-GOSFILMOFOND,National film archive,https://gosfilmofond.ru/,True,True,https://gosfilmofond.ru/,https://gosfilmofond.ru/wp-admin/admin-ajax.php#page=213&page_count=100,ok,200,100,0,POST público action=filter_films; página=213; page_count=100; duplicados=0.,
Gosfilmofond of Russia,gosfilmofond-of-russia,Russia,Europe,RU-GOSFILMOFOND,National film archive,https://gosfilmofond.ru/,True,True,https://gosfilmofond.ru/,https://gosfilmofond.ru/wp-admin/admin-ajax.php#page=214&page_count=100,ok,200,100,0,POST público action=filter_films; página=214; page_count=100; duplicados=0.,
Gosfilmofond of Russia,gosfilmofond-of-russia,Russia,Europe,RU-GOSFILMOFOND,National film archive,https://gosfilmofond.ru/,True,True,https://gosfilmofond.ru/,https://gosfilmofond.ru/wp-admin/admin-ajax.php#page=215&page_count=100,ok,200,100,0,POST público action=filter_films; página=215; page_count=100; duplicados=0.,
Gosfilmofond of Russia,gosfilmofond-of-russia,Russia,Europe,RU-GOSFILMOFOND,National film archive,https://gosfilmofond.ru/,True,True,https://gosfilmofond.ru/,https://gosfilmofond.ru/wp-admin/admin-ajax.php#page=216&page_count=100,ok,200,100,0,POST público action=filter_films; página=216; page_count=100; duplicados=0.,
Gosfilmofond of Russia,gosfilmofond-of-russia,Russia,Europe,RU-GOSFILMOFOND,National film archive,https://gosfilmofond.ru/,True,True,https://gosfilmofond.ru/,https://gosfilmofond.ru/wp-admin/admin-ajax.php#page=217&page_count=100,ok,200,100,0,POST público action=filter_films; página=217; page_count=100; duplicados=0.,
Gosfilmofond of Russia,gosfilmofond-of-russia,Russia,Europe,RU-GOSFILMOFOND,National film archive,https://gosfilmofond.ru/,True,True,https://gosfilmofond.ru/,https://gosfilmofond.ru/wp-admin/admin-ajax.php#page=218&page_count=100,ok,200,100,0,POST público action=filter_films; página=218; page_count=100; duplicados=0.,
Gosfilmofond of Russia,gosfilmofond-of-russia,Russia,Europe,RU-GOSFILMOFOND,National film archive,https://gosfilmofond.ru/,True,True,https://gosfilmofond.ru/,https://gosfilmofond.ru/wp-admin/admin-ajax.php#page=219&page_count=100,ok,200,100,0,POST público action=filter_films; página=219; page_count=100; duplicados=0.,
Gosfilmofond of Russia,gosfilmofond-of-russia,Russia,Europe,RU-GOSFILMOFOND,National film archive,https://gosfilmofond.ru/,True,True,https://gosfilmofond.ru/,https://gosfilmofond.ru/wp-admin/admin-ajax.php#page=220&page_count=100,ok,200,100,0,POST público action=filter_films; página=220; page_count=100; duplicados=0.,
Gosfilmofond of Russia,gosfilmofond-of-russia,Russia,Europe,RU-GOSFILMOFOND,National film archive,https://gosfilmofond.ru/,True,True,https://gosfilmofond.ru/,https://gosfilmofond.ru/wp-admin/admin-ajax.php#page=221&page_count=100,ok,200,100,0,POST público action=filter_films; página=221; page_count=100; duplicados=0.,
Gosfilmofond of Russia,gosfilmofond-of-russia,Russia,Europe,RU-GOSFILMOFOND,National film archive,https://gosfilmofond.ru/,True,True,https://gosfilmofond.ru/,https://gosfilmofond.ru/wp-admin/admin-ajax.php#page=222&page_count=100,ok,200,100,0,POST público action=filter_films; página=222; page_count=100; duplicados=0.,
Gosfilmofond of Russia,gosfilmofond-of-russia,Russia,Europe,RU-GOSFILMOFOND,National film archive,https://gosfilmofond.ru/,True,True,https://gosfilmofond.ru/,https://gosfilmofond.ru/wp-admin/admin-ajax.php#page=223&page_count=100,ok,200,100,0,POST público action=filter_films; página=223; page_count=100; duplicados=0.,
Gosfilmofond of Russia,gosfilmofond-of-russia,Russia,Europe,RU-GOSFILMOFOND,National film archive,https://gosfilmofond.ru/,True,True,https://gosfilmofond.ru/,https://gosfilmofond.ru/wp-admin/admin-ajax.php#page=224&page_count=100,ok,200,100,0,POST público action=filter_films; página=224; page_count=100; duplicados=0.,
Gosfilmofond of Russia,gosfilmofond-of-russia,Russia,Europe,RU-GOSFILMOFOND,National film archive,https://gosfilmofond.ru/,True,True,https://gosfilmofond.ru/,https://gosfilmofond.ru/wp-admin/admin-ajax.php#page=225&page_count=100,ok,200,100,0,POST público action=filter_films; página=225; page_count=100; duplicados=0.,
Gosfilmofond of Russia,gosfilmofond-of-russia,Russia,Europe,RU-GOSFILMOFOND,National film archive,https://gosfilmofond.ru/,True,True,https://gosfilmofond.ru/,https://gosfilmofond.ru/wp-admin/admin-ajax.php#page=226&page_count=100,ok,200,100,0,POST público action=filter_films; página=226; page_count=100; duplicados=0.,
Gosfilmofond of Russia,gosfilmofond-of-russia,Russia,Europe,RU-GOSFILMOFOND,National film archive,https://gosfilmofond.ru/,True,True,https://gosfilmofond.ru/,https://gosfilmofond.ru/wp-admin/admin-ajax.php#page=227&page_count=100,ok,200,100,0,POST público action=filter_films; página=227; page_count=100; duplicados=0.,
Gosfilmofond of Russia,gosfilmofond-of-russia,Russia,Europe,RU-GOSFILMOFOND,National film archive,https://gosfilmofond.ru/,True,True,https://gosfilmofond.ru/,https://gosfilmofond.ru/wp-admin/admin-ajax.php#page=228&page_count=100,ok,200,100,0,POST público action=filter_films; página=228; page_count=100; duplicados=0.,
Gosfilmofond of Russia,gosfilmofond-of-russia,Russia,Europe,RU-GOSFILMOFOND,National film archive,https://gosfilmofond.ru/,True,True,https://gosfilmofond.ru/,https://gosfilmofond.ru/wp-admin/admin-ajax.php#page=229&page_count=100,ok,200,100,0,POST público action=filter_films; página=229; page_count=100; duplicados=0.,
Gosfilmofond of Russia,gosfilmofond-of-russia,Russia,Europe,RU-GOSFILMOFOND,National film archive,https://gosfilmofond.ru/,True,True,https://gosfilmofond.ru/,https://gosfilmofond.ru/wp-admin/admin-ajax.php#page=230&page_count=100,ok,200,100,0,POST público action=filter_films; página=230; page_count=100; duplicados=0.,
Gosfilmofond of Russia,gosfilmofond-of-russia,Russia,Europe,RU-GOSFILMOFOND,National film archive,https://gosfilmofond.ru/,True,True,https://gosfilmofond.ru/,https://gosfilmofond.ru/wp-admin/admin-ajax.php#page=231&page_count=100,ok,200,100,0,POST público action=filter_films; página=231; page_count=100; duplicados=0.,
Gosfilmofond of Russia,gosfilmofond-of-russia,Russia,Europe,RU-GOSFILMOFOND,National film archive,https://gosfilmofond.ru/,True,True,https://gosfilmofond.ru/,https://gosfilmofond.ru/wp-admin/admin-ajax.php#page=232&page_count=100,ok,200,100,0,POST público action=filter_films; página=232; page_count=100; duplicados=0.,
Gosfilmofond of Russia,gosfilmofond-of-russia,Russia,Europe,RU-GOSFILMOFOND,National film archive,https://gosfilmofond.ru/,True,True,https://gosfilmofond.ru/,https://gosfilmofond.ru/wp-admin/admin-ajax.php#page=233&page_count=100,ok,200,100,0,POST público action=filter_films; página=233; page_count=100; duplicados=0.,
Gosfilmofond of Russia,gosfilmofond-of-russia,Russia,Europe,RU-GOSFILMOFOND,National film archive,https://gosfilmofond.ru/,True,True,https://gosfilmofond.ru/,https://gosfilmofond.ru/wp-admin/admin-ajax.php#page=234&page_count=100,ok,200,100,0,POST público action=filter_films; página=234; page_count=100; duplicados=0.,
Gosfilmofond of Russia,gosfilmofond-of-russia,Russia,Europe,RU-GOSFILMOFOND,National film archive,https://gosfilmofond.ru/,True,True,https://gosfilmofond.ru/,https://gosfilmofond.ru/wp-admin/admin-ajax.php#page=235&page_count=100,ok,200,100,0,POST público action=filter_films; página=235; page_count=100; duplicados=0.,
Gosfilmofond of Russia,gosfilmofond-of-russia,Russia,Europe,RU-GOSFILMOFOND,National film archive,https://gosfilmofond.ru/,True,True,https://gosfilmofond.ru/,https://gosfilmofond.ru/wp-admin/admin-ajax.php#page=236&page_count=100,ok,200,100,0,POST público action=filter_films; página=236; page_count=100; duplicados=0.,
Gosfilmofond of Russia,gosfilmofond-of-russia,Russia,Europe,RU-GOSFILMOFOND,National film archive,https://gosfilmofond.ru/,True,True,https://gosfilmofond.ru/,https://gosfilmofond.ru/wp-admin/admin-ajax.php#page=237&page_count=100,ok,200,100,0,POST público action=filter_films; página=237; page_count=100; duplicados=0.,
Gosfilmofond of Russia,gosfilmofond-of-russia,Russia,Europe,RU-GOSFILMOFOND,National film archive,https://gosfilmofond.ru/,True,True,https://gosfilmofond.ru/,https://gosfilmofond.ru/wp-admin/admin-ajax.php#page=238&page_count=100,ok,200,100,0,POST público action=filter_films; página=238; page_count=100; duplicados=0.,
Gosfilmofond of Russia,gosfilmofond-of-russia,Russia,Europe,RU-GOSFILMOFOND,National film archive,https://gosfilmofond.ru/,True,True,https://gosfilmofond.ru/,https://gosfilmofond.ru/wp-admin/admin-ajax.php#page=239&page_count=100,ok,200,100,0,POST público action=filter_films; página=239; page_count=100; duplicados=0.,
Gosfilmofond of Russia,gosfilmofond-of-russia,Russia,Europe,RU-GOSFILMOFOND,National film archive,https://gosfilmofond.ru/,True,True,https://gosfilmofond.ru/,https://gosfilmofond.ru/wp-admin/admin-ajax.php#page=240&page_count=100,ok,200,100,0,POST público action=filter_films; página=240; page_count=100; duplicados=0.,
Gosfilmofond of Russia,gosfilmofond-of-russia,Russia,Europe,RU-GOSFILMOFOND,National film archive,https://gosfilmofond.ru/,True,True,https://gosfilmofond.ru/,https://gosfilmofond.ru/wp-admin/admin-ajax.php#page=241&page_count=100,ok,200,100,0,POST público action=filter_films; página=241; page_count=100; duplicados=0.,
Gosfilmofond of Russia,gosfilmofond-of-russia,Russia,Europe,RU-GOSFILMOFOND,National film archive,https://gosfilmofond.ru/,True,True,https://gosfilmofond.ru/,https://gosfilmofond.ru/wp-admin/admin-ajax.php#page=242&page_count=100,ok,200,100,0,POST público action=filter_films; página=242; page_count=100; duplicados=0.,
Gosfilmofond of Russia,gosfilmofond-of-russia,Russia,Europe,RU-GOSFILMOFOND,National film archive,https://gosfilmofond.ru/,True,True,https://gosfilmofond.ru/,https://gosfilmofond.ru/wp-admin/admin-ajax.php#page=243&page_count=100,ok,200,100,0,POST público action=filter_films; página=243; page_count=100; duplicados=0.,
Gosfilmofond of Russia,gosfilmofond-of-russia,Russia,Europe,RU-GOSFILMOFOND,National film archive,https://gosfilmofond.ru/,True,True,https://gosfilmofond.ru/,https://gosfilmofond.ru/wp-admin/admin-ajax.php#page=244&page_count=100,ok,200,100,0,POST público action=filter_films; página=244; page_count=100; duplicados=0.,
Gosfilmofond of Russia,gosfilmofond-of-russia,Russia,Europe,RU-GOSFILMOFOND,National film archive,https://gosfilmofond.ru/,True,True,https://gosfilmofond.ru/,https://gosfilmofond.ru/wp-admin/admin-ajax.php#page=245&page_count=100,ok,200,100,0,POST público action=filter_films; página=245; page_count=100; duplicados=0.,
Gosfilmofond of Russia,gosfilmofond-of-russia,Russia,Europe,RU-GOSFILMOFOND,National film archive,https://gosfilmofond.ru/,True,True,https://gosfilmofond.ru/,https://gosfilmofond.ru/wp-admin/admin-ajax.php#page=246&page_count=100,ok,200,100,0,POST público action=filter_films; página=246; page_count=100; duplicados=0.,
Gosfilmofond of Russia,gosfilmofond-of-russia,Russia,Europe,RU-GOSFILMOFOND,National film archive,https://gosfilmofond.ru/,True,True,https://gosfilmofond.ru/,https://gosfilmofond.ru/wp-admin/admin-ajax.php#page=247&page_count=100,ok,200,100,0,POST público action=filter_films; página=247; page_count=100; duplicados=0.,
Gosfilmofond of Russia,gosfilmofond-of-russia,Russia,Europe,RU-GOSFILMOFOND,National film archive,https://gosfilmofond.ru/,True,True,https://gosfilmofond.ru/,https://gosfilmofond.ru/wp-admin/admin-ajax.php#page=248&page_count=100,ok,200,100,0,POST público action=filter_films; página=248; page_count=100; duplicados=0.,
Gosfilmofond of Russia,gosfilmofond-of-russia,Russia,Europe,RU-GOSFILMOFOND,National film archive,https://gosfilmofond.ru/,True,True,https://gosfilmofond.ru/,https://gosfilmofond.ru/wp-admin/admin-ajax.php#page=249&page_count=100,ok,200,100,0,POST público action=filter_films; página=249; page_count=100; duplicados=0.,
Gosfilmofond of Russia,gosfilmofond-of-russia,Russia,Europe,RU-GOSFILMOFOND,National film archive,https://gosfilmofond.ru/,True,True,https://gosfilmofond.ru/,https://gosfilmofond.ru/wp-admin/admin-ajax.php#page=250&page_count=100,ok,200,100,0,POST público action=filter_films; página=250; page_count=100; duplicados=0.,
Gosfilmofond of Russia,gosfilmofond-of-russia,Russia,Europe,RU-GOSFILMOFOND,National film archive,https://gosfilmofond.ru/,True,True,https://gosfilmofond.ru/,https://gosfilmofond.ru/wp-admin/admin-ajax.php#page=251&page_count=100,ok,200,100,0,POST público action=filter_films; página=251; page_count=100; duplicados=0.,
Gosfilmofond of Russia,gosfilmofond-of-russia,Russia,Europe,RU-GOSFILMOFOND,National film archive,https://gosfilmofond.ru/,True,True,https://gosfilmofond.ru/,https://gosfilmofond.ru/wp-admin/admin-ajax.php#page=252&page_count=100,ok,200,100,0,POST público action=filter_films; página=252; page_count=100; duplicados=0.,
Gosfilmofond of Russia,gosfilmofond-of-russia,Russia,Europe,RU-GOSFILMOFOND,National film archive,https://gosfilmofond.ru/,True,True,https://gosfilmofond.ru/,https://gosfilmofond.ru/wp-admin/admin-ajax.php#page=253&page_count=100,ok,200,100,0,POST público action=filter_films; página=253; page_count=100; duplicados=0.,
Gosfilmofond of Russia,gosfilmofond-of-russia,Russia,Europe,RU-GOSFILMOFOND,National film archive,https://gosfilmofond.ru/,True,True,https://gosfilmofond.ru/,https://gosfilmofond.ru/wp-admin/admin-ajax.php#page=254&page_count=100,ok,200,100,0,POST público action=filter_films; página=254; page_count=100; duplicados=0.,
Gosfilmofond of Russia,gosfilmofond-of-russia,Russia,Europe,RU-GOSFILMOFOND,National film archive,https://gosfilmofond.ru/,True,True,https://gosfilmofond.ru/,https://gosfilmofond.ru/wp-admin/admin-ajax.php#page=255&page_count=100,ok,200,100,0,POST público action=filter_films; página=255; page_count=100; duplicados=0.,
Gosfilmofond of Russia,gosfilmofond-of-russia,Russia,Europe,RU-GOSFILMOFOND,National film archive,https://gosfilmofond.ru/,True,True,https://gosfilmofond.ru/,https://gosfilmofond.ru/wp-admin/admin-ajax.php#page=256&page_count=100,ok,200,100,0,POST público action=filter_films; página=256; page_count=100; duplicados=0.,
Gosfilmofond of Russia,gosfilmofond-of-russia,Russia,Europe,RU-GOSFILMOFOND,National film archive,https://gosfilmofond.ru/,True,True,https://gosfilmofond.ru/,https://gosfilmofond.ru/wp-admin/admin-ajax.php#page=257&page_count=100,ok,200,100,0,POST público action=filter_films; página=257; page_count=100; duplicados=0.,
Gosfilmofond of Russia,gosfilmofond-of-russia,Russia,Europe,RU-GOSFILMOFOND,National film archive,https://gosfilmofond.ru/,True,True,https://gosfilmofond.ru/,https://gosfilmofond.ru/wp-admin/admin-ajax.php#page=258&page_count=100,ok,200,100,0,POST público action=filter_films; página=258; page_count=100; duplicados=0.,
Gosfilmofond of Russia,gosfilmofond-of-russia,Russia,Europe,RU-GOSFILMOFOND,National film archive,https://gosfilmofond.ru/,True,True,https://gosfilmofond.ru/,https://gosfilmofond.ru/wp-admin/admin-ajax.php#page=259&page_count=100,ok,200,100,0,POST público action=filter_films; página=259; page_count=100; duplicados=0.,
Gosfilmofond of Russia,gosfilmofond-of-russia,Russia,Europe,RU-GOSFILMOFOND,National film archive,https://gosfilmofond.ru/,True,True,https://gosfilmofond.ru/,https://gosfilmofond.ru/wp-admin/admin-ajax.php#page=260&page_count=100,ok,200,100,0,POST público action=filter_films; página=260; page_count=100; duplicados=0.,
Gosfilmofond of Russia,gosfilmofond-of-russia,Russia,Europe,RU-GOSFILMOFOND,National film archive,https://gosfilmofond.ru/,True,True,https://gosfilmofond.ru/,https://gosfilmofond.ru/wp-admin/admin-ajax.php#page=261&page_count=100,ok,200,100,0,POST público action=filter_films; página=261; page_count=100; duplicados=0.,
Gosfilmofond of Russia,gosfilmofond-of-russia,Russia,Europe,RU-GOSFILMOFOND,National film archive,https://gosfilmofond.ru/,True,True,https://gosfilmofond.ru/,https://gosfilmofond.ru/wp-admin/admin-ajax.php#page=262&page_count=100,ok,200,100,0,POST público action=filter_films; página=262; page_count=100; duplicados=0.,
Gosfilmofond of Russia,gosfilmofond-of-russia,Russia,Europe,RU-GOSFILMOFOND,National film archive,https://gosfilmofond.ru/,True,True,https://gosfilmofond.ru/,https://gosfilmofond.ru/wp-admin/admin-ajax.php#page=263&page_count=100,ok,200,100,0,POST público action=filter_films; página=263; page_count=100; duplicados=0.,
Gosfilmofond of Russia,gosfilmofond-of-russia,Russia,Europe,RU-GOSFILMOFOND,National film archive,https://gosfilmofond.ru/,True,True,https://gosfilmofond.ru/,https://gosfilmofond.ru/wp-admin/admin-ajax.php#page=264&page_count=100,ok,200,100,0,POST público action=filter_films; página=264; page_count=100; duplicados=0.,
Gosfilmofond of Russia,gosfilmofond-of-russia,Russia,Europe,RU-GOSFILMOFOND,National film archive,https://gosfilmofond.ru/,True,True,https://gosfilmofond.ru/,https://gosfilmofond.ru/wp-admin/admin-ajax.php#page=265&page_count=100,ok,200,100,0,POST público action=filter_films; página=265; page_count=100; duplicados=0.,
Gosfilmofond of Russia,gosfilmofond-of-russia,Russia,Europe,RU-GOSFILMOFOND,National film archive,https://gosfilmofond.ru/,True,True,https://gosfilmofond.ru/,https://gosfilmofond.ru/wp-admin/admin-ajax.php#page=266&page_count=100,ok,200,100,0,POST público action=filter_films; página=266; page_count=100; duplicados=0.,
Gosfilmofond of Russia,gosfilmofond-of-russia,Russia,Europe,RU-GOSFILMOFOND,National film archive,https://gosfilmofond.ru/,True,True,https://gosfilmofond.ru/,https://gosfilmofond.ru/wp-admin/admin-ajax.php#page=267&page_count=100,ok,200,100,0,POST público action=filter_films; página=267; page_count=100; duplicados=0.,
Gosfilmofond of Russia,gosfilmofond-of-russia,Russia,Europe,RU-GOSFILMOFOND,National film archive,https://gosfilmofond.ru/,True,True,https://gosfilmofond.ru/,https://gosfilmofond.ru/wp-admin/admin-ajax.php#page=268&page_count=100,ok,200,100,0,POST público action=filter_films; página=268; page_count=100; duplicados=0.,
Gosfilmofond of Russia,gosfilmofond-of-russia,Russia,Europe,RU-GOSFILMOFOND,National film archive,https://gosfilmofond.ru/,True,True,https://gosfilmofond.ru/,https://gosfilmofond.ru/wp-admin/admin-ajax.php#page=269&page_count=100,ok,200,100,0,POST público action=filter_films; página=269; page_count=100; duplicados=0.,
Gosfilmofond of Russia,gosfilmofond-of-russia,Russia,Europe,RU-GOSFILMOFOND,National film archive,https://gosfilmofond.ru/,True,True,https://gosfilmofond.ru/,https://gosfilmofond.ru/wp-admin/admin-ajax.php#page=270&page_count=100,ok,200,100,0,POST público action=filter_films; página=270; page_count=100; duplicados=0.,
Gosfilmofond of Russia,gosfilmofond-of-russia,Russia,Europe,RU-GOSFILMOFOND,National film archive,https://gosfilmofond.ru/,True,True,https://gosfilmofond.ru/,https://gosfilmofond.ru/wp-admin/admin-ajax.php#page=271&page_count=100,ok,200,100,0,POST público action=filter_films; página=271; page_count=100; duplicados=0.,
Gosfilmofond of Russia,gosfilmofond-of-russia,Russia,Europe,RU-GOSFILMOFOND,National film archive,https://gosfilmofond.ru/,True,True,https://gosfilmofond.ru/,https://gosfilmofond.ru/wp-admin/admin-ajax.php#page=272&page_count=100,ok,200,100,0,POST público action=filter_films; página=272; page_count=100; duplicados=0.,
Gosfilmofond of Russia,gosfilmofond-of-russia,Russia,Europe,RU-GOSFILMOFOND,National film archive,https://gosfilmofond.ru/,True,True,https://gosfilmofond.ru/,https://gosfilmofond.ru/wp-admin/admin-ajax.php#page=273&page_count=100,ok,200,100,0,POST público action=filter_films; página=273; page_count=100; duplicados=0.,
Gosfilmofond of Russia,gosfilmofond-of-russia,Russia,Europe,RU-GOSFILMOFOND,National film archive,https://gosfilmofond.ru/,True,True,https://gosfilmofond.ru/,https://gosfilmofond.ru/wp-admin/admin-ajax.php#page=274&page_count=100,ok,200,100,0,POST público action=filter_films; página=274; page_count=100; duplicados=0.,
Gosfilmofond of Russia,gosfilmofond-of-russia,Russia,Europe,RU-GOSFILMOFOND,National film archive,https://gosfilmofond.ru/,True,True,https://gosfilmofond.ru/,https://gosfilmofond.ru/wp-admin/admin-ajax.php#page=275&page_count=100,ok,200,100,0,POST público action=filter_films; página=275; page_count=100; duplicados=0.,
Gosfilmofond of Russia,gosfilmofond-of-russia,Russia,Europe,RU-GOSFILMOFOND,National film archive,https://gosfilmofond.ru/,True,True,https://gosfilmofond.ru/,https://gosfilmofond.ru/wp-admin/admin-ajax.php#page=276&page_count=100,ok,200,100,0,POST público action=filter_films; página=276; page_count=100; duplicados=0.,
Gosfilmofond of Russia,gosfilmofond-of-russia,Russia,Europe,RU-GOSFILMOFOND,National film archive,https://gosfilmofond.ru/,True,True,https://gosfilmofond.ru/,https://gosfilmofond.ru/wp-admin/admin-ajax.php#page=277&page_count=100,ok,200,100,0,POST público action=filter_films; página=277; page_count=100; duplicados=0.,
Gosfilmofond of Russia,gosfilmofond-of-russia,Russia,Europe,RU-GOSFILMOFOND,National film archive,https://gosfilmofond.ru/,True,True,https://gosfilmofond.ru/,https://gosfilmofond.ru/wp-admin/admin-ajax.php#page=278&page_count=100,ok,200,100,0,POST público action=filter_films; página=278; page_count=100; duplicados=0.,
Gosfilmofond of Russia,gosfilmofond-of-russia,Russia,Europe,RU-GOSFILMOFOND,National film archive,https://gosfilmofond.ru/,True,True,https://gosfilmofond.ru/,https://gosfilmofond.ru/wp-admin/admin-ajax.php#page=279&page_count=100,ok,200,100,0,POST público action=filter_films; página=279; page_count=100; duplicados=0.,
Gosfilmofond of Russia,gosfilmofond-of-russia,Russia,Europe,RU-GOSFILMOFOND,National film archive,https://gosfilmofond.ru/,True,True,https://gosfilmofond.ru/,https://gosfilmofond.ru/wp-admin/admin-ajax.php#page=280&page_count=100,ok,200,100,0,POST público action=filter_films; página=280; page_count=100; duplicados=0.,
Gosfilmofond of Russia,gosfilmofond-of-russia,Russia,Europe,RU-GOSFILMOFOND,National film archive,https://gosfilmofond.ru/,True,True,https://gosfilmofond.ru/,https://gosfilmofond.ru/wp-admin/admin-ajax.php#page=281&page_count=100,ok,200,100,0,POST público action=filter_films; página=281; page_count=100; duplicados=0.,
Gosfilmofond of Russia,gosfilmofond-of-russia,Russia,Europe,RU-GOSFILMOFOND,National film archive,https://gosfilmofond.ru/,True,True,https://gosfilmofond.ru/,https://gosfilmofond.ru/wp-admin/admin-ajax.php#page=282&page_count=100,ok,200,100,0,POST público action=filter_films; página=282; page_count=100; duplicados=0.,
Gosfilmofond of Russia,gosfilmofond-of-russia,Russia,Europe,RU-GOSFILMOFOND,National film archive,https://gosfilmofond.ru/,True,True,https://gosfilmofond.ru/,https://gosfilmofond.ru/wp-admin/admin-ajax.php#page=283&page_count=100,ok,200,100,0,POST público action=filter_films; página=283; page_count=100; duplicados=0.,
Gosfilmofond of Russia,gosfilmofond-of-russia,Russia,Europe,RU-GOSFILMOFOND,National film archive,https://gosfilmofond.ru/,True,True,https://gosfilmofond.ru/,https://gosfilmofond.ru/wp-admin/admin-ajax.php#page=284&page_count=100,ok,200,100,0,POST público action=filter_films; página=284; page_count=100; duplicados=0.,
Gosfilmofond of Russia,gosfilmofond-of-russia,Russia,Europe,RU-GOSFILMOFOND,National film archive,https://gosfilmofond.ru/,True,True,https://gosfilmofond.ru/,https://gosfilmofond.ru/wp-admin/admin-ajax.php#page=285&page_count=100,ok,200,100,0,POST público action=filter_films; página=285; page_count=100; duplicados=0.,
Gosfilmofond of Russia,gosfilmofond-of-russia,Russia,Europe,RU-GOSFILMOFOND,National film archive,https://gosfilmofond.ru/,True,True,https://gosfilmofond.ru/,https://gosfilmofond.ru/wp-admin/admin-ajax.php#page=286&page_count=100,ok,200,100,0,POST público action=filter_films; página=286; page_count=100; duplicados=0.,
Gosfilmofond of Russia,gosfilmofond-of-russia,Russia,Europe,RU-GOSFILMOFOND,National film archive,https://gosfilmofond.ru/,True,True,https://gosfilmofond.ru/,https://gosfilmofond.ru/wp-admin/admin-ajax.php#page=287&page_count=100,ok,200,100,0,POST público action=filter_films; página=287; page_count=100; duplicados=0.,
Gosfilmofond of Russia,gosfilmofond-of-russia,Russia,Europe,RU-GOSFILMOFOND,National film archive,https://gosfilmofond.ru/,True,True,https://gosfilmofond.ru/,https://gosfilmofond.ru/wp-admin/admin-ajax.php#page=288&page_count=100,ok,200,100,0,POST público action=filter_films; página=288; page_count=100; duplicados=0.,
Gosfilmofond of Russia,gosfilmofond-of-russia,Russia,Europe,RU-GOSFILMOFOND,National film archive,https://gosfilmofond.ru/,True,True,https://gosfilmofond.ru/,https://gosfilmofond.ru/wp-admin/admin-ajax.php#page=289&page_count=100,ok,200,100,0,POST público action=filter_films; página=289; page_count=100; duplicados=0.,
Gosfilmofond of Russia,gosfilmofond-of-russia,Russia,Europe,RU-GOSFILMOFOND,National film archive,https://gosfilmofond.ru/,True,True,https://gosfilmofond.ru/,https://gosfilmofond.ru/wp-admin/admin-ajax.php#page=290&page_count=100,ok,200,100,0,POST público action=filter_films; página=290; page_count=100; duplicados=0.,
Gosfilmofond of Russia,gosfilmofond-of-russia,Russia,Europe,RU-GOSFILMOFOND,National film archive,https://gosfilmofond.ru/,True,True,https://gosfilmofond.ru/,https://gosfilmofond.ru/wp-admin/admin-ajax.php#page=291&page_count=100,ok,200,100,0,POST público action=filter_films; página=291; page_count=100; duplicados=0.,
Gosfilmofond of Russia,gosfilmofond-of-russia,Russia,Europe,RU-GOSFILMOFOND,National film archive,https://gosfilmofond.ru/,True,True,https://gosfilmofond.ru/,https://gosfilmofond.ru/wp-admin/admin-ajax.php#page=292&page_count=100,ok,200,100,0,POST público action=filter_films; página=292; page_count=100; duplicados=0.,
Gosfilmofond of Russia,gosfilmofond-of-russia,Russia,Europe,RU-GOSFILMOFOND,National film archive,https://gosfilmofond.ru/,True,True,https://gosfilmofond.ru/,https://gosfilmofond.ru/wp-admin/admin-ajax.php#page=293&page_count=100,ok,200,100,0,POST público action=filter_films; página=293; page_count=100; duplicados=0.,
Gosfilmofond of Russia,gosfilmofond-of-russia,Russia,Europe,RU-GOSFILMOFOND,National film archive,https://gosfilmofond.ru/,True,True,https://gosfilmofond.ru/,https://gosfilmofond.ru/wp-admin/admin-ajax.php#page=294&page_count=100,ok,200,100,0,POST público action=filter_films; página=294; page_count=100; duplicados=0.,
Gosfilmofond of Russia,gosfilmofond-of-russia,Russia,Europe,RU-GOSFILMOFOND,National film archive,https://gosfilmofond.ru/,True,True,https://gosfilmofond.ru/,https://gosfilmofond.ru/wp-admin/admin-ajax.php#page=295&page_count=100,ok,200,100,0,POST público action=filter_films; página=295; page_count=100; duplicados=0.,
Gosfilmofond of Russia,gosfilmofond-of-russia,Russia,Europe,RU-GOSFILMOFOND,National film archive,https://gosfilmofond.ru/,True,True,https://gosfilmofond.ru/,https://gosfilmofond.ru/wp-admin/admin-ajax.php#page=296&page_count=100,ok,200,100,0,POST público action=filter_films; página=296; page_count=100; duplicados=0.,
Gosfilmofond of Russia,gosfilmofond-of-russia,Russia,Europe,RU-GOSFILMOFOND,National film archive,https://gosfilmofond.ru/,True,True,https://gosfilmofond.ru/,https://gosfilmofond.ru/wp-admin/admin-ajax.php#page=297&page_count=100,ok,200,100,0,POST público action=filter_films; página=297; page_count=100; duplicados=0.,
Gosfilmofond of Russia,gosfilmofond-of-russia,Russia,Europe,RU-GOSFILMOFOND,National film archive,https://gosfilmofond.ru/,True,True,https://gosfilmofond.ru/,https://gosfilmofond.ru/wp-admin/admin-ajax.php#page=298&page_count=100,ok,200,100,0,POST público action=filter_films; página=298; page_count=100; duplicados=0.,
Gosfilmofond of Russia,gosfilmofond-of-russia,Russia,Europe,RU-GOSFILMOFOND,National film archive,https://gosfilmofond.ru/,True,True,https://gosfilmofond.ru/,https://gosfilmofond.ru/wp-admin/admin-ajax.php#page=299&page_count=100,ok,200,100,0,POST público action=filter_films; página=299; page_count=100; duplicados=0.,
Gosfilmofond of Russia,gosfilmofond-of-russia,Russia,Europe,RU-GOSFILMOFOND,National film archive,https://gosfilmofond.ru/,True,True,https://gosfilmofond.ru/,https://gosfilmofond.ru/wp-admin/admin-ajax.php#page=300&page_count=100,ok,200,100,0,POST público action=filter_films; página=300; page_count=100; duplicados=0.,
Gosfilmofond of Russia,gosfilmofond-of-russia,Russia,Europe,RU-GOSFILMOFOND,National film archive,https://gosfilmofond.ru/,True,True,https://gosfilmofond.ru/,https://gosfilmofond.ru/wp-admin/admin-ajax.php#page=301&page_count=100,ok,200,100,0,POST público action=filter_films; página=301; page_count=100; duplicados=0.,
Gosfilmofond of Russia,gosfilmofond-of-russia,Russia,Europe,RU-GOSFILMOFOND,National film archive,https://gosfilmofond.ru/,True,True,https://gosfilmofond.ru/,https://gosfilmofond.ru/wp-admin/admin-ajax.php#page=302&page_count=100,ok,200,100,0,POST público action=filter_films; página=302; page_count=100; duplicados=0.,
Gosfilmofond of Russia,gosfilmofond-of-russia,Russia,Europe,RU-GOSFILMOFOND,National film archive,https://gosfilmofond.ru/,True,True,https://gosfilmofond.ru/,https://gosfilmofond.ru/wp-admin/admin-ajax.php#page=303&page_count=100,ok,200,100,0,POST público action=filter_films; página=303; page_count=100; duplicados=0.,
Gosfilmofond of Russia,gosfilmofond-of-russia,Russia,Europe,RU-GOSFILMOFOND,National film archive,https://gosfilmofond.ru/,True,True,https://gosfilmofond.ru/,https://gosfilmofond.ru/wp-admin/admin-ajax.php#page=304&page_count=100,ok,200,100,0,POST público action=filter_films; página=304; page_count=100; duplicados=0.,
Gosfilmofond of Russia,gosfilmofond-of-russia,Russia,Europe,RU-GOSFILMOFOND,National film archive,https://gosfilmofond.ru/,True,True,https://gosfilmofond.ru/,https://gosfilmofond.ru/wp-admin/admin-ajax.php#page=305&page_count=100,ok,200,100,0,POST público action=filter_films; página=305; page_count=100; duplicados=0.,
Gosfilmofond of Russia,gosfilmofond-of-russia,Russia,Europe,RU-GOSFILMOFOND,National film archive,https://gosfilmofond.ru/,True,True,https://gosfilmofond.ru/,https://gosfilmofond.ru/wp-admin/admin-ajax.php#page=306&page_count=100,ok,200,100,0,POST público action=filter_films; página=306; page_count=100; duplicados=0.,
Gosfilmofond of Russia,gosfilmofond-of-russia,Russia,Europe,RU-GOSFILMOFOND,National film archive,https://gosfilmofond.ru/,True,True,https://gosfilmofond.ru/,https://gosfilmofond.ru/wp-admin/admin-ajax.php#page=307&page_count=100,ok,200,100,0,POST público action=filter_films; página=307; page_count=100; duplicados=0.,
Gosfilmofond of Russia,gosfilmofond-of-russia,Russia,Europe,RU-GOSFILMOFOND,National film archive,https://gosfilmofond.ru/,True,True,https://gosfilmofond.ru/,https://gosfilmofond.ru/wp-admin/admin-ajax.php#page=308&page_count=100,ok,200,100,0,POST público action=filter_films; página=308; page_count=100; duplicados=0.,
Gosfilmofond of Russia,gosfilmofond-of-russia,Russia,Europe,RU-GOSFILMOFOND,National film archive,https://gosfilmofond.ru/,True,True,https://gosfilmofond.ru/,https://gosfilmofond.ru/wp-admin/admin-ajax.php#page=309&page_count=100,ok,200,100,0,POST público action=filter_films; página=309; page_count=100; duplicados=0.,
Gosfilmofond of Russia,gosfilmofond-of-russia,Russia,Europe,RU-GOSFILMOFOND,National film archive,https://gosfilmofond.ru/,True,True,https://gosfilmofond.ru/,https://gosfilmofond.ru/wp-admin/admin-ajax.php#page=310&page_count=100,ok,200,100,0,POST público action=filter_films; página=310; page_count=100; duplicados=0.,
Gosfilmofond of Russia,gosfilmofond-of-russia,Russia,Europe,RU-GOSFILMOFOND,National film archive,https://gosfilmofond.ru/,True,True,https://gosfilmofond.ru/,https://gosfilmofond.ru/wp-admin/admin-ajax.php#page=311&page_count=100,ok,200,100,0,POST público action=filter_films; página=311; page_count=100; duplicados=0.,
Gosfilmofond of Russia,gosfilmofond-of-russia,Russia,Europe,RU-GOSFILMOFOND,National film archive,https://gosfilmofond.ru/,True,True,https://gosfilmofond.ru/,https://gosfilmofond.ru/wp-admin/admin-ajax.php#page=312&page_count=100,ok,200,100,0,POST público action=filter_films; página=312; page_count=100; duplicados=0.,
Gosfilmofond of Russia,gosfilmofond-of-russia,Russia,Europe,RU-GOSFILMOFOND,National film archive,https://gosfilmofond.ru/,True,True,https://gosfilmofond.ru/,https://gosfilmofond.ru/wp-admin/admin-ajax.php#page=313&page_count=100,ok,200,100,0,POST público action=filter_films; página=313; page_count=100; duplicados=0.,
Gosfilmofond of Russia,gosfilmofond-of-russia,Russia,Europe,RU-GOSFILMOFOND,National film archive,https://gosfilmofond.ru/,True,True,https://gosfilmofond.ru/,https://gosfilmofond.ru/wp-admin/admin-ajax.php#page=314&page_count=100,ok,200,100,0,POST público action=filter_films; página=314; page_count=100; duplicados=0.,
Gosfilmofond of Russia,gosfilmofond-of-russia,Russia,Europe,RU-GOSFILMOFOND,National film archive,https://gosfilmofond.ru/,True,True,https://gosfilmofond.ru/,https://gosfilmofond.ru/wp-admin/admin-ajax.php#page=315&page_count=100,ok,200,100,0,POST público action=filter_films; página=315; page_count=100; duplicados=0.,
Gosfilmofond of Russia,gosfilmofond-of-russia,Russia,Europe,RU-GOSFILMOFOND,National film archive,https://gosfilmofond.ru/,True,True,https://gosfilmofond.ru/,https://gosfilmofond.ru/wp-admin/admin-ajax.php#page=316&page_count=100,ok,200,100,0,POST público action=filter_films; página=316; page_count=100; duplicados=0.,
Gosfilmofond of Russia,gosfilmofond-of-russia,Russia,Europe,RU-GOSFILMOFOND,National film archive,https://gosfilmofond.ru/,True,True,https://gosfilmofond.ru/,https://gosfilmofond.ru/wp-admin/admin-ajax.php#page=317&page_count=100,ok,200,100,0,POST público action=filter_films; página=317; page_count=100; duplicados=0.,
Gosfilmofond of Russia,gosfilmofond-of-russia,Russia,Europe,RU-GOSFILMOFOND,National film archive,https://gosfilmofond.ru/,True,True,https://gosfilmofond.ru/,https://gosfilmofond.ru/wp-admin/admin-ajax.php#page=318&page_count=100,ok,200,100,0,POST público action=filter_films; página=318; page_count=100; duplicados=0.,
Gosfilmofond of Russia,gosfilmofond-of-russia,Russia,Europe,RU-GOSFILMOFOND,National film archive,https://gosfilmofond.ru/,True,True,https://gosfilmofond.ru/,https://gosfilmofond.ru/wp-admin/admin-ajax.php#page=319&page_count=100,ok,200,100,0,POST público action=filter_films; página=319; page_count=100; duplicados=0.,
Gosfilmofond of Russia,gosfilmofond-of-russia,Russia,Europe,RU-GOSFILMOFOND,National film archive,https://gosfilmofond.ru/,True,True,https://gosfilmofond.ru/,https://gosfilmofond.ru/wp-admin/admin-ajax.php#page=320&page_count=100,ok,200,100,0,POST público action=filter_films; página=320; page_count=100; duplicados=0.,
Gosfilmofond of Russia,gosfilmofond-of-russia,Russia,Europe,RU-GOSFILMOFOND,National film archive,https://gosfilmofond.ru/,True,True,https://gosfilmofond.ru/,https://gosfilmofond.ru/wp-admin/admin-ajax.php#page=321&page_count=100,ok,200,100,0,POST público action=filter_films; página=321; page_count=100; duplicados=0.,
Gosfilmofond of Russia,gosfilmofond-of-russia,Russia,Europe,RU-GOSFILMOFOND,National film archive,https://gosfilmofond.ru/,True,True,https://gosfilmofond.ru/,https://gosfilmofond.ru/wp-admin/admin-ajax.php#page=322&page_count=100,ok,200,100,0,POST público action=filter_films; página=322; page_count=100; duplicados=0.,
Gosfilmofond of Russia,gosfilmofond-of-russia,Russia,Europe,RU-GOSFILMOFOND,National film archive,https://gosfilmofond.ru/,True,True,https://gosfilmofond.ru/,https://gosfilmofond.ru/wp-admin/admin-ajax.php#page=323&page_count=100,ok,200,100,0,POST público action=filter_films; página=323; page_count=100; duplicados=0.,
Gosfilmofond of Russia,gosfilmofond-of-russia,Russia,Europe,RU-GOSFILMOFOND,National film archive,https://gosfilmofond.ru/,True,True,https://gosfilmofond.ru/,https://gosfilmofond.ru/wp-admin/admin-ajax.php#page=324&page_count=100,ok,200,100,0,POST público action=filter_films; página=324; page_count=100; duplicados=0.,
Gosfilmofond of Russia,gosfilmofond-of-russia,Russia,Europe,RU-GOSFILMOFOND,National film archive,https://gosfilmofond.ru/,True,True,https://gosfilmofond.ru/,https://gosfilmofond.ru/wp-admin/admin-ajax.php#page=325&page_count=100,ok,200,100,0,POST público action=filter_films; página=325; page_count=100; duplicados=0.,
Gosfilmofond of Russia,gosfilmofond-of-russia,Russia,Europe,RU-GOSFILMOFOND,National film archive,https://gosfilmofond.ru/,True,True,https://gosfilmofond.ru/,https://gosfilmofond.ru/wp-admin/admin-ajax.php#page=326&page_count=100,ok,200,100,0,POST público action=filter_films; página=326; page_count=100; duplicados=0.,
Gosfilmofond of Russia,gosfilmofond-of-russia,Russia,Europe,RU-GOSFILMOFOND,National film archive,https://gosfilmofond.ru/,True,True,https://gosfilmofond.ru/,https://gosfilmofond.ru/wp-admin/admin-ajax.php#page=327&page_count=100,ok,200,100,0,POST público action=filter_films; página=327; page_count=100; duplicados=0.,
Gosfilmofond of Russia,gosfilmofond-of-russia,Russia,Europe,RU-GOSFILMOFOND,National film archive,https://gosfilmofond.ru/,True,True,https://gosfilmofond.ru/,https://gosfilmofond.ru/wp-admin/admin-ajax.php#page=328&page_count=100,ok,200,100,0,POST público action=filter_films; página=328; page_count=100; duplicados=0.,
Gosfilmofond of Russia,gosfilmofond-of-russia,Russia,Europe,RU-GOSFILMOFOND,National film archive,https://gosfilmofond.ru/,True,True,https://gosfilmofond.ru/,https://gosfilmofond.ru/wp-admin/admin-ajax.php#page=329&page_count=100,ok,200,100,0,POST público action=filter_films; página=329; page_count=100; duplicados=0.,
Gosfilmofond of Russia,gosfilmofond-of-russia,Russia,Europe,RU-GOSFILMOFOND,National film archive,https://gosfilmofond.ru/,True,True,https://gosfilmofond.ru/,https://gosfilmofond.ru/wp-admin/admin-ajax.php#page=330&page_count=100,ok,200,100,0,POST público action=filter_films; página=330; page_count=100; duplicados=0.,
Gosfilmofond of Russia,gosfilmofond-of-russia,Russia,Europe,RU-GOSFILMOFOND,National film archive,https://gosfilmofond.ru/,True,True,https://gosfilmofond.ru/,https://gosfilmofond.ru/wp-admin/admin-ajax.php#page=331&page_count=100,ok,200,100,0,POST público action=filter_films; página=331; page_count=100; duplicados=0.,
Gosfilmofond of Russia,gosfilmofond-of-russia,Russia,Europe,RU-GOSFILMOFOND,National film archive,https://gosfilmofond.ru/,True,True,https://gosfilmofond.ru/,https://gosfilmofond.ru/wp-admin/admin-ajax.php#page=332&page_count=100,ok,200,100,0,POST público action=filter_films; página=332; page_count=100; duplicados=0.,
Gosfilmofond of Russia,gosfilmofond-of-russia,Russia,Europe,RU-GOSFILMOFOND,National film archive,https://gosfilmofond.ru/,True,True,https://gosfilmofond.ru/,https://gosfilmofond.ru/wp-admin/admin-ajax.php#page=333&page_count=100,ok,200,100,0,POST público action=filter_films; página=333; page_count=100; duplicados=0.,
Gosfilmofond of Russia,gosfilmofond-of-russia,Russia,Europe,RU-GOSFILMOFOND,National film archive,https://gosfilmofond.ru/,True,True,https://gosfilmofond.ru/,https://gosfilmofond.ru/wp-admin/admin-ajax.php#page=334&page_count=100,ok,200,100,0,POST público action=filter_films; página=334; page_count=100; duplicados=0.,
Gosfilmofond of Russia,gosfilmofond-of-russia,Russia,Europe,RU-GOSFILMOFOND,National film archive,https://gosfilmofond.ru/,True,True,https://gosfilmofond.ru/,https://gosfilmofond.ru/wp-admin/admin-ajax.php#page=335&page_count=100,ok,200,100,0,POST público action=filter_films; página=335; page_count=100; duplicados=0.,
Gosfilmofond of Russia,gosfilmofond-of-russia,Russia,Europe,RU-GOSFILMOFOND,National film archive,https://gosfilmofond.ru/,True,True,https://gosfilmofond.ru/,https://gosfilmofond.ru/wp-admin/admin-ajax.php#page=336&page_count=100,ok,200,100,0,POST público action=filter_films; página=336; page_count=100; duplicados=0.,
Gosfilmofond of Russia,gosfilmofond-of-russia,Russia,Europe,RU-GOSFILMOFOND,National film archive,https://gosfilmofond.ru/,True,True,https://gosfilmofond.ru/,https://gosfilmofond.ru/wp-admin/admin-ajax.php#page=337&page_count=100,ok,200,100,0,POST público action=filter_films; página=337; page_count=100; duplicados=0.,
Gosfilmofond of Russia,gosfilmofond-of-russia,Russia,Europe,RU-GOSFILMOFOND,National film archive,https://gosfilmofond.ru/,True,True,https://gosfilmofond.ru/,https://gosfilmofond.ru/wp-admin/admin-ajax.php#page=338&page_count=100,ok,200,100,0,POST público action=filter_films; página=338; page_count=100; duplicados=0.,
Gosfilmofond of Russia,gosfilmofond-of-russia,Russia,Europe,RU-GOSFILMOFOND,National film archive,https://gosfilmofond.ru/,True,True,https://gosfilmofond.ru/,https://gosfilmofond.ru/wp-admin/admin-ajax.php#page=339&page_count=100,ok,200,100,0,POST público action=filter_films; página=339; page_count=100; duplicados=0.,
Gosfilmofond of Russia,gosfilmofond-of-russia,Russia,Europe,RU-GOSFILMOFOND,National film archive,https://gosfilmofond.ru/,True,True,https://gosfilmofond.ru/,https://gosfilmofond.ru/wp-admin/admin-ajax.php#page=340&page_count=100,ok,200,100,0,POST público action=filter_films; página=340; page_count=100; duplicados=0.,
Gosfilmofond of Russia,gosfilmofond-of-russia,Russia,Europe,RU-GOSFILMOFOND,National film archive,https://gosfilmofond.ru/,True,True,https://gosfilmofond.ru/,https://gosfilmofond.ru/wp-admin/admin-ajax.php#page=341&page_count=100,ok,200,100,0,POST público action=filter_films; página=341; page_count=100; duplicados=0.,
Gosfilmofond of Russia,gosfilmofond-of-russia,Russia,Europe,RU-GOSFILMOFOND,National film archive,https://gosfilmofond.ru/,True,True,https://gosfilmofond.ru/,https://gosfilmofond.ru/wp-admin/admin-ajax.php#page=342&page_count=100,ok,200,100,0,POST público action=filter_films; página=342; page_count=100; duplicados=0.,
Gosfilmofond of Russia,gosfilmofond-of-russia,Russia,Europe,RU-GOSFILMOFOND,National film archive,https://gosfilmofond.ru/,True,True,https://gosfilmofond.ru/,https://gosfilmofond.ru/wp-admin/admin-ajax.php#page=343&page_count=100,ok,200,100,0,POST público action=filter_films; página=343; page_count=100; duplicados=0.,
Gosfilmofond of Russia,gosfilmofond-of-russia,Russia,Europe,RU-GOSFILMOFOND,National film archive,https://gosfilmofond.ru/,True,True,https://gosfilmofond.ru/,https://gosfilmofond.ru/wp-admin/admin-ajax.php#page=344&page_count=100,ok,200,100,0,POST público action=filter_films; página=344; page_count=100; duplicados=0.,
Gosfilmofond of Russia,gosfilmofond-of-russia,Russia,Europe,RU-GOSFILMOFOND,National film archive,https://gosfilmofond.ru/,True,True,https://gosfilmofond.ru/,https://gosfilmofond.ru/wp-admin/admin-ajax.php#page=345&page_count=100,ok,200,100,0,POST público action=filter_films; página=345; page_count=100; duplicados=0.,
Gosfilmofond of Russia,gosfilmofond-of-russia,Russia,Europe,RU-GOSFILMOFOND,National film archive,https://gosfilmofond.ru/,True,True,https://gosfilmofond.ru/,https://gosfilmofond.ru/wp-admin/admin-ajax.php#page=346&page_count=100,ok,200,100,0,POST público action=filter_films; página=346; page_count=100; duplicados=0.,
Gosfilmofond of Russia,gosfilmofond-of-russia,Russia,Europe,RU-GOSFILMOFOND,National film archive,https://gosfilmofond.ru/,True,True,https://gosfilmofond.ru/,https://gosfilmofond.ru/wp-admin/admin-ajax.php#page=347&page_count=100,ok,200,100,0,POST público action=filter_films; página=347; page_count=100; duplicados=0.,
Gosfilmofond of Russia,gosfilmofond-of-russia,Russia,Europe,RU-GOSFILMOFOND,National film archive,https://gosfilmofond.ru/,True,True,https://gosfilmofond.ru/,https://gosfilmofond.ru/wp-admin/admin-ajax.php#page=348&page_count=100,ok,200,100,0,POST público action=filter_films; página=348; page_count=100; duplicados=0.,
Gosfilmofond of Russia,gosfilmofond-of-russia,Russia,Europe,RU-GOSFILMOFOND,National film archive,https://gosfilmofond.ru/,True,True,https://gosfilmofond.ru/,https://gosfilmofond.ru/wp-admin/admin-ajax.php#page=349&page_count=100,ok,200,100,0,POST público action=filter_films; página=349; page_count=100; duplicados=0.,
Gosfilmofond of Russia,gosfilmofond-of-russia,Russia,Europe,RU-GOSFILMOFOND,National film archive,https://gosfilmofond.ru/,True,True,https://gosfilmofond.ru/,https://gosfilmofond.ru/wp-admin/admin-ajax.php#page=350&page_count=100,ok,200,100,0,POST público action=filter_films; página=350; page_count=100; duplicados=0.,
Gosfilmofond of Russia,gosfilmofond-of-russia,Russia,Europe,RU-GOSFILMOFOND,National film archive,https://gosfilmofond.ru/,True,True,https://gosfilmofond.ru/,https://gosfilmofond.ru/wp-admin/admin-ajax.php#page=351&page_count=100,ok,200,100,0,POST público action=filter_films; página=351; page_count=100; duplicados=0.,
Gosfilmofond of Russia,gosfilmofond-of-russia,Russia,Europe,RU-GOSFILMOFOND,National film archive,https://gosfilmofond.ru/,True,True,https://gosfilmofond.ru/,https://gosfilmofond.ru/wp-admin/admin-ajax.php#page=352&page_count=100,ok,200,100,0,POST público action=filter_films; página=352; page_count=100; duplicados=0.,
Gosfilmofond of Russia,gosfilmofond-of-russia,Russia,Europe,RU-GOSFILMOFOND,National film archive,https://gosfilmofond.ru/,True,True,https://gosfilmofond.ru/,https://gosfilmofond.ru/wp-admin/admin-ajax.php#page=353&page_count=100,ok,200,100,0,POST público action=filter_films; página=353; page_count=100; duplicados=0.,
Gosfilmofond of Russia,gosfilmofond-of-russia,Russia,Europe,RU-GOSFILMOFOND,National film archive,https://gosfilmofond.ru/,True,True,https://gosfilmofond.ru/,https://gosfilmofond.ru/wp-admin/admin-ajax.php#page=354&page_count=100,ok,200,100,0,POST público action=filter_films; página=354; page_count=100; duplicados=0.,
Gosfilmofond of Russia,gosfilmofond-of-russia,Russia,Europe,RU-GOSFILMOFOND,National film archive,https://gosfilmofond.ru/,True,True,https://gosfilmofond.ru/,https://gosfilmofond.ru/wp-admin/admin-ajax.php#page=355&page_count=100,ok,200,100,0,POST público action=filter_films; página=355; page_count=100; duplicados=0.,
Gosfilmofond of Russia,gosfilmofond-of-russia,Russia,Europe,RU-GOSFILMOFOND,National film archive,https://gosfilmofond.ru/,True,True,https://gosfilmofond.ru/,https://gosfilmofond.ru/wp-admin/admin-ajax.php#page=356&page_count=100,ok,200,100,0,POST público action=filter_films; página=356; page_count=100; duplicados=0.,
Gosfilmofond of Russia,gosfilmofond-of-russia,Russia,Europe,RU-GOSFILMOFOND,National film archive,https://gosfilmofond.ru/,True,True,https://gosfilmofond.ru/,https://gosfilmofond.ru/wp-admin/admin-ajax.php#page=357&page_count=100,ok,200,100,0,POST público action=filter_films; página=357; page_count=100; duplicados=0.,
Gosfilmofond of Russia,gosfilmofond-of-russia,Russia,Europe,RU-GOSFILMOFOND,National film archive,https://gosfilmofond.ru/,True,True,https://gosfilmofond.ru/,https://gosfilmofond.ru/wp-admin/admin-ajax.php#page=358&page_count=100,ok,200,100,0,POST público action=filter_films; página=358; page_count=100; duplicados=0.,
Gosfilmofond of Russia,gosfilmofond-of-russia,Russia,Europe,RU-GOSFILMOFOND,National film archive,https://gosfilmofond.ru/,True,True,https://gosfilmofond.ru/,https://gosfilmofond.ru/wp-admin/admin-ajax.php#page=359&page_count=100,ok,200,100,0,POST público action=filter_films; página=359; page_count=100; duplicados=0.,
Gosfilmofond of Russia,gosfilmofond-of-russia,Russia,Europe,RU-GOSFILMOFOND,National film archive,https://gosfilmofond.ru/,True,True,https://gosfilmofond.ru/,https://gosfilmofond.ru/wp-admin/admin-ajax.php#page=360&page_count=100,ok,200,100,0,POST público action=filter_films; página=360; page_count=100; duplicados=0.,
Gosfilmofond of Russia,gosfilmofond-of-russia,Russia,Europe,RU-GOSFILMOFOND,National film archive,https://gosfilmofond.ru/,True,True,https://gosfilmofond.ru/,https://gosfilmofond.ru/wp-admin/admin-ajax.php#page=361&page_count=100,ok,200,100,0,POST público action=filter_films; página=361; page_count=100; duplicados=0.,
Gosfilmofond of Russia,gosfilmofond-of-russia,Russia,Europe,RU-GOSFILMOFOND,National film archive,https://gosfilmofond.ru/,True,True,https://gosfilmofond.ru/,https://gosfilmofond.ru/wp-admin/admin-ajax.php#page=362&page_count=100,ok,200,100,0,POST público action=filter_films; página=362; page_count=100; duplicados=0.,
Gosfilmofond of Russia,gosfilmofond-of-russia,Russia,Europe,RU-GOSFILMOFOND,National film archive,https://gosfilmofond.ru/,True,True,https://gosfilmofond.ru/,https://gosfilmofond.ru/wp-admin/admin-ajax.php#page=363&page_count=100,ok,200,100,0,POST público action=filter_films; página=363; page_count=100; duplicados=0.,
Gosfilmofond of Russia,gosfilmofond-of-russia,Russia,Europe,RU-GOSFILMOFOND,National film archive,https://gosfilmofond.ru/,True,True,https://gosfilmofond.ru/,https://gosfilmofond.ru/wp-admin/admin-ajax.php#page=364&page_count=100,ok,200,100,0,POST público action=filter_films; página=364; page_count=100; duplicados=0.,
Gosfilmofond of Russia,gosfilmofond-of-russia,Russia,Europe,RU-GOSFILMOFOND,National film archive,https://gosfilmofond.ru/,True,True,https://gosfilmofond.ru/,https://gosfilmofond.ru/wp-admin/admin-ajax.php#page=365&page_count=100,ok,200,100,0,POST público action=filter_films; página=365; page_count=100; duplicados=0.,
Gosfilmofond of Russia,gosfilmofond-of-russia,Russia,Europe,RU-GOSFILMOFOND,National film archive,https://gosfilmofond.ru/,True,True,https://gosfilmofond.ru/,https://gosfilmofond.ru/wp-admin/admin-ajax.php#page=366&page_count=100,ok,200,100,0,POST público action=filter_films; página=366; page_count=100; duplicados=0.,
Gosfilmofond of Russia,gosfilmofond-of-russia,Russia,Europe,RU-GOSFILMOFOND,National film archive,https://gosfilmofond.ru/,True,True,https://gosfilmofond.ru/,https://gosfilmofond.ru/wp-admin/admin-ajax.php#page=367&page_count=100,ok,200,100,0,POST público action=filter_films; página=367; page_count=100; duplicados=0.,
Gosfilmofond of Russia,gosfilmofond-of-russia,Russia,Europe,RU-GOSFILMOFOND,National film archive,https://gosfilmofond.ru/,True,True,https://gosfilmofond.ru/,https://gosfilmofond.ru/wp-admin/admin-ajax.php#page=368&page_count=100,ok,200,100,0,POST público action=filter_films; página=368; page_count=100; duplicados=0.,
Gosfilmofond of Russia,gosfilmofond-of-russia,Russia,Europe,RU-GOSFILMOFOND,National film archive,https://gosfilmofond.ru/,True,True,https://gosfilmofond.ru/,https://gosfilmofond.ru/wp-admin/admin-ajax.php#page=369&page_count=100,ok,200,100,0,POST público action=filter_films; página=369; page_count=100; duplicados=0.,
Gosfilmofond of Russia,gosfilmofond-of-russia,Russia,Europe,RU-GOSFILMOFOND,National film archive,https://gosfilmofond.ru/,True,True,https://gosfilmofond.ru/,https://gosfilmofond.ru/wp-admin/admin-ajax.php#page=370&page_count=100,ok,200,100,0,POST público action=filter_films; página=370; page_count=100; duplicados=0.,
Gosfilmofond of Russia,gosfilmofond-of-russia,Russia,Europe,RU-GOSFILMOFOND,National film archive,https://gosfilmofond.ru/,True,True,https://gosfilmofond.ru/,https://gosfilmofond.ru/wp-admin/admin-ajax.php#page=371&page_count=100,ok,200,100,0,POST público action=filter_films; página=371; page_count=100; duplicados=0.,
Gosfilmofond of Russia,gosfilmofond-of-russia,Russia,Europe,RU-GOSFILMOFOND,National film archive,https://gosfilmofond.ru/,True,True,https://gosfilmofond.ru/,https://gosfilmofond.ru/wp-admin/admin-ajax.php#page=372&page_count=100,ok,200,100,0,POST público action=filter_films; página=372; page_count=100; duplicados=0.,
Gosfilmofond of Russia,gosfilmofond-of-russia,Russia,Europe,RU-GOSFILMOFOND,National film archive,https://gosfilmofond.ru/,True,True,https://gosfilmofond.ru/,https://gosfilmofond.ru/wp-admin/admin-ajax.php#page=373&page_count=100,ok,200,100,0,POST público action=filter_films; página=373; page_count=100; duplicados=0.,
Gosfilmofond of Russia,gosfilmofond-of-russia,Russia,Europe,RU-GOSFILMOFOND,National film archive,https://gosfilmofond.ru/,True,True,https://gosfilmofond.ru/,https://gosfilmofond.ru/wp-admin/admin-ajax.php#page=374&page_count=100,ok,200,100,0,POST público action=filter_films; página=374; page_count=100; duplicados=0.,
Gosfilmofond of Russia,gosfilmofond-of-russia,Russia,Europe,RU-GOSFILMOFOND,National film archive,https://gosfilmofond.ru/,True,True,https://gosfilmofond.ru/,https://gosfilmofond.ru/wp-admin/admin-ajax.php#page=375&page_count=100,ok,200,100,0,POST público action=filter_films; página=375; page_count=100; duplicados=0.,
Gosfilmofond of Russia,gosfilmofond-of-russia,Russia,Europe,RU-GOSFILMOFOND,National film archive,https://gosfilmofond.ru/,True,True,https://gosfilmofond.ru/,https://gosfilmofond.ru/wp-admin/admin-ajax.php#page=376&page_count=100,ok,200,100,0,POST público action=filter_films; página=376; page_count=100; duplicados=0.,
Gosfilmofond of Russia,gosfilmofond-of-russia,Russia,Europe,RU-GOSFILMOFOND,National film archive,https://gosfilmofond.ru/,True,True,https://gosfilmofond.ru/,https://gosfilmofond.ru/wp-admin/admin-ajax.php#page=377&page_count=100,ok,200,100,0,POST público action=filter_films; página=377; page_count=100; duplicados=0.,
Gosfilmofond of Russia,gosfilmofond-of-russia,Russia,Europe,RU-GOSFILMOFOND,National film archive,https://gosfilmofond.ru/,True,True,https://gosfilmofond.ru/,https://gosfilmofond.ru/wp-admin/admin-ajax.php#page=378&page_count=100,ok,200,100,0,POST público action=filter_films; página=378; page_count=100; duplicados=0.,
Gosfilmofond of Russia,gosfilmofond-of-russia,Russia,Europe,RU-GOSFILMOFOND,National film archive,https://gosfilmofond.ru/,True,True,https://gosfilmofond.ru/,https://gosfilmofond.ru/wp-admin/admin-ajax.php#page=379&page_count=100,ok,200,100,0,POST público action=filter_films; página=379; page_count=100; duplicados=0.,
Gosfilmofond of Russia,gosfilmofond-of-russia,Russia,Europe,RU-GOSFILMOFOND,National film archive,https://gosfilmofond.ru/,True,True,https://gosfilmofond.ru/,https://gosfilmofond.ru/wp-admin/admin-ajax.php#page=380&page_count=100,ok,200,100,0,POST público action=filter_films; página=380; page_count=100; duplicados=0.,
Gosfilmofond of Russia,gosfilmofond-of-russia,Russia,Europe,RU-GOSFILMOFOND,National film archive,https://gosfilmofond.ru/,True,True,https://gosfilmofond.ru/,https://gosfilmofond.ru/wp-admin/admin-ajax.php#page=381&page_count=100,ok,200,100,0,POST público action=filter_films; página=381; page_count=100; duplicados=0.,
Gosfilmofond of Russia,gosfilmofond-of-russia,Russia,Europe,RU-GOSFILMOFOND,National film archive,https://gosfilmofond.ru/,True,True,https://gosfilmofond.ru/,https://gosfilmofond.ru/wp-admin/admin-ajax.php#page=382&page_count=100,ok,200,100,0,POST público action=filter_films; página=382; page_count=100; duplicados=0.,
Gosfilmofond of Russia,gosfilmofond-of-russia,Russia,Europe,RU-GOSFILMOFOND,National film archive,https://gosfilmofond.ru/,True,True,https://gosfilmofond.ru/,https://gosfilmofond.ru/wp-admin/admin-ajax.php#page=383&page_count=100,ok,200,100,0,POST público action=filter_films; página=383; page_count=100; duplicados=0.,
Gosfilmofond of Russia,gosfilmofond-of-russia,Russia,Europe,RU-GOSFILMOFOND,National film archive,https://gosfilmofond.ru/,True,True,https://gosfilmofond.ru/,https://gosfilmofond.ru/wp-admin/admin-ajax.php#page=384&page_count=100,ok,200,100,0,POST público action=filter_films; página=384; page_count=100; duplicados=0.,
Gosfilmofond of Russia,gosfilmofond-of-russia,Russia,Europe,RU-GOSFILMOFOND,National film archive,https://gosfilmofond.ru/,True,True,https://gosfilmofond.ru/,https://gosfilmofond.ru/wp-admin/admin-ajax.php#page=385&page_count=100,ok,200,100,0,POST público action=filter_films; página=385; page_count=100; duplicados=0.,
Gosfilmofond of Russia,gosfilmofond-of-russia,Russia,Europe,RU-GOSFILMOFOND,National film archive,https://gosfilmofond.ru/,True,True,https://gosfilmofond.ru/,https://gosfilmofond.ru/wp-admin/admin-ajax.php#page=386&page_count=100,ok,200,100,0,POST público action=filter_films; página=386; page_count=100; duplicados=0.,
Gosfilmofond of Russia,gosfilmofond-of-russia,Russia,Europe,RU-GOSFILMOFOND,National film archive,https://gosfilmofond.ru/,True,True,https://gosfilmofond.ru/,https://gosfilmofond.ru/wp-admin/admin-ajax.php#page=387&page_count=100,ok,200,100,0,POST público action=filter_films; página=387; page_count=100; duplicados=0.,
Gosfilmofond of Russia,gosfilmofond-of-russia,Russia,Europe,RU-GOSFILMOFOND,National film archive,https://gosfilmofond.ru/,True,True,https://gosfilmofond.ru/,https://gosfilmofond.ru/wp-admin/admin-ajax.php#page=388&page_count=100,ok,200,100,0,POST público action=filter_films; página=388; page_count=100; duplicados=0.,
Gosfilmofond of Russia,gosfilmofond-of-russia,Russia,Europe,RU-GOSFILMOFOND,National film archive,https://gosfilmofond.ru/,True,True,https://gosfilmofond.ru/,https://gosfilmofond.ru/wp-admin/admin-ajax.php#page=389&page_count=100,ok,200,100,0,POST público action=filter_films; página=389; page_count=100; duplicados=0.,
Gosfilmofond of Russia,gosfilmofond-of-russia,Russia,Europe,RU-GOSFILMOFOND,National film archive,https://gosfilmofond.ru/,True,True,https://gosfilmofond.ru/,https://gosfilmofond.ru/wp-admin/admin-ajax.php#page=390&page_count=100,ok,200,100,0,POST público action=filter_films; página=390; page_count=100; duplicados=0.,
Gosfilmofond of Russia,gosfilmofond-of-russia,Russia,Europe,RU-GOSFILMOFOND,National film archive,https://gosfilmofond.ru/,True,True,https://gosfilmofond.ru/,https://gosfilmofond.ru/wp-admin/admin-ajax.php#page=391&page_count=100,ok,200,100,0,POST público action=filter_films; página=391; page_count=100; duplicados=0.,
Gosfilmofond of Russia,gosfilmofond-of-russia,Russia,Europe,RU-GOSFILMOFOND,National film archive,https://gosfilmofond.ru/,True,True,https://gosfilmofond.ru/,https://gosfilmofond.ru/wp-admin/admin-ajax.php#page=392&page_count=100,ok,200,100,0,POST público action=filter_films; página=392; page_count=100; duplicados=0.,
Gosfilmofond of Russia,gosfilmofond-of-russia,Russia,Europe,RU-GOSFILMOFOND,National film archive,https://gosfilmofond.ru/,True,True,https://gosfilmofond.ru/,https://gosfilmofond.ru/wp-admin/admin-ajax.php#page=393&page_count=100,ok,200,100,0,POST público action=filter_films; página=393; page_count=100; duplicados=0.,
Gosfilmofond of Russia,gosfilmofond-of-russia,Russia,Europe,RU-GOSFILMOFOND,National film archive,https://gosfilmofond.ru/,True,True,https://gosfilmofond.ru/,https://gosfilmofond.ru/wp-admin/admin-ajax.php#page=394&page_count=100,ok,200,100,0,POST público action=filter_films; página=394; page_count=100; duplicados=0.,
Gosfilmofond of Russia,gosfilmofond-of-russia,Russia,Europe,RU-GOSFILMOFOND,National film archive,https://gosfilmofond.ru/,True,True,https://gosfilmofond.ru/,https://gosfilmofond.ru/wp-admin/admin-ajax.php#page=395&page_count=100,ok,200,100,0,POST público action=filter_films; página=395; page_count=100; duplicados=0.,
Gosfilmofond of Russia,gosfilmofond-of-russia,Russia,Europe,RU-GOSFILMOFOND,National film archive,https://gosfilmofond.ru/,True,True,https://gosfilmofond.ru/,https://gosfilmofond.ru/wp-admin/admin-ajax.php#page=396&page_count=100,ok,200,100,0,POST público action=filter_films; página=396; page_count=100; duplicados=0.,
Gosfilmofond of Russia,gosfilmofond-of-russia,Russia,Europe,RU-GOSFILMOFOND,National film archive,https://gosfilmofond.ru/,True,True,https://gosfilmofond.ru/,https://gosfilmofond.ru/wp-admin/admin-ajax.php#page=397&page_count=100,ok,200,100,0,POST público action=filter_films; página=397; page_count=100; duplicados=0.,
Gosfilmofond of Russia,gosfilmofond-of-russia,Russia,Europe,RU-GOSFILMOFOND,National film archive,https://gosfilmofond.ru/,True,True,https://gosfilmofond.ru/,https://gosfilmofond.ru/wp-admin/admin-ajax.php#page=398&page_count=100,ok,200,100,0,POST público action=filter_films; página=398; page_count=100; duplicados=0.,
Gosfilmofond of Russia,gosfilmofond-of-russia,Russia,Europe,RU-GOSFILMOFOND,National film archive,https://gosfilmofond.ru/,True,True,https://gosfilmofond.ru/,https://gosfilmofond.ru/wp-admin/admin-ajax.php#page=399&page_count=100,ok,200,100,0,POST público action=filter_films; página=399; page_count=100; duplicados=0.,
Gosfilmofond of Russia,gosfilmofond-of-russia,Russia,Europe,RU-GOSFILMOFOND,National film archive,https://gosfilmofond.ru/,True,True,https://gosfilmofond.ru/,https://gosfilmofond.ru/wp-admin/admin-ajax.php#page=400&page_count=100,ok,200,100,0,POST público action=filter_films; página=400; page_count=100; duplicados=0.,
Gosfilmofond of Russia,gosfilmofond-of-russia,Russia,Europe,RU-GOSFILMOFOND,National film archive,https://gosfilmofond.ru/,True,True,https://gosfilmofond.ru/,https://gosfilmofond.ru/wp-admin/admin-ajax.php#page=401&page_count=100,ok,200,100,0,POST público action=filter_films; página=401; page_count=100; duplicados=0.,
Gosfilmofond of Russia,gosfilmofond-of-russia,Russia,Europe,RU-GOSFILMOFOND,National film archive,https://gosfilmofond.ru/,True,True,https://gosfilmofond.ru/,https://gosfilmofond.ru/wp-admin/admin-ajax.php#page=402&page_count=100,ok,200,100,0,POST público action=filter_films; página=402; page_count=100; duplicados=0.,
Gosfilmofond of Russia,gosfilmofond-of-russia,Russia,Europe,RU-GOSFILMOFOND,National film archive,https://gosfilmofond.ru/,True,True,https://gosfilmofond.ru/,https://gosfilmofond.ru/wp-admin/admin-ajax.php#page=403&page_count=100,ok,200,100,0,POST público action=filter_films; página=403; page_count=100; duplicados=0.,
Gosfilmofond of Russia,gosfilmofond-of-russia,Russia,Europe,RU-GOSFILMOFOND,National film archive,https://gosfilmofond.ru/,True,True,https://gosfilmofond.ru/,https://gosfilmofond.ru/wp-admin/admin-ajax.php#page=404&page_count=100,ok,200,100,0,POST público action=filter_films; página=404; page_count=100; duplicados=0.,
Gosfilmofond of Russia,gosfilmofond-of-russia,Russia,Europe,RU-GOSFILMOFOND,National film archive,https://gosfilmofond.ru/,True,True,https://gosfilmofond.ru/,https://gosfilmofond.ru/wp-admin/admin-ajax.php#page=405&page_count=100,ok,200,100,0,POST público action=filter_films; página=405; page_count=100; duplicados=0.,
Gosfilmofond of Russia,gosfilmofond-of-russia,Russia,Europe,RU-GOSFILMOFOND,National film archive,https://gosfilmofond.ru/,True,True,https://gosfilmofond.ru/,https://gosfilmofond.ru/wp-admin/admin-ajax.php#page=406&page_count=100,ok,200,100,0,POST público action=filter_films; página=406; page_count=100; duplicados=0.,
Gosfilmofond of Russia,gosfilmofond-of-russia,Russia,Europe,RU-GOSFILMOFOND,National film archive,https://gosfilmofond.ru/,True,True,https://gosfilmofond.ru/,https://gosfilmofond.ru/wp-admin/admin-ajax.php#page=407&page_count=100,ok,200,100,0,POST público action=filter_films; página=407; page_count=100; duplicados=0.,
Gosfilmofond of Russia,gosfilmofond-of-russia,Russia,Europe,RU-GOSFILMOFOND,National film archive,https://gosfilmofond.ru/,True,True,https://gosfilmofond.ru/,https://gosfilmofond.ru/wp-admin/admin-ajax.php#page=408&page_count=100,ok,200,100,0,POST público action=filter_films; página=408; page_count=100; duplicados=0.,
Gosfilmofond of Russia,gosfilmofond-of-russia,Russia,Europe,RU-GOSFILMOFOND,National film archive,https://gosfilmofond.ru/,True,True,https://gosfilmofond.ru/,https://gosfilmofond.ru/wp-admin/admin-ajax.php#page=409&page_count=100,ok,200,100,0,POST público action=filter_films; página=409; page_count=100; duplicados=0.,
Gosfilmofond of Russia,gosfilmofond-of-russia,Russia,Europe,RU-GOSFILMOFOND,National film archive,https://gosfilmofond.ru/,True,True,https://gosfilmofond.ru/,https://gosfilmofond.ru/wp-admin/admin-ajax.php#page=410&page_count=100,ok,200,100,0,POST público action=filter_films; página=410; page_count=100; duplicados=0.,
Gosfilmofond of Russia,gosfilmofond-of-russia,Russia,Europe,RU-GOSFILMOFOND,National film archive,https://gosfilmofond.ru/,True,True,https://gosfilmofond.ru/,https://gosfilmofond.ru/wp-admin/admin-ajax.php#page=411&page_count=100,ok,200,100,0,POST público action=filter_films; página=411; page_count=100; duplicados=0.,
Gosfilmofond of Russia,gosfilmofond-of-russia,Russia,Europe,RU-GOSFILMOFOND,National film archive,https://gosfilmofond.ru/,True,True,https://gosfilmofond.ru/,https://gosfilmofond.ru/wp-admin/admin-ajax.php#page=412&page_count=100,ok,200,100,0,POST público action=filter_films; página=412; page_count=100; duplicados=0.,
Gosfilmofond of Russia,gosfilmofond-of-russia,Russia,Europe,RU-GOSFILMOFOND,National film archive,https://gosfilmofond.ru/,True,True,https://gosfilmofond.ru/,https://gosfilmofond.ru/wp-admin/admin-ajax.php#page=413&page_count=100,ok,200,100,0,POST público action=filter_films; página=413; page_count=100; duplicados=0.,
Gosfilmofond of Russia,gosfilmofond-of-russia,Russia,Europe,RU-GOSFILMOFOND,National film archive,https://gosfilmofond.ru/,True,True,https://gosfilmofond.ru/,https://gosfilmofond.ru/wp-admin/admin-ajax.php#page=414&page_count=100,ok,200,100,0,POST público action=filter_films; página=414; page_count=100; duplicados=0.,
Gosfilmofond of Russia,gosfilmofond-of-russia,Russia,Europe,RU-GOSFILMOFOND,National film archive,https://gosfilmofond.ru/,True,True,https://gosfilmofond.ru/,https://gosfilmofond.ru/wp-admin/admin-ajax.php#page=415&page_count=100,ok,200,100,0,POST público action=filter_films; página=415; page_count=100; duplicados=0.,
Gosfilmofond of Russia,gosfilmofond-of-russia,Russia,Europe,RU-GOSFILMOFOND,National film archive,https://gosfilmofond.ru/,True,True,https://gosfilmofond.ru/,https://gosfilmofond.ru/wp-admin/admin-ajax.php#page=416&page_count=100,ok,200,100,0,POST público action=filter_films; página=416; page_count=100; duplicados=0.,
Gosfilmofond of Russia,gosfilmofond-of-russia,Russia,Europe,RU-GOSFILMOFOND,National film archive,https://gosfilmofond.ru/,True,True,https://gosfilmofond.ru/,https://gosfilmofond.ru/wp-admin/admin-ajax.php#page=417&page_count=100,ok,200,100,0,POST público action=filter_films; página=417; page_count=100; duplicados=0.,
Gosfilmofond of Russia,gosfilmofond-of-russia,Russia,Europe,RU-GOSFILMOFOND,National film archive,https://gosfilmofond.ru/,True,True,https://gosfilmofond.ru/,https://gosfilmofond.ru/wp-admin/admin-ajax.php#page=418&page_count=100,ok,200,100,0,POST público action=filter_films; página=418; page_count=100; duplicados=0.,
Gosfilmofond of Russia,gosfilmofond-of-russia,Russia,Europe,RU-GOSFILMOFOND,National film archive,https://gosfilmofond.ru/,True,True,https://gosfilmofond.ru/,https://gosfilmofond.ru/wp-admin/admin-ajax.php#page=419&page_count=100,ok,200,100,0,POST público action=filter_films; página=419; page_count=100; duplicados=0.,
Gosfilmofond of Russia,gosfilmofond-of-russia,Russia,Europe,RU-GOSFILMOFOND,National film archive,https://gosfilmofond.ru/,True,True,https://gosfilmofond.ru/,https://gosfilmofond.ru/wp-admin/admin-ajax.php#page=420&page_count=100,ok,200,100,0,POST público action=filter_films; página=420; page_count=100; duplicados=0.,
Gosfilmofond of Russia,gosfilmofond-of-russia,Russia,Europe,RU-GOSFILMOFOND,National film archive,https://gosfilmofond.ru/,True,True,https://gosfilmofond.ru/,https://gosfilmofond.ru/wp-admin/admin-ajax.php#page=421&page_count=100,ok,200,100,0,POST público action=filter_films; página=421; page_count=100; duplicados=0.,
Gosfilmofond of Russia,gosfilmofond-of-russia,Russia,Europe,RU-GOSFILMOFOND,National film archive,https://gosfilmofond.ru/,True,True,https://gosfilmofond.ru/,https://gosfilmofond.ru/wp-admin/admin-ajax.php#page=422&page_count=100,ok,200,100,0,POST público action=filter_films; página=422; page_count=100; duplicados=0.,
Gosfilmofond of Russia,gosfilmofond-of-russia,Russia,Europe,RU-GOSFILMOFOND,National film archive,https://gosfilmofond.ru/,True,True,https://gosfilmofond.ru/,https://gosfilmofond.ru/wp-admin/admin-ajax.php#page=423&page_count=100,ok,200,100,0,POST público action=filter_films; página=423; page_count=100; duplicados=0.,
Gosfilmofond of Russia,gosfilmofond-of-russia,Russia,Europe,RU-GOSFILMOFOND,National film archive,https://gosfilmofond.ru/,True,True,https://gosfilmofond.ru/,https://gosfilmofond.ru/wp-admin/admin-ajax.php#page=424&page_count=100,ok,200,100,0,POST público action=filter_films; página=424; page_count=100; duplicados=0.,
Gosfilmofond of Russia,gosfilmofond-of-russia,Russia,Europe,RU-GOSFILMOFOND,National film archive,https://gosfilmofond.ru/,True,True,https://gosfilmofond.ru/,https://gosfilmofond.ru/wp-admin/admin-ajax.php#page=425&page_count=100,ok,200,100,0,POST público action=filter_films; página=425; page_count=100; duplicados=0.,
Gosfilmofond of Russia,gosfilmofond-of-russia,Russia,Europe,RU-GOSFILMOFOND,National film archive,https://gosfilmofond.ru/,True,True,https://gosfilmofond.ru/,https://gosfilmofond.ru/wp-admin/admin-ajax.php#page=426&page_count=100,ok,200,100,0,POST público action=filter_films; página=426; page_count=100; duplicados=0.,
Gosfilmofond of Russia,gosfilmofond-of-russia,Russia,Europe,RU-GOSFILMOFOND,National film archive,https://gosfilmofond.ru/,True,True,https://gosfilmofond.ru/,https://gosfilmofond.ru/wp-admin/admin-ajax.php#page=427&page_count=100,ok,200,100,0,POST público action=filter_films; página=427; page_count=100; duplicados=0.,
Gosfilmofond of Russia,gosfilmofond-of-russia,Russia,Europe,RU-GOSFILMOFOND,National film archive,https://gosfilmofond.ru/,True,True,https://gosfilmofond.ru/,https://gosfilmofond.ru/wp-admin/admin-ajax.php#page=428&page_count=100,ok,200,100,0,POST público action=filter_films; página=428; page_count=100; duplicados=0.,
Gosfilmofond of Russia,gosfilmofond-of-russia,Russia,Europe,RU-GOSFILMOFOND,National film archive,https://gosfilmofond.ru/,True,True,https://gosfilmofond.ru/,https://gosfilmofond.ru/wp-admin/admin-ajax.php#page=429&page_count=100,ok,200,100,0,POST público action=filter_films; página=429; page_count=100; duplicados=0.,
Gosfilmofond of Russia,gosfilmofond-of-russia,Russia,Europe,RU-GOSFILMOFOND,National film archive,https://gosfilmofond.ru/,True,True,https://gosfilmofond.ru/,https://gosfilmofond.ru/wp-admin/admin-ajax.php#page=430&page_count=100,ok,200,100,0,POST público action=filter_films; página=430; page_count=100; duplicados=0.,
Gosfilmofond of Russia,gosfilmofond-of-russia,Russia,Europe,RU-GOSFILMOFOND,National film archive,https://gosfilmofond.ru/,True,True,https://gosfilmofond.ru/,https://gosfilmofond.ru/wp-admin/admin-ajax.php#page=431&page_count=100,ok,200,100,0,POST público action=filter_films; página=431; page_count=100; duplicados=0.,
Gosfilmofond of Russia,gosfilmofond-of-russia,Russia,Europe,RU-GOSFILMOFOND,National film archive,https://gosfilmofond.ru/,True,True,https://gosfilmofond.ru/,https://gosfilmofond.ru/wp-admin/admin-ajax.php#page=432&page_count=100,ok,200,100,0,POST público action=filter_films; página=432; page_count=100; duplicados=0.,
Gosfilmofond of Russia,gosfilmofond-of-russia,Russia,Europe,RU-GOSFILMOFOND,National film archive,https://gosfilmofond.ru/,True,True,https://gosfilmofond.ru/,https://gosfilmofond.ru/wp-admin/admin-ajax.php#page=433&page_count=100,ok,200,100,0,POST público action=filter_films; página=433; page_count=100; duplicados=0.,
Gosfilmofond of Russia,gosfilmofond-of-russia,Russia,Europe,RU-GOSFILMOFOND,National film archive,https://gosfilmofond.ru/,True,True,https://gosfilmofond.ru/,https://gosfilmofond.ru/wp-admin/admin-ajax.php#page=434&page_count=100,ok,200,100,0,POST público action=filter_films; página=434; page_count=100; duplicados=0.,
Gosfilmofond of Russia,gosfilmofond-of-russia,Russia,Europe,RU-GOSFILMOFOND,National film archive,https://gosfilmofond.ru/,True,True,https://gosfilmofond.ru/,https://gosfilmofond.ru/wp-admin/admin-ajax.php#page=435&page_count=100,ok,200,100,0,POST público action=filter_films; página=435; page_count=100; duplicados=0.,
Gosfilmofond of Russia,gosfilmofond-of-russia,Russia,Europe,RU-GOSFILMOFOND,National film archive,https://gosfilmofond.ru/,True,True,https://gosfilmofond.ru/,https://gosfilmofond.ru/wp-admin/admin-ajax.php#page=436&page_count=100,ok,200,100,0,POST público action=filter_films; página=436; page_count=100; duplicados=0.,
Gosfilmofond of Russia,gosfilmofond-of-russia,Russia,Europe,RU-GOSFILMOFOND,National film archive,https://gosfilmofond.ru/,True,True,https://gosfilmofond.ru/,https://gosfilmofond.ru/wp-admin/admin-ajax.php#page=437&page_count=100,ok,200,100,0,POST público action=filter_films; página=437; page_count=100; duplicados=0.,
Gosfilmofond of Russia,gosfilmofond-of-russia,Russia,Europe,RU-GOSFILMOFOND,National film archive,https://gosfilmofond.ru/,True,True,https://gosfilmofond.ru/,https://gosfilmofond.ru/wp-admin/admin-ajax.php#page=438&page_count=100,ok,200,100,0,POST público action=filter_films; página=438; page_count=100; duplicados=0.,
Gosfilmofond of Russia,gosfilmofond-of-russia,Russia,Europe,RU-GOSFILMOFOND,National film archive,https://gosfilmofond.ru/,True,True,https://gosfilmofond.ru/,https://gosfilmofond.ru/wp-admin/admin-ajax.php#page=439&page_count=100,ok,200,100,0,POST público action=filter_films; página=439; page_count=100; duplicados=0.,
Gosfilmofond of Russia,gosfilmofond-of-russia,Russia,Europe,RU-GOSFILMOFOND,National film archive,https://gosfilmofond.ru/,True,True,https://gosfilmofond.ru/,https://gosfilmofond.ru/wp-admin/admin-ajax.php#page=440&page_count=100,ok,200,100,0,POST público action=filter_films; página=440; page_count=100; duplicados=0.,
Gosfilmofond of Russia,gosfilmofond-of-russia,Russia,Europe,RU-GOSFILMOFOND,National film archive,https://gosfilmofond.ru/,True,True,https://gosfilmofond.ru/,https://gosfilmofond.ru/wp-admin/admin-ajax.php#page=441&page_count=100,ok,200,100,0,POST público action=filter_films; página=441; page_count=100; duplicados=0.,
Gosfilmofond of Russia,gosfilmofond-of-russia,Russia,Europe,RU-GOSFILMOFOND,National film archive,https://gosfilmofond.ru/,True,True,https://gosfilmofond.ru/,https://gosfilmofond.ru/wp-admin/admin-ajax.php#page=442&page_count=100,ok,200,100,0,POST público action=filter_films; página=442; page_count=100; duplicados=0.,
Gosfilmofond of Russia,gosfilmofond-of-russia,Russia,Europe,RU-GOSFILMOFOND,National film archive,https://gosfilmofond.ru/,True,True,https://gosfilmofond.ru/,https://gosfilmofond.ru/wp-admin/admin-ajax.php#page=443&page_count=100,ok,200,100,0,POST público action=filter_films; página=443; page_count=100; duplicados=0.,
Gosfilmofond of Russia,gosfilmofond-of-russia,Russia,Europe,RU-GOSFILMOFOND,National film archive,https://gosfilmofond.ru/,True,True,https://gosfilmofond.ru/,https://gosfilmofond.ru/wp-admin/admin-ajax.php#page=444&page_count=100,ok,200,100,0,POST público action=filter_films; página=444; page_count=100; duplicados=0.,
Gosfilmofond of Russia,gosfilmofond-of-russia,Russia,Europe,RU-GOSFILMOFOND,National film archive,https://gosfilmofond.ru/,True,True,https://gosfilmofond.ru/,https://gosfilmofond.ru/wp-admin/admin-ajax.php#page=445&page_count=100,ok,200,100,0,POST público action=filter_films; página=445; page_count=100; duplicados=0.,
Gosfilmofond of Russia,gosfilmofond-of-russia,Russia,Europe,RU-GOSFILMOFOND,National film archive,https://gosfilmofond.ru/,True,True,https://gosfilmofond.ru/,https://gosfilmofond.ru/wp-admin/admin-ajax.php#page=446&page_count=100,ok,200,100,0,POST público action=filter_films; página=446; page_count=100; duplicados=0.,
Gosfilmofond of Russia,gosfilmofond-of-russia,Russia,Europe,RU-GOSFILMOFOND,National film archive,https://gosfilmofond.ru/,True,True,https://gosfilmofond.ru/,https://gosfilmofond.ru/wp-admin/admin-ajax.php#page=447&page_count=100,ok,200,100,0,POST público action=filter_films; página=447; page_count=100; duplicados=0.,
Gosfilmofond of Russia,gosfilmofond-of-russia,Russia,Europe,RU-GOSFILMOFOND,National film archive,https://gosfilmofond.ru/,True,True,https://gosfilmofond.ru/,https://gosfilmofond.ru/wp-admin/admin-ajax.php#page=448&page_count=100,ok,200,100,0,POST público action=filter_films; página=448; page_count=100; duplicados=0.,
Gosfilmofond of Russia,gosfilmofond-of-russia,Russia,Europe,RU-GOSFILMOFOND,National film archive,https://gosfilmofond.ru/,True,True,https://gosfilmofond.ru/,https://gosfilmofond.ru/wp-admin/admin-ajax.php#page=449&page_count=100,ok,200,100,0,POST público action=filter_films; página=449; page_count=100; duplicados=0.,
Gosfilmofond of Russia,gosfilmofond-of-russia,Russia,Europe,RU-GOSFILMOFOND,National film archive,https://gosfilmofond.ru/,True,True,https://gosfilmofond.ru/,https://gosfilmofond.ru/wp-admin/admin-ajax.php#page=450&page_count=100,ok,200,100,0,POST público action=filter_films; página=450; page_count=100; duplicados=0.,
Gosfilmofond of Russia,gosfilmofond-of-russia,Russia,Europe,RU-GOSFILMOFOND,National film archive,https://gosfilmofond.ru/,True,True,https://gosfilmofond.ru/,https://gosfilmofond.ru/wp-admin/admin-ajax.php#page=451&page_count=100,ok,200,100,0,POST público action=filter_films; página=451; page_count=100; duplicados=0.,
Gosfilmofond of Russia,gosfilmofond-of-russia,Russia,Europe,RU-GOSFILMOFOND,National film archive,https://gosfilmofond.ru/,True,True,https://gosfilmofond.ru/,https://gosfilmofond.ru/wp-admin/admin-ajax.php#page=452&page_count=100,ok,200,100,0,POST público action=filter_films; página=452; page_count=100; duplicados=0.,
Gosfilmofond of Russia,gosfilmofond-of-russia,Russia,Europe,RU-GOSFILMOFOND,National film archive,https://gosfilmofond.ru/,True,True,https://gosfilmofond.ru/,https://gosfilmofond.ru/wp-admin/admin-ajax.php#page=453&page_count=100,ok,200,100,0,POST público action=filter_films; página=453; page_count=100; duplicados=0.,
Gosfilmofond of Russia,gosfilmofond-of-russia,Russia,Europe,RU-GOSFILMOFOND,National film archive,https://gosfilmofond.ru/,True,True,https://gosfilmofond.ru/,https://gosfilmofond.ru/wp-admin/admin-ajax.php#page=454&page_count=100,ok,200,100,0,POST público action=filter_films; página=454; page_count=100; duplicados=0.,
Gosfilmofond of Russia,gosfilmofond-of-russia,Russia,Europe,RU-GOSFILMOFOND,National film archive,https://gosfilmofond.ru/,True,True,https://gosfilmofond.ru/,https://gosfilmofond.ru/wp-admin/admin-ajax.php#page=455&page_count=100,ok,200,100,0,POST público action=filter_films; página=455; page_count=100; duplicados=0.,
Gosfilmofond of Russia,gosfilmofond-of-russia,Russia,Europe,RU-GOSFILMOFOND,National film archive,https://gosfilmofond.ru/,True,True,https://gosfilmofond.ru/,https://gosfilmofond.ru/wp-admin/admin-ajax.php#page=456&page_count=100,ok,200,100,0,POST público action=filter_films; página=456; page_count=100; duplicados=0.,
Gosfilmofond of Russia,gosfilmofond-of-russia,Russia,Europe,RU-GOSFILMOFOND,National film archive,https://gosfilmofond.ru/,True,True,https://gosfilmofond.ru/,https://gosfilmofond.ru/wp-admin/admin-ajax.php#page=457&page_count=100,ok,200,100,0,POST público action=filter_films; página=457; page_count=100; duplicados=0.,
Gosfilmofond of Russia,gosfilmofond-of-russia,Russia,Europe,RU-GOSFILMOFOND,National film archive,https://gosfilmofond.ru/,True,True,https://gosfilmofond.ru/,https://gosfilmofond.ru/wp-admin/admin-ajax.php#page=458&page_count=100,ok,200,100,0,POST público action=filter_films; página=458; page_count=100; duplicados=0.,
Gosfilmofond of Russia,gosfilmofond-of-russia,Russia,Europe,RU-GOSFILMOFOND,National film archive,https://gosfilmofond.ru/,True,True,https://gosfilmofond.ru/,https://gosfilmofond.ru/wp-admin/admin-ajax.php#page=459&page_count=100,ok,200,100,0,POST público action=filter_films; página=459; page_count=100; duplicados=0.,
Gosfilmofond of Russia,gosfilmofond-of-russia,Russia,Europe,RU-GOSFILMOFOND,National film archive,https://gosfilmofond.ru/,True,True,https://gosfilmofond.ru/,https://gosfilmofond.ru/wp-admin/admin-ajax.php#page=460&page_count=100,ok,200,100,0,POST público action=filter_films; página=460; page_count=100; duplicados=0.,
Gosfilmofond of Russia,gosfilmofond-of-russia,Russia,Europe,RU-GOSFILMOFOND,National film archive,https://gosfilmofond.ru/,True,True,https://gosfilmofond.ru/,https://gosfilmofond.ru/wp-admin/admin-ajax.php#page=461&page_count=100,ok,200,100,0,POST público action=filter_films; página=461; page_count=100; duplicados=0.,
Gosfilmofond of Russia,gosfilmofond-of-russia,Russia,Europe,RU-GOSFILMOFOND,National film archive,https://gosfilmofond.ru/,True,True,https://gosfilmofond.ru/,https://gosfilmofond.ru/wp-admin/admin-ajax.php#page=462&page_count=100,ok,200,100,0,POST público action=filter_films; página=462; page_count=100; duplicados=0.,
Gosfilmofond of Russia,gosfilmofond-of-russia,Russia,Europe,RU-GOSFILMOFOND,National film archive,https://gosfilmofond.ru/,True,True,https://gosfilmofond.ru/,https://gosfilmofond.ru/wp-admin/admin-ajax.php#page=463&page_count=100,ok,200,100,0,POST público action=filter_films; página=463; page_count=100; duplicados=0.,
Gosfilmofond of Russia,gosfilmofond-of-russia,Russia,Europe,RU-GOSFILMOFOND,National film archive,https://gosfilmofond.ru/,True,True,https://gosfilmofond.ru/,https://gosfilmofond.ru/wp-admin/admin-ajax.php#page=464&page_count=100,ok,200,100,0,POST público action=filter_films; página=464; page_count=100; duplicados=0.,
Gosfilmofond of Russia,gosfilmofond-of-russia,Russia,Europe,RU-GOSFILMOFOND,National film archive,https://gosfilmofond.ru/,True,True,https://gosfilmofond.ru/,https://gosfilmofond.ru/wp-admin/admin-ajax.php#page=465&page_count=100,ok,200,100,0,POST público action=filter_films; página=465; page_count=100; duplicados=0.,
Gosfilmofond of Russia,gosfilmofond-of-russia,Russia,Europe,RU-GOSFILMOFOND,National film archive,https://gosfilmofond.ru/,True,True,https://gosfilmofond.ru/,https://gosfilmofond.ru/wp-admin/admin-ajax.php#page=466&page_count=100,ok,200,100,0,POST público action=filter_films; página=466; page_count=100; duplicados=0.,
Gosfilmofond of Russia,gosfilmofond-of-russia,Russia,Europe,RU-GOSFILMOFOND,National film archive,https://gosfilmofond.ru/,True,True,https://gosfilmofond.ru/,https://gosfilmofond.ru/wp-admin/admin-ajax.php#page=467&page_count=100,ok,200,100,0,POST público action=filter_films; página=467; page_count=100; duplicados=0.,
Gosfilmofond of Russia,gosfilmofond-of-russia,Russia,Europe,RU-GOSFILMOFOND,National film archive,https://gosfilmofond.ru/,True,True,https://gosfilmofond.ru/,https://gosfilmofond.ru/wp-admin/admin-ajax.php#page=468&page_count=100,ok,200,100,0,POST público action=filter_films; página=468; page_count=100; duplicados=0.,
Gosfilmofond of Russia,gosfilmofond-of-russia,Russia,Europe,RU-GOSFILMOFOND,National film archive,https://gosfilmofond.ru/,True,True,https://gosfilmofond.ru/,https://gosfilmofond.ru/wp-admin/admin-ajax.php#page=469&page_count=100,ok,200,100,0,POST público action=filter_films; página=469; page_count=100; duplicados=0.,
Gosfilmofond of Russia,gosfilmofond-of-russia,Russia,Europe,RU-GOSFILMOFOND,National film archive,https://gosfilmofond.ru/,True,True,https://gosfilmofond.ru/,https://gosfilmofond.ru/wp-admin/admin-ajax.php#page=470&page_count=100,ok,200,100,0,POST público action=filter_films; página=470; page_count=100; duplicados=0.,
Gosfilmofond of Russia,gosfilmofond-of-russia,Russia,Europe,RU-GOSFILMOFOND,National film archive,https://gosfilmofond.ru/,True,True,https://gosfilmofond.ru/,https://gosfilmofond.ru/wp-admin/admin-ajax.php#page=471&page_count=100,ok,200,100,0,POST público action=filter_films; página=471; page_count=100; duplicados=0.,
Gosfilmofond of Russia,gosfilmofond-of-russia,Russia,Europe,RU-GOSFILMOFOND,National film archive,https://gosfilmofond.ru/,True,True,https://gosfilmofond.ru/,https://gosfilmofond.ru/wp-admin/admin-ajax.php#page=472&page_count=100,ok,200,100,0,POST público action=filter_films; página=472; page_count=100; duplicados=0.,
Gosfilmofond of Russia,gosfilmofond-of-russia,Russia,Europe,RU-GOSFILMOFOND,National film archive,https://gosfilmofond.ru/,True,True,https://gosfilmofond.ru/,https://gosfilmofond.ru/wp-admin/admin-ajax.php#page=473&page_count=100,ok,200,100,0,POST público action=filter_films; página=473; page_count=100; duplicados=0.,
Gosfilmofond of Russia,gosfilmofond-of-russia,Russia,Europe,RU-GOSFILMOFOND,National film archive,https://gosfilmofond.ru/,True,True,https://gosfilmofond.ru/,https://gosfilmofond.ru/wp-admin/admin-ajax.php#page=474&page_count=100,ok,200,100,0,POST público action=filter_films; página=474; page_count=100; duplicados=0.,
Gosfilmofond of Russia,gosfilmofond-of-russia,Russia,Europe,RU-GOSFILMOFOND,National film archive,https://gosfilmofond.ru/,True,True,https://gosfilmofond.ru/,https://gosfilmofond.ru/wp-admin/admin-ajax.php#page=475&page_count=100,ok,200,100,0,POST público action=filter_films; página=475; page_count=100; duplicados=0.,
Gosfilmofond of Russia,gosfilmofond-of-russia,Russia,Europe,RU-GOSFILMOFOND,National film archive,https://gosfilmofond.ru/,True,True,https://gosfilmofond.ru/,https://gosfilmofond.ru/wp-admin/admin-ajax.php#page=476&page_count=100,ok,200,100,0,POST público action=filter_films; página=476; page_count=100; duplicados=0.,
Gosfilmofond of Russia,gosfilmofond-of-russia,Russia,Europe,RU-GOSFILMOFOND,National film archive,https://gosfilmofond.ru/,True,True,https://gosfilmofond.ru/,https://gosfilmofond.ru/wp-admin/admin-ajax.php#page=477&page_count=100,ok,200,100,0,POST público action=filter_films; página=477; page_count=100; duplicados=0.,
Gosfilmofond of Russia,gosfilmofond-of-russia,Russia,Europe,RU-GOSFILMOFOND,National film archive,https://gosfilmofond.ru/,True,True,https://gosfilmofond.ru/,https://gosfilmofond.ru/wp-admin/admin-ajax.php#page=478&page_count=100,ok,200,100,0,POST público action=filter_films; página=478; page_count=100; duplicados=0.,
Gosfilmofond of Russia,gosfilmofond-of-russia,Russia,Europe,RU-GOSFILMOFOND,National film archive,https://gosfilmofond.ru/,True,True,https://gosfilmofond.ru/,https://gosfilmofond.ru/wp-admin/admin-ajax.php#page=479&page_count=100,ok,200,100,0,POST público action=filter_films; página=479; page_count=100; duplicados=0.,
Gosfilmofond of Russia,gosfilmofond-of-russia,Russia,Europe,RU-GOSFILMOFOND,National film archive,https://gosfilmofond.ru/,True,True,https://gosfilmofond.ru/,https://gosfilmofond.ru/wp-admin/admin-ajax.php#page=480&page_count=100,ok,200,100,0,POST público action=filter_films; página=480; page_count=100; duplicados=0.,
Gosfilmofond of Russia,gosfilmofond-of-russia,Russia,Europe,RU-GOSFILMOFOND,National film archive,https://gosfilmofond.ru/,True,True,https://gosfilmofond.ru/,https://gosfilmofond.ru/wp-admin/admin-ajax.php#page=481&page_count=100,ok,200,100,0,POST público action=filter_films; página=481; page_count=100; duplicados=0.,
Gosfilmofond of Russia,gosfilmofond-of-russia,Russia,Europe,RU-GOSFILMOFOND,National film archive,https://gosfilmofond.ru/,True,True,https://gosfilmofond.ru/,https://gosfilmofond.ru/wp-admin/admin-ajax.php#page=482&page_count=100,ok,200,100,0,POST público action=filter_films; página=482; page_count=100; duplicados=0.,
Gosfilmofond of Russia,gosfilmofond-of-russia,Russia,Europe,RU-GOSFILMOFOND,National film archive,https://gosfilmofond.ru/,True,True,https://gosfilmofond.ru/,https://gosfilmofond.ru/wp-admin/admin-ajax.php#page=483&page_count=100,ok,200,100,0,POST público action=filter_films; página=483; page_count=100; duplicados=0.,
Gosfilmofond of Russia,gosfilmofond-of-russia,Russia,Europe,RU-GOSFILMOFOND,National film archive,https://gosfilmofond.ru/,True,True,https://gosfilmofond.ru/,https://gosfilmofond.ru/wp-admin/admin-ajax.php#page=484&page_count=100,ok,200,100,0,POST público action=filter_films; página=484; page_count=100; duplicados=0.,
Gosfilmofond of Russia,gosfilmofond-of-russia,Russia,Europe,RU-GOSFILMOFOND,National film archive,https://gosfilmofond.ru/,True,True,https://gosfilmofond.ru/,https://gosfilmofond.ru/wp-admin/admin-ajax.php#page=485&page_count=100,ok,200,100,0,POST público action=filter_films; página=485; page_count=100; duplicados=0.,
Gosfilmofond of Russia,gosfilmofond-of-russia,Russia,Europe,RU-GOSFILMOFOND,National film archive,https://gosfilmofond.ru/,True,True,https://gosfilmofond.ru/,https://gosfilmofond.ru/wp-admin/admin-ajax.php#page=486&page_count=100,ok,200,100,0,POST público action=filter_films; página=486; page_count=100; duplicados=0.,
Gosfilmofond of Russia,gosfilmofond-of-russia,Russia,Europe,RU-GOSFILMOFOND,National film archive,https://gosfilmofond.ru/,True,True,https://gosfilmofond.ru/,https://gosfilmofond.ru/wp-admin/admin-ajax.php#page=487&page_count=100,ok,200,100,0,POST público action=filter_films; página=487; page_count=100; duplicados=0.,
Gosfilmofond of Russia,gosfilmofond-of-russia,Russia,Europe,RU-GOSFILMOFOND,National film archive,https://gosfilmofond.ru/,True,True,https://gosfilmofond.ru/,https://gosfilmofond.ru/wp-admin/admin-ajax.php#page=488&page_count=100,ok,200,100,0,POST público action=filter_films; página=488; page_count=100; duplicados=0.,
Gosfilmofond of Russia,gosfilmofond-of-russia,Russia,Europe,RU-GOSFILMOFOND,National film archive,https://gosfilmofond.ru/,True,True,https://gosfilmofond.ru/,https://gosfilmofond.ru/wp-admin/admin-ajax.php#page=489&page_count=100,ok,200,100,0,POST público action=filter_films; página=489; page_count=100; duplicados=0.,
Gosfilmofond of Russia,gosfilmofond-of-russia,Russia,Europe,RU-GOSFILMOFOND,National film archive,https://gosfilmofond.ru/,True,True,https://gosfilmofond.ru/,https://gosfilmofond.ru/wp-admin/admin-ajax.php#page=490&page_count=100,ok,200,100,0,POST público action=filter_films; página=490; page_count=100; duplicados=0.,
Gosfilmofond of Russia,gosfilmofond-of-russia,Russia,Europe,RU-GOSFILMOFOND,National film archive,https://gosfilmofond.ru/,True,True,https://gosfilmofond.ru/,https://gosfilmofond.ru/wp-admin/admin-ajax.php#page=491&page_count=100,ok,200,100,0,POST público action=filter_films; página=491; page_count=100; duplicados=0.,
Gosfilmofond of Russia,gosfilmofond-of-russia,Russia,Europe,RU-GOSFILMOFOND,National film archive,https://gosfilmofond.ru/,True,True,https://gosfilmofond.ru/,https://gosfilmofond.ru/wp-admin/admin-ajax.php#page=492&page_count=100,ok,200,100,0,POST público action=filter_films; página=492; page_count=100; duplicados=0.,
Gosfilmofond of Russia,gosfilmofond-of-russia,Russia,Europe,RU-GOSFILMOFOND,National film archive,https://gosfilmofond.ru/,True,True,https://gosfilmofond.ru/,https://gosfilmofond.ru/wp-admin/admin-ajax.php#page=493&page_count=100,ok,200,100,0,POST público action=filter_films; página=493; page_count=100; duplicados=0.,
Gosfilmofond of Russia,gosfilmofond-of-russia,Russia,Europe,RU-GOSFILMOFOND,National film archive,https://gosfilmofond.ru/,True,True,https://gosfilmofond.ru/,https://gosfilmofond.ru/wp-admin/admin-ajax.php#page=494&page_count=100,ok,200,100,0,POST público action=filter_films; página=494; page_count=100; duplicados=0.,
Gosfilmofond of Russia,gosfilmofond-of-russia,Russia,Europe,RU-GOSFILMOFOND,National film archive,https://gosfilmofond.ru/,True,True,https://gosfilmofond.ru/,https://gosfilmofond.ru/wp-admin/admin-ajax.php#page=495&page_count=100,ok,200,100,0,POST público action=filter_films; página=495; page_count=100; duplicados=0.,
Gosfilmofond of Russia,gosfilmofond-of-russia,Russia,Europe,RU-GOSFILMOFOND,National film archive,https://gosfilmofond.ru/,True,True,https://gosfilmofond.ru/,https://gosfilmofond.ru/wp-admin/admin-ajax.php#page=496&page_count=100,ok,200,100,0,POST público action=filter_films; página=496; page_count=100; duplicados=0.,
Gosfilmofond of Russia,gosfilmofond-of-russia,Russia,Europe,RU-GOSFILMOFOND,National film archive,https://gosfilmofond.ru/,True,True,https://gosfilmofond.ru/,https://gosfilmofond.ru/wp-admin/admin-ajax.php#page=497&page_count=100,ok,200,100,0,POST público action=filter_films; página=497; page_count=100; duplicados=0.,
Gosfilmofond of Russia,gosfilmofond-of-russia,Russia,Europe,RU-GOSFILMOFOND,National film archive,https://gosfilmofond.ru/,True,True,https://gosfilmofond.ru/,https://gosfilmofond.ru/wp-admin/admin-ajax.php#page=498&page_count=100,ok,200,100,0,POST público action=filter_films; página=498; page_count=100; duplicados=0.,
Gosfilmofond of Russia,gosfilmofond-of-russia,Russia,Europe,RU-GOSFILMOFOND,National film archive,https://gosfilmofond.ru/,True,True,https://gosfilmofond.ru/,https://gosfilmofond.ru/wp-admin/admin-ajax.php#page=499&page_count=100,ok,200,100,0,POST público action=filter_films; página=499; page_count=100; duplicados=0.,
Gosfilmofond of Russia,gosfilmofond-of-russia,Russia,Europe,RU-GOSFILMOFOND,National film archive,https://gosfilmofond.ru/,True,True,https://gosfilmofond.ru/,https://gosfilmofond.ru/wp-admin/admin-ajax.php#page=500&page_count=100,ok,200,100,0,POST público action=filter_films; página=500; page_count=100; duplicados=0.,
Gosfilmofond of Russia,gosfilmofond-of-russia,Russia,Europe,RU-GOSFILMOFOND,National film archive,https://gosfilmofond.ru/,True,True,https://gosfilmofond.ru/,https://gosfilmofond.ru/wp-admin/admin-ajax.php#page=501&page_count=100,ok,200,100,0,POST público action=filter_films; página=501; page_count=100; duplicados=0.,
Gosfilmofond of Russia,gosfilmofond-of-russia,Russia,Europe,RU-GOSFILMOFOND,National film archive,https://gosfilmofond.ru/,True,True,https://gosfilmofond.ru/,https://gosfilmofond.ru/wp-admin/admin-ajax.php#page=502&page_count=100,ok,200,100,0,POST público action=filter_films; página=502; page_count=100; duplicados=0.,
Gosfilmofond of Russia,gosfilmofond-of-russia,Russia,Europe,RU-GOSFILMOFOND,National film archive,https://gosfilmofond.ru/,True,True,https://gosfilmofond.ru/,https://gosfilmofond.ru/wp-admin/admin-ajax.php#page=503&page_count=100,ok,200,100,0,POST público action=filter_films; página=503; page_count=100; duplicados=0.,
Gosfilmofond of Russia,gosfilmofond-of-russia,Russia,Europe,RU-GOSFILMOFOND,National film archive,https://gosfilmofond.ru/,True,True,https://gosfilmofond.ru/,https://gosfilmofond.ru/wp-admin/admin-ajax.php#page=504&page_count=100,ok,200,100,0,POST público action=filter_films; página=504; page_count=100; duplicados=0.,
Gosfilmofond of Russia,gosfilmofond-of-russia,Russia,Europe,RU-GOSFILMOFOND,National film archive,https://gosfilmofond.ru/,True,True,https://gosfilmofond.ru/,https://gosfilmofond.ru/wp-admin/admin-ajax.php#page=505&page_count=100,ok,200,100,0,POST público action=filter_films; página=505; page_count=100; duplicados=0.,
Gosfilmofond of Russia,gosfilmofond-of-russia,Russia,Europe,RU-GOSFILMOFOND,National film archive,https://gosfilmofond.ru/,True,True,https://gosfilmofond.ru/,https://gosfilmofond.ru/wp-admin/admin-ajax.php#page=506&page_count=100,ok,200,100,0,POST público action=filter_films; página=506; page_count=100; duplicados=0.,
Gosfilmofond of Russia,gosfilmofond-of-russia,Russia,Europe,RU-GOSFILMOFOND,National film archive,https://gosfilmofond.ru/,True,True,https://gosfilmofond.ru/,https://gosfilmofond.ru/wp-admin/admin-ajax.php#page=507&page_count=100,ok,200,100,0,POST público action=filter_films; página=507; page_count=100; duplicados=0.,
Gosfilmofond of Russia,gosfilmofond-of-russia,Russia,Europe,RU-GOSFILMOFOND,National film archive,https://gosfilmofond.ru/,True,True,https://gosfilmofond.ru/,https://gosfilmofond.ru/wp-admin/admin-ajax.php#page=508&page_count=100,ok,200,100,0,POST público action=filter_films; página=508; page_count=100; duplicados=0.,
Gosfilmofond of Russia,gosfilmofond-of-russia,Russia,Europe,RU-GOSFILMOFOND,National film archive,https://gosfilmofond.ru/,True,True,https://gosfilmofond.ru/,https://gosfilmofond.ru/wp-admin/admin-ajax.php#page=509&page_count=100,ok,200,100,0,POST público action=filter_films; página=509; page_count=100; duplicados=0.,
Gosfilmofond of Russia,gosfilmofond-of-russia,Russia,Europe,RU-GOSFILMOFOND,National film archive,https://gosfilmofond.ru/,True,True,https://gosfilmofond.ru/,https://gosfilmofond.ru/wp-admin/admin-ajax.php#page=510&page_count=100,ok,200,100,0,POST público action=filter_films; página=510; page_count=100; duplicados=0.,
Gosfilmofond of Russia,gosfilmofond-of-russia,Russia,Europe,RU-GOSFILMOFOND,National film archive,https://gosfilmofond.ru/,True,True,https://gosfilmofond.ru/,https://gosfilmofond.ru/wp-admin/admin-ajax.php#page=511&page_count=100,ok,200,100,0,POST público action=filter_films; página=511; page_count=100; duplicados=0.,
Gosfilmofond of Russia,gosfilmofond-of-russia,Russia,Europe,RU-GOSFILMOFOND,National film archive,https://gosfilmofond.ru/,True,True,https://gosfilmofond.ru/,https://gosfilmofond.ru/wp-admin/admin-ajax.php#page=512&page_count=100,ok,200,100,0,POST público action=filter_films; página=512; page_count=100; duplicados=0.,
Gosfilmofond of Russia,gosfilmofond-of-russia,Russia,Europe,RU-GOSFILMOFOND,National film archive,https://gosfilmofond.ru/,True,True,https://gosfilmofond.ru/,https://gosfilmofond.ru/wp-admin/admin-ajax.php#page=513&page_count=100,ok,200,100,0,POST público action=filter_films; página=513; page_count=100; duplicados=0.,
Gosfilmofond of Russia,gosfilmofond-of-russia,Russia,Europe,RU-GOSFILMOFOND,National film archive,https://gosfilmofond.ru/,True,True,https://gosfilmofond.ru/,https://gosfilmofond.ru/wp-admin/admin-ajax.php#page=514&page_count=100,ok,200,100,0,POST público action=filter_films; página=514; page_count=100; duplicados=0.,
Gosfilmofond of Russia,gosfilmofond-of-russia,Russia,Europe,RU-GOSFILMOFOND,National film archive,https://gosfilmofond.ru/,True,True,https://gosfilmofond.ru/,https://gosfilmofond.ru/wp-admin/admin-ajax.php#page=515&page_count=100,ok,200,100,0,POST público action=filter_films; página=515; page_count=100; duplicados=0.,
Gosfilmofond of Russia,gosfilmofond-of-russia,Russia,Europe,RU-GOSFILMOFOND,National film archive,https://gosfilmofond.ru/,True,True,https://gosfilmofond.ru/,https://gosfilmofond.ru/wp-admin/admin-ajax.php#page=516&page_count=100,ok,200,100,0,POST público action=filter_films; página=516; page_count=100; duplicados=0.,
Gosfilmofond of Russia,gosfilmofond-of-russia,Russia,Europe,RU-GOSFILMOFOND,National film archive,https://gosfilmofond.ru/,True,True,https://gosfilmofond.ru/,https://gosfilmofond.ru/wp-admin/admin-ajax.php#page=517&page_count=100,ok,200,100,0,POST público action=filter_films; página=517; page_count=100; duplicados=0.,
Gosfilmofond of Russia,gosfilmofond-of-russia,Russia,Europe,RU-GOSFILMOFOND,National film archive,https://gosfilmofond.ru/,True,True,https://gosfilmofond.ru/,https://gosfilmofond.ru/wp-admin/admin-ajax.php#page=518&page_count=100,ok,200,100,0,POST público action=filter_films; página=518; page_count=100; duplicados=0.,
Gosfilmofond of Russia,gosfilmofond-of-russia,Russia,Europe,RU-GOSFILMOFOND,National film archive,https://gosfilmofond.ru/,True,True,https://gosfilmofond.ru/,https://gosfilmofond.ru/wp-admin/admin-ajax.php#page=519&page_count=100,ok,200,100,0,POST público action=filter_films; página=519; page_count=100; duplicados=0.,
Gosfilmofond of Russia,gosfilmofond-of-russia,Russia,Europe,RU-GOSFILMOFOND,National film archive,https://gosfilmofond.ru/,True,True,https://gosfilmofond.ru/,https://gosfilmofond.ru/wp-admin/admin-ajax.php#page=520&page_count=100,ok,200,100,0,POST público action=filter_films; página=520; page_count=100; duplicados=0.,
Gosfilmofond of Russia,gosfilmofond-of-russia,Russia,Europe,RU-GOSFILMOFOND,National film archive,https://gosfilmofond.ru/,True,True,https://gosfilmofond.ru/,https://gosfilmofond.ru/wp-admin/admin-ajax.php#page=521&page_count=100,ok,200,100,0,POST público action=filter_films; página=521; page_count=100; duplicados=0.,
Gosfilmofond of Russia,gosfilmofond-of-russia,Russia,Europe,RU-GOSFILMOFOND,National film archive,https://gosfilmofond.ru/,True,True,https://gosfilmofond.ru/,https://gosfilmofond.ru/wp-admin/admin-ajax.php#page=522&page_count=100,ok,200,100,0,POST público action=filter_films; página=522; page_count=100; duplicados=0.,
Gosfilmofond of Russia,gosfilmofond-of-russia,Russia,Europe,RU-GOSFILMOFOND,National film archive,https://gosfilmofond.ru/,True,True,https://gosfilmofond.ru/,https://gosfilmofond.ru/wp-admin/admin-ajax.php#page=523&page_count=100,ok,200,100,0,POST público action=filter_films; página=523; page_count=100; duplicados=0.,
Gosfilmofond of Russia,gosfilmofond-of-russia,Russia,Europe,RU-GOSFILMOFOND,National film archive,https://gosfilmofond.ru/,True,True,https://gosfilmofond.ru/,https://gosfilmofond.ru/wp-admin/admin-ajax.php#page=524&page_count=100,ok,200,100,0,POST público action=filter_films; página=524; page_count=100; duplicados=0.,
Gosfilmofond of Russia,gosfilmofond-of-russia,Russia,Europe,RU-GOSFILMOFOND,National film archive,https://gosfilmofond.ru/,True,True,https://gosfilmofond.ru/,https://gosfilmofond.ru/wp-admin/admin-ajax.php#page=525&page_count=100,ok,200,100,0,POST público action=filter_films; página=525; page_count=100; duplicados=0.,
Gosfilmofond of Russia,gosfilmofond-of-russia,Russia,Europe,RU-GOSFILMOFOND,National film archive,https://gosfilmofond.ru/,True,True,https://gosfilmofond.ru/,https://gosfilmofond.ru/wp-admin/admin-ajax.php#page=526&page_count=100,ok,200,100,0,POST público action=filter_films; página=526; page_count=100; duplicados=0.,
Gosfilmofond of Russia,gosfilmofond-of-russia,Russia,Europe,RU-GOSFILMOFOND,National film archive,https://gosfilmofond.ru/,True,True,https://gosfilmofond.ru/,https://gosfilmofond.ru/wp-admin/admin-ajax.php#page=527&page_count=100,ok,200,100,0,POST público action=filter_films; página=527; page_count=100; duplicados=0.,
Gosfilmofond of Russia,gosfilmofond-of-russia,Russia,Europe,RU-GOSFILMOFOND,National film archive,https://gosfilmofond.ru/,True,True,https://gosfilmofond.ru/,https://gosfilmofond.ru/wp-admin/admin-ajax.php#page=528&page_count=100,ok,200,100,0,POST público action=filter_films; página=528; page_count=100; duplicados=0.,
Gosfilmofond of Russia,gosfilmofond-of-russia,Russia,Europe,RU-GOSFILMOFOND,National film archive,https://gosfilmofond.ru/,True,True,https://gosfilmofond.ru/,https://gosfilmofond.ru/wp-admin/admin-ajax.php#page=529&page_count=100,ok,200,100,0,POST público action=filter_films; página=529; page_count=100; duplicados=0.,
Gosfilmofond of Russia,gosfilmofond-of-russia,Russia,Europe,RU-GOSFILMOFOND,National film archive,https://gosfilmofond.ru/,True,True,https://gosfilmofond.ru/,https://gosfilmofond.ru/wp-admin/admin-ajax.php#page=530&page_count=100,ok,200,100,0,POST público action=filter_films; página=530; page_count=100; duplicados=0.,
Gosfilmofond of Russia,gosfilmofond-of-russia,Russia,Europe,RU-GOSFILMOFOND,National film archive,https://gosfilmofond.ru/,True,True,https://gosfilmofond.ru/,https://gosfilmofond.ru/wp-admin/admin-ajax.php#page=531&page_count=100,ok,200,100,0,POST público action=filter_films; página=531; page_count=100; duplicados=0.,
Gosfilmofond of Russia,gosfilmofond-of-russia,Russia,Europe,RU-GOSFILMOFOND,National film archive,https://gosfilmofond.ru/,True,True,https://gosfilmofond.ru/,https://gosfilmofond.ru/wp-admin/admin-ajax.php#page=532&page_count=100,ok,200,100,0,POST público action=filter_films; página=532; page_count=100; duplicados=0.,
Gosfilmofond of Russia,gosfilmofond-of-russia,Russia,Europe,RU-GOSFILMOFOND,National film archive,https://gosfilmofond.ru/,True,True,https://gosfilmofond.ru/,https://gosfilmofond.ru/wp-admin/admin-ajax.php#page=533&page_count=100,ok,200,100,0,POST público action=filter_films; página=533; page_count=100; duplicados=0.,
Gosfilmofond of Russia,gosfilmofond-of-russia,Russia,Europe,RU-GOSFILMOFOND,National film archive,https://gosfilmofond.ru/,True,True,https://gosfilmofond.ru/,https://gosfilmofond.ru/wp-admin/admin-ajax.php#page=534&page_count=100,ok,200,100,0,POST público action=filter_films; página=534; page_count=100; duplicados=0.,
Gosfilmofond of Russia,gosfilmofond-of-russia,Russia,Europe,RU-GOSFILMOFOND,National film archive,https://gosfilmofond.ru/,True,True,https://gosfilmofond.ru/,https://gosfilmofond.ru/wp-admin/admin-ajax.php#page=535&page_count=100,ok,200,100,0,POST público action=filter_films; página=535; page_count=100; duplicados=0.,
Gosfilmofond of Russia,gosfilmofond-of-russia,Russia,Europe,RU-GOSFILMOFOND,National film archive,https://gosfilmofond.ru/,True,True,https://gosfilmofond.ru/,https://gosfilmofond.ru/wp-admin/admin-ajax.php#page=536&page_count=100,ok,200,100,0,POST público action=filter_films; página=536; page_count=100; duplicados=0.,
Gosfilmofond of Russia,gosfilmofond-of-russia,Russia,Europe,RU-GOSFILMOFOND,National film archive,https://gosfilmofond.ru/,True,True,https://gosfilmofond.ru/,https://gosfilmofond.ru/wp-admin/admin-ajax.php#page=537&page_count=100,ok,200,100,0,POST público action=filter_films; página=537; page_count=100; duplicados=0.,
Gosfilmofond of Russia,gosfilmofond-of-russia,Russia,Europe,RU-GOSFILMOFOND,National film archive,https://gosfilmofond.ru/,True,True,https://gosfilmofond.ru/,https://gosfilmofond.ru/wp-admin/admin-ajax.php#page=538&page_count=100,ok,200,100,0,POST público action=filter_films; página=538; page_count=100; duplicados=0.,
Gosfilmofond of Russia,gosfilmofond-of-russia,Russia,Europe,RU-GOSFILMOFOND,National film archive,https://gosfilmofond.ru/,True,True,https://gosfilmofond.ru/,https://gosfilmofond.ru/wp-admin/admin-ajax.php#page=539&page_count=100,ok,200,100,0,POST público action=filter_films; página=539; page_count=100; duplicados=0.,
Gosfilmofond of Russia,gosfilmofond-of-russia,Russia,Europe,RU-GOSFILMOFOND,National film archive,https://gosfilmofond.ru/,True,True,https://gosfilmofond.ru/,https://gosfilmofond.ru/wp-admin/admin-ajax.php#page=540&page_count=100,ok,200,100,0,POST público action=filter_films; página=540; page_count=100; duplicados=0.,
Gosfilmofond of Russia,gosfilmofond-of-russia,Russia,Europe,RU-GOSFILMOFOND,National film archive,https://gosfilmofond.ru/,True,True,https://gosfilmofond.ru/,https://gosfilmofond.ru/wp-admin/admin-ajax.php#page=541&page_count=100,ok,200,100,0,POST público action=filter_films; página=541; page_count=100; duplicados=0.,
Gosfilmofond of Russia,gosfilmofond-of-russia,Russia,Europe,RU-GOSFILMOFOND,National film archive,https://gosfilmofond.ru/,True,True,https://gosfilmofond.ru/,https://gosfilmofond.ru/wp-admin/admin-ajax.php#page=542&page_count=100,ok,200,100,0,POST público action=filter_films; página=542; page_count=100; duplicados=0.,
Gosfilmofond of Russia,gosfilmofond-of-russia,Russia,Europe,RU-GOSFILMOFOND,National film archive,https://gosfilmofond.ru/,True,True,https://gosfilmofond.ru/,https://gosfilmofond.ru/wp-admin/admin-ajax.php#page=543&page_count=100,ok,200,100,0,POST público action=filter_films; página=543; page_count=100; duplicados=0.,
Gosfilmofond of Russia,gosfilmofond-of-russia,Russia,Europe,RU-GOSFILMOFOND,National film archive,https://gosfilmofond.ru/,True,True,https://gosfilmofond.ru/,https://gosfilmofond.ru/wp-admin/admin-ajax.php#page=544&page_count=100,ok,200,100,0,POST público action=filter_films; página=544; page_count=100; duplicados=0.,
Gosfilmofond of Russia,gosfilmofond-of-russia,Russia,Europe,RU-GOSFILMOFOND,National film archive,https://gosfilmofond.ru/,True,True,https://gosfilmofond.ru/,https://gosfilmofond.ru/wp-admin/admin-ajax.php#page=545&page_count=100,ok,200,100,0,POST público action=filter_films; página=545; page_count=100; duplicados=0.,
Gosfilmofond of Russia,gosfilmofond-of-russia,Russia,Europe,RU-GOSFILMOFOND,National film archive,https://gosfilmofond.ru/,True,True,https://gosfilmofond.ru/,https://gosfilmofond.ru/wp-admin/admin-ajax.php#page=546&page_count=100,ok,200,100,0,POST público action=filter_films; página=546; page_count=100; duplicados=0.,
Gosfilmofond of Russia,gosfilmofond-of-russia,Russia,Europe,RU-GOSFILMOFOND,National film archive,https://gosfilmofond.ru/,True,True,https://gosfilmofond.ru/,https://gosfilmofond.ru/wp-admin/admin-ajax.php#page=547&page_count=100,ok,200,100,0,POST público action=filter_films; página=547; page_count=100; duplicados=0.,
Gosfilmofond of Russia,gosfilmofond-of-russia,Russia,Europe,RU-GOSFILMOFOND,National film archive,https://gosfilmofond.ru/,True,True,https://gosfilmofond.ru/,https://gosfilmofond.ru/wp-admin/admin-ajax.php#page=548&page_count=100,ok,200,100,0,POST público action=filter_films; página=548; page_count=100; duplicados=0.,
Gosfilmofond of Russia,gosfilmofond-of-russia,Russia,Europe,RU-GOSFILMOFOND,National film archive,https://gosfilmofond.ru/,True,True,https://gosfilmofond.ru/,https://gosfilmofond.ru/wp-admin/admin-ajax.php#page=549&page_count=100,ok,200,100,0,POST público action=filter_films; página=549; page_count=100; duplicados=0.,
Gosfilmofond of Russia,gosfilmofond-of-russia,Russia,Europe,RU-GOSFILMOFOND,National film archive,https://gosfilmofond.ru/,True,True,https://gosfilmofond.ru/,https://gosfilmofond.ru/wp-admin/admin-ajax.php#page=550&page_count=100,ok,200,100,0,POST público action=filter_films; página=550; page_count=100; duplicados=0.,
Gosfilmofond of Russia,gosfilmofond-of-russia,Russia,Europe,RU-GOSFILMOFOND,National film archive,https://gosfilmofond.ru/,True,True,https://gosfilmofond.ru/,https://gosfilmofond.ru/wp-admin/admin-ajax.php#page=551&page_count=100,ok,200,100,0,POST público action=filter_films; página=551; page_count=100; duplicados=0.,
Gosfilmofond of Russia,gosfilmofond-of-russia,Russia,Europe,RU-GOSFILMOFOND,National film archive,https://gosfilmofond.ru/,True,True,https://gosfilmofond.ru/,https://gosfilmofond.ru/wp-admin/admin-ajax.php#page=552&page_count=100,ok,200,100,0,POST público action=filter_films; página=552; page_count=100; duplicados=0.,
Gosfilmofond of Russia,gosfilmofond-of-russia,Russia,Europe,RU-GOSFILMOFOND,National film archive,https://gosfilmofond.ru/,True,True,https://gosfilmofond.ru/,https://gosfilmofond.ru/wp-admin/admin-ajax.php#page=553&page_count=100,ok,200,100,0,POST público action=filter_films; página=553; page_count=100; duplicados=0.,
Gosfilmofond of Russia,gosfilmofond-of-russia,Russia,Europe,RU-GOSFILMOFOND,National film archive,https://gosfilmofond.ru/,True,True,https://gosfilmofond.ru/,https://gosfilmofond.ru/wp-admin/admin-ajax.php#page=554&page_count=100,ok,200,100,0,POST público action=filter_films; página=554; page_count=100; duplicados=0.,
Gosfilmofond of Russia,gosfilmofond-of-russia,Russia,Europe,RU-GOSFILMOFOND,National film archive,https://gosfilmofond.ru/,True,True,https://gosfilmofond.ru/,https://gosfilmofond.ru/wp-admin/admin-ajax.php#page=555&page_count=100,ok,200,100,0,POST público action=filter_films; página=555; page_count=100; duplicados=0.,
Gosfilmofond of Russia,gosfilmofond-of-russia,Russia,Europe,RU-GOSFILMOFOND,National film archive,https://gosfilmofond.ru/,True,True,https://gosfilmofond.ru/,https://gosfilmofond.ru/wp-admin/admin-ajax.php#page=556&page_count=100,ok,200,100,0,POST público action=filter_films; página=556; page_count=100; duplicados=0.,
Gosfilmofond of Russia,gosfilmofond-of-russia,Russia,Europe,RU-GOSFILMOFOND,National film archive,https://gosfilmofond.ru/,True,True,https://gosfilmofond.ru/,https://gosfilmofond.ru/wp-admin/admin-ajax.php#page=557&page_count=100,ok,200,100,0,POST público action=filter_films; página=557; page_count=100; duplicados=0.,
Gosfilmofond of Russia,gosfilmofond-of-russia,Russia,Europe,RU-GOSFILMOFOND,National film archive,https://gosfilmofond.ru/,True,True,https://gosfilmofond.ru/,https://gosfilmofond.ru/wp-admin/admin-ajax.php#page=558&page_count=100,ok,200,100,0,POST público action=filter_films; página=558; page_count=100; duplicados=0.,
Gosfilmofond of Russia,gosfilmofond-of-russia,Russia,Europe,RU-GOSFILMOFOND,National film archive,https://gosfilmofond.ru/,True,True,https://gosfilmofond.ru/,https://gosfilmofond.ru/wp-admin/admin-ajax.php#page=559&page_count=100,ok,200,100,0,POST público action=filter_films; página=559; page_count=100; duplicados=0.,
Gosfilmofond of Russia,gosfilmofond-of-russia,Russia,Europe,RU-GOSFILMOFOND,National film archive,https://gosfilmofond.ru/,True,True,https://gosfilmofond.ru/,https://gosfilmofond.ru/wp-admin/admin-ajax.php#page=560&page_count=100,ok,200,100,0,POST público action=filter_films; página=560; page_count=100; duplicados=0.,
Gosfilmofond of Russia,gosfilmofond-of-russia,Russia,Europe,RU-GOSFILMOFOND,National film archive,https://gosfilmofond.ru/,True,True,https://gosfilmofond.ru/,https://gosfilmofond.ru/wp-admin/admin-ajax.php#page=561&page_count=100,ok,200,100,0,POST público action=filter_films; página=561; page_count=100; duplicados=0.,
Gosfilmofond of Russia,gosfilmofond-of-russia,Russia,Europe,RU-GOSFILMOFOND,National film archive,https://gosfilmofond.ru/,True,True,https://gosfilmofond.ru/,https://gosfilmofond.ru/wp-admin/admin-ajax.php#page=562&page_count=100,ok,200,100,0,POST público action=filter_films; página=562; page_count=100; duplicados=0.,
Gosfilmofond of Russia,gosfilmofond-of-russia,Russia,Europe,RU-GOSFILMOFOND,National film archive,https://gosfilmofond.ru/,True,True,https://gosfilmofond.ru/,https://gosfilmofond.ru/wp-admin/admin-ajax.php#page=563&page_count=100,ok,200,100,0,POST público action=filter_films; página=563; page_count=100; duplicados=0.,
Gosfilmofond of Russia,gosfilmofond-of-russia,Russia,Europe,RU-GOSFILMOFOND,National film archive,https://gosfilmofond.ru/,True,True,https://gosfilmofond.ru/,https://gosfilmofond.ru/wp-admin/admin-ajax.php#page=564&page_count=100,ok,200,100,0,POST público action=filter_films; página=564; page_count=100; duplicados=0.,
Gosfilmofond of Russia,gosfilmofond-of-russia,Russia,Europe,RU-GOSFILMOFOND,National film archive,https://gosfilmofond.ru/,True,True,https://gosfilmofond.ru/,https://gosfilmofond.ru/wp-admin/admin-ajax.php#page=565&page_count=100,ok,200,100,0,POST público action=filter_films; página=565; page_count=100; duplicados=0.,
Gosfilmofond of Russia,gosfilmofond-of-russia,Russia,Europe,RU-GOSFILMOFOND,National film archive,https://gosfilmofond.ru/,True,True,https://gosfilmofond.ru/,https://gosfilmofond.ru/wp-admin/admin-ajax.php#page=566&page_count=100,ok,200,100,0,POST público action=filter_films; página=566; page_count=100; duplicados=0.,
Gosfilmofond of Russia,gosfilmofond-of-russia,Russia,Europe,RU-GOSFILMOFOND,National film archive,https://gosfilmofond.ru/,True,True,https://gosfilmofond.ru/,https://gosfilmofond.ru/wp-admin/admin-ajax.php#page=567&page_count=100,ok,200,100,0,POST público action=filter_films; página=567; page_count=100; duplicados=0.,
Gosfilmofond of Russia,gosfilmofond-of-russia,Russia,Europe,RU-GOSFILMOFOND,National film archive,https://gosfilmofond.ru/,True,True,https://gosfilmofond.ru/,https://gosfilmofond.ru/wp-admin/admin-ajax.php#page=568&page_count=100,ok,200,100,0,POST público action=filter_films; página=568; page_count=100; duplicados=0.,
Gosfilmofond of Russia,gosfilmofond-of-russia,Russia,Europe,RU-GOSFILMOFOND,National film archive,https://gosfilmofond.ru/,True,True,https://gosfilmofond.ru/,https://gosfilmofond.ru/wp-admin/admin-ajax.php#page=569&page_count=100,ok,200,100,0,POST público action=filter_films; página=569; page_count=100; duplicados=0.,
Gosfilmofond of Russia,gosfilmofond-of-russia,Russia,Europe,RU-GOSFILMOFOND,National film archive,https://gosfilmofond.ru/,True,True,https://gosfilmofond.ru/,https://gosfilmofond.ru/wp-admin/admin-ajax.php#page=570&page_count=100,ok,200,100,0,POST público action=filter_films; página=570; page_count=100; duplicados=0.,
Gosfilmofond of Russia,gosfilmofond-of-russia,Russia,Europe,RU-GOSFILMOFOND,National film archive,https://gosfilmofond.ru/,True,True,https://gosfilmofond.ru/,https://gosfilmofond.ru/wp-admin/admin-ajax.php#page=571&page_count=100,ok,200,100,0,POST público action=filter_films; página=571; page_count=100; duplicados=0.,
Gosfilmofond of Russia,gosfilmofond-of-russia,Russia,Europe,RU-GOSFILMOFOND,National film archive,https://gosfilmofond.ru/,True,True,https://gosfilmofond.ru/,https://gosfilmofond.ru/wp-admin/admin-ajax.php#page=572&page_count=100,ok,200,100,0,POST público action=filter_films; página=572; page_count=100; duplicados=0.,
Gosfilmofond of Russia,gosfilmofond-of-russia,Russia,Europe,RU-GOSFILMOFOND,National film archive,https://gosfilmofond.ru/,True,True,https://gosfilmofond.ru/,https://gosfilmofond.ru/wp-admin/admin-ajax.php#page=573&page_count=100,ok,200,100,0,POST público action=filter_films; página=573; page_count=100; duplicados=0.,
Gosfilmofond of Russia,gosfilmofond-of-russia,Russia,Europe,RU-GOSFILMOFOND,National film archive,https://gosfilmofond.ru/,True,True,https://gosfilmofond.ru/,https://gosfilmofond.ru/wp-admin/admin-ajax.php#page=574&page_count=100,ok,200,100,0,POST público action=filter_films; página=574; page_count=100; duplicados=0.,
Gosfilmofond of Russia,gosfilmofond-of-russia,Russia,Europe,RU-GOSFILMOFOND,National film archive,https://gosfilmofond.ru/,True,True,https://gosfilmofond.ru/,https://gosfilmofond.ru/wp-admin/admin-ajax.php#page=575&page_count=100,ok,200,100,0,POST público action=filter_films; página=575; page_count=100; duplicados=0.,
Gosfilmofond of Russia,gosfilmofond-of-russia,Russia,Europe,RU-GOSFILMOFOND,National film archive,https://gosfilmofond.ru/,True,True,https://gosfilmofond.ru/,https://gosfilmofond.ru/wp-admin/admin-ajax.php#page=576&page_count=100,ok,200,100,0,POST público action=filter_films; página=576; page_count=100; duplicados=0.,
Gosfilmofond of Russia,gosfilmofond-of-russia,Russia,Europe,RU-GOSFILMOFOND,National film archive,https://gosfilmofond.ru/,True,True,https://gosfilmofond.ru/,https://gosfilmofond.ru/wp-admin/admin-ajax.php#page=577&page_count=100,ok,200,100,0,POST público action=filter_films; página=577; page_count=100; duplicados=0.,
Gosfilmofond of Russia,gosfilmofond-of-russia,Russia,Europe,RU-GOSFILMOFOND,National film archive,https://gosfilmofond.ru/,True,True,https://gosfilmofond.ru/,https://gosfilmofond.ru/wp-admin/admin-ajax.php#page=578&page_count=100,ok,200,100,0,POST público action=filter_films; página=578; page_count=100; duplicados=0.,
Gosfilmofond of Russia,gosfilmofond-of-russia,Russia,Europe,RU-GOSFILMOFOND,National film archive,https://gosfilmofond.ru/,True,True,https://gosfilmofond.ru/,https://gosfilmofond.ru/wp-admin/admin-ajax.php#page=579&page_count=100,ok,200,100,0,POST público action=filter_films; página=579; page_count=100; duplicados=0.,
Gosfilmofond of Russia,gosfilmofond-of-russia,Russia,Europe,RU-GOSFILMOFOND,National film archive,https://gosfilmofond.ru/,True,True,https://gosfilmofond.ru/,https://gosfilmofond.ru/wp-admin/admin-ajax.php#page=580&page_count=100,ok,200,100,0,POST público action=filter_films; página=580; page_count=100; duplicados=0.,
Gosfilmofond of Russia,gosfilmofond-of-russia,Russia,Europe,RU-GOSFILMOFOND,National film archive,https://gosfilmofond.ru/,True,True,https://gosfilmofond.ru/,https://gosfilmofond.ru/wp-admin/admin-ajax.php#page=581&page_count=100,ok,200,100,0,POST público action=filter_films; página=581; page_count=100; duplicados=0.,
Gosfilmofond of Russia,gosfilmofond-of-russia,Russia,Europe,RU-GOSFILMOFOND,National film archive,https://gosfilmofond.ru/,True,True,https://gosfilmofond.ru/,https://gosfilmofond.ru/wp-admin/admin-ajax.php#page=582&page_count=100,ok,200,100,0,POST público action=filter_films; página=582; page_count=100; duplicados=0.,
Gosfilmofond of Russia,gosfilmofond-of-russia,Russia,Europe,RU-GOSFILMOFOND,National film archive,https://gosfilmofond.ru/,True,True,https://gosfilmofond.ru/,https://gosfilmofond.ru/wp-admin/admin-ajax.php#page=583&page_count=100,ok,200,100,0,POST público action=filter_films; página=583; page_count=100; duplicados=0.,
Gosfilmofond of Russia,gosfilmofond-of-russia,Russia,Europe,RU-GOSFILMOFOND,National film archive,https://gosfilmofond.ru/,True,True,https://gosfilmofond.ru/,https://gosfilmofond.ru/wp-admin/admin-ajax.php#page=584&page_count=100,ok,200,100,0,POST público action=filter_films; página=584; page_count=100; duplicados=0.,
Gosfilmofond of Russia,gosfilmofond-of-russia,Russia,Europe,RU-GOSFILMOFOND,National film archive,https://gosfilmofond.ru/,True,True,https://gosfilmofond.ru/,https://gosfilmofond.ru/wp-admin/admin-ajax.php#page=585&page_count=100,ok,200,100,0,POST público action=filter_films; página=585; page_count=100; duplicados=0.,
Gosfilmofond of Russia,gosfilmofond-of-russia,Russia,Europe,RU-GOSFILMOFOND,National film archive,https://gosfilmofond.ru/,True,True,https://gosfilmofond.ru/,https://gosfilmofond.ru/wp-admin/admin-ajax.php#page=586&page_count=100,ok,200,100,0,POST público action=filter_films; página=586; page_count=100; duplicados=0.,
Gosfilmofond of Russia,gosfilmofond-of-russia,Russia,Europe,RU-GOSFILMOFOND,National film archive,https://gosfilmofond.ru/,True,True,https://gosfilmofond.ru/,https://gosfilmofond.ru/wp-admin/admin-ajax.php#page=587&page_count=100,ok,200,100,0,POST público action=filter_films; página=587; page_count=100; duplicados=0.,
Gosfilmofond of Russia,gosfilmofond-of-russia,Russia,Europe,RU-GOSFILMOFOND,National film archive,https://gosfilmofond.ru/,True,True,https://gosfilmofond.ru/,https://gosfilmofond.ru/wp-admin/admin-ajax.php#page=588&page_count=100,ok,200,100,0,POST público action=filter_films; página=588; page_count=100; duplicados=0.,
Gosfilmofond of Russia,gosfilmofond-of-russia,Russia,Europe,RU-GOSFILMOFOND,National film archive,https://gosfilmofond.ru/,True,True,https://gosfilmofond.ru/,https://gosfilmofond.ru/wp-admin/admin-ajax.php#page=589&page_count=100,ok,200,100,0,POST público action=filter_films; página=589; page_count=100; duplicados=0.,
Gosfilmofond of Russia,gosfilmofond-of-russia,Russia,Europe,RU-GOSFILMOFOND,National film archive,https://gosfilmofond.ru/,True,True,https://gosfilmofond.ru/,https://gosfilmofond.ru/wp-admin/admin-ajax.php#page=590&page_count=100,ok,200,100,0,POST público action=filter_films; página=590; page_count=100; duplicados=0.,
Gosfilmofond of Russia,gosfilmofond-of-russia,Russia,Europe,RU-GOSFILMOFOND,National film archive,https://gosfilmofond.ru/,True,True,https://gosfilmofond.ru/,https://gosfilmofond.ru/wp-admin/admin-ajax.php#page=591&page_count=100,ok,200,100,0,POST público action=filter_films; página=591; page_count=100; duplicados=0.,
Gosfilmofond of Russia,gosfilmofond-of-russia,Russia,Europe,RU-GOSFILMOFOND,National film archive,https://gosfilmofond.ru/,True,True,https://gosfilmofond.ru/,https://gosfilmofond.ru/wp-admin/admin-ajax.php#page=592&page_count=100,ok,200,100,0,POST público action=filter_films; página=592; page_count=100; duplicados=0.,
Gosfilmofond of Russia,gosfilmofond-of-russia,Russia,Europe,RU-GOSFILMOFOND,National film archive,https://gosfilmofond.ru/,True,True,https://gosfilmofond.ru/,https://gosfilmofond.ru/wp-admin/admin-ajax.php#page=593&page_count=100,ok,200,100,0,POST público action=filter_films; página=593; page_count=100; duplicados=0.,
Gosfilmofond of Russia,gosfilmofond-of-russia,Russia,Europe,RU-GOSFILMOFOND,National film archive,https://gosfilmofond.ru/,True,True,https://gosfilmofond.ru/,https://gosfilmofond.ru/wp-admin/admin-ajax.php#page=594&page_count=100,ok,200,100,0,POST público action=filter_films; página=594; page_count=100; duplicados=0.,
Gosfilmofond of Russia,gosfilmofond-of-russia,Russia,Europe,RU-GOSFILMOFOND,National film archive,https://gosfilmofond.ru/,True,True,https://gosfilmofond.ru/,https://gosfilmofond.ru/wp-admin/admin-ajax.php#page=595&page_count=100,ok,200,100,0,POST público action=filter_films; página=595; page_count=100; duplicados=0.,
Gosfilmofond of Russia,gosfilmofond-of-russia,Russia,Europe,RU-GOSFILMOFOND,National film archive,https://gosfilmofond.ru/,True,True,https://gosfilmofond.ru/,https://gosfilmofond.ru/wp-admin/admin-ajax.php#page=596&page_count=100,ok,200,100,0,POST público action=filter_films; página=596; page_count=100; duplicados=0.,
Gosfilmofond of Russia,gosfilmofond-of-russia,Russia,Europe,RU-GOSFILMOFOND,National film archive,https://gosfilmofond.ru/,True,True,https://gosfilmofond.ru/,https://gosfilmofond.ru/wp-admin/admin-ajax.php#page=597&page_count=100,ok,200,100,0,POST público action=filter_films; página=597; page_count=100; duplicados=0.,
Gosfilmofond of Russia,gosfilmofond-of-russia,Russia,Europe,RU-GOSFILMOFOND,National film archive,https://gosfilmofond.ru/,True,True,https://gosfilmofond.ru/,https://gosfilmofond.ru/wp-admin/admin-ajax.php#page=598&page_count=100,ok,200,33,0,POST público action=filter_films; página=598; page_count=100; duplicados=0.,
