institution,slug,country,continent,repository_code,archive_type,ifi_archive_player_detail_url,content_available_in_source,website_available,partner_site,platform,video_link,video_title,video_subject,video_description,video_published_at
IFI Irish Film Archive,ifi-irish-film-archive,Ireland,Europe,IE-IFI-IFA,National film archive,https://ifiarchiveplayer.ie/,True,True,https://ifiarchiveplayer.ie/,IFI Archive Player,https://ifiarchiveplayer.ie/a-day-of-drama-2/,A Day of Drama – Trish McAdam Filmmaker Playlist,"Filmmaker Playlist, Trish McAdam Filmmaker Playlist, The Irish Independence Film Collection Directed by: IFI | British Pathé Produced by: IFI | British Pathé Year: 2022 | 1922 Duration: 4 mins Language: English | Silent with English Intertitles Our second IFI Filmmaker Playlist is curated by filmmaker and visual artist Trish McAdam. Since the production of her early shorts in the 1980s, Trish has created a vibrant and varied body of work, embracing a range of forms and subjects and retaining a...","Public film-page metadata exposed by the IFI Archive Player. The permalink represents a public viewing/metadata surface; MAR does not download or redistribute the audiovisual media and does not infer a licence to reproduce it. Category: Filmmaker Playlist, Trish McAdam Filmmaker Playlist, The Irish Independence Film Collection Directed by: IFI | British Pathé Produced by: IFI | British Pathé Year: 2022 | 1922 Duration: 4 mins Language: English | Silent with English Intertitles Our second IFI Filmmaker Playlist is curated by filmmaker and visual artist Trish McAdam. Since the production of her early shorts in the 1980s, Trish has created a vibrant and varied body of work, embracing a range of forms and subjects and retaining a...; Directed by: IFI | British Pathé; Produced by: IFI | British Pathé; Duration: 4 mins; Language: English | Silent with English Intertitles.",2022 | 1922
IFI Irish Film Archive,ifi-irish-film-archive,Ireland,Europe,IE-IFI-IFA,National film archive,https://ifiarchiveplayer.ie/,True,True,https://ifiarchiveplayer.ie/,IFI Archive Player,https://ifiarchiveplayer.ie/a-good-age-introduction/,An Introduction to A Good Age,"Loopline Collection, TV Series, A Good Age Directed by: IFI Produced by: IFI Year: 2019 Duration: 2 mins Language: English A Good Age is a six-part television series, directed by Sé Merry Doyle, tackling head-on the myths and misconceptions that result in ageism. A forthright approach was taken throughout as the joys and realities of getting older are examined.","Public film-page metadata exposed by the IFI Archive Player. The permalink represents a public viewing/metadata surface; MAR does not download or redistribute the audiovisual media and does not infer a licence to reproduce it. Category: Loopline Collection, TV Series, A Good Age Directed by: IFI Produced by: IFI Year: 2019 Duration: 2 mins Language: English A Good Age is a six-part television series, directed by Sé Merry Doyle, tackling head-on the myths and misconceptions that result in ageism. A forthright approach was taken throughout as the joys and realities of getting older are examined.; Directed by: IFI; Produced by: IFI; Duration: 2 mins; Language: English.",2019
IFI Irish Film Archive,ifi-irish-film-archive,Ireland,Europe,IE-IFI-IFA,National film archive,https://ifiarchiveplayer.ie/,True,True,https://ifiarchiveplayer.ie/,IFI Archive Player,https://ifiarchiveplayer.ie/a-fathers-letter/,A Father’s Letter,"Irish Culture, History, Short Film, Documentary Directed by: Joe Dolan Produced by: Niamh Heery, Swansong Films Year: 2016 Duration: 12 mins Language: English On the eve of his execution on May 7th 1916, Michael Mallin’s two-year-old son Joseph was brought to see him in Kilmainham Gaol. That night, his father wrote a letter that would change Joseph’s life forever. In it he tells his family that he loves them and asks his little boy to be a priest. Funded by Fís Éireann/ Screen Ireland (formerly...","Public film-page metadata exposed by the IFI Archive Player. The permalink represents a public viewing/metadata surface; MAR does not download or redistribute the audiovisual media and does not infer a licence to reproduce it. Category: Irish Culture, History, Short Film, Documentary Directed by: Joe Dolan Produced by: Niamh Heery, Swansong Films Year: 2016 Duration: 12 mins Language: English On the eve of his execution on May 7th 1916, Michael Mallin’s two-year-old son Joseph was brought to see him in Kilmainham Gaol. That night, his father wrote a letter that would change Joseph’s life forever. In it he tells his family that he loves them and asks his little boy to be a priest. Funded by Fís Éireann/ Screen Ireland (formerly...; Directed by: Joe Dolan; Produced by: Niamh Heery, Swansong Films; Duration: 12 mins; Language: English.",2016
IFI Irish Film Archive,ifi-irish-film-archive,Ireland,Europe,IE-IFI-IFA,National film archive,https://ifiarchiveplayer.ie/,True,True,https://ifiarchiveplayer.ie/,IFI Archive Player,https://ifiarchiveplayer.ie/a-terrible-hullabaloo/,A Terrible Hullabaloo,"Irish Culture, History, Short Film, After '16, Children on Film Directed by: Ben O'Conor Produced by: Bob Gallagher, Bowsie Workshop Year: 2016 Duration: 9 mins Language: English The story of young Vinny Byrne, a fourteen-year-old boy who found himself fighting for Ireland in the Easter Rising. An eighty-year-old Vinny reminisces on his time with the volunteers, which took him around the city during the fighting. With Vinny’s Dublin brought to life by handmade miniature sets and puppetry, the f...","Public film-page metadata exposed by the IFI Archive Player. The permalink represents a public viewing/metadata surface; MAR does not download or redistribute the audiovisual media and does not infer a licence to reproduce it. Category: Irish Culture, History, Short Film, After '16, Children on Film Directed by: Ben O'Conor Produced by: Bob Gallagher, Bowsie Workshop Year: 2016 Duration: 9 mins Language: English The story of young Vinny Byrne, a fourteen-year-old boy who found himself fighting for Ireland in the Easter Rising. An eighty-year-old Vinny reminisces on his time with the volunteers, which took him around the city during the fighting. With Vinny’s Dublin brought to life by handmade miniature sets and puppetry, the f...; Directed by: Ben O'Conor; Produced by: Bob Gallagher, Bowsie Workshop; Duration: 9 mins; Language: English.",2016
IFI Irish Film Archive,ifi-irish-film-archive,Ireland,Europe,IE-IFI-IFA,National film archive,https://ifiarchiveplayer.ie/,True,True,https://ifiarchiveplayer.ie/,IFI Archive Player,https://ifiarchiveplayer.ie/23-degrees-5-minutes/,23 Degrees 5 minutes,"Animation Directed by: Darragh O'Connell Produced by: Colm Tyrrell, Brown Bag Films Year: 2011 Duration: 10 mins Language: English An old explorer close to freezing in the Arctic re-lives the events that brought him there. He recalls his student days at Trinity College in Dublin when he studied under the enigmatic Professor Orit, the professor who was driven to madness by his obsessive pursuit of the unified theory. Convinced that the answer somehow lay in the relationship between the numbers t...","Public film-page metadata exposed by the IFI Archive Player. The permalink represents a public viewing/metadata surface; MAR does not download or redistribute the audiovisual media and does not infer a licence to reproduce it. Category: Animation Directed by: Darragh O'Connell Produced by: Colm Tyrrell, Brown Bag Films Year: 2011 Duration: 10 mins Language: English An old explorer close to freezing in the Arctic re-lives the events that brought him there. He recalls his student days at Trinity College in Dublin when he studied under the enigmatic Professor Orit, the professor who was driven to madness by his obsessive pursuit of the unified theory. Convinced that the answer somehow lay in the relationship between the numbers t...; Directed by: Darragh O'Connell; Produced by: Colm Tyrrell, Brown Bag Films; Duration: 10 mins; Language: English.",2011
IFI Irish Film Archive,ifi-irish-film-archive,Ireland,Europe,IE-IFI-IFA,National film archive,https://ifiarchiveplayer.ie/,True,True,https://ifiarchiveplayer.ie/,IFI Archive Player,https://ifiarchiveplayer.ie/a-ferret-call-mickey/,A Ferret Called Mickey,"LGBT+, Short Film, Drama, Children on Film Directed by: Barry Dignam Produced by: Rough Magic Films Year: 2003 Duration: 10 mins Language: English Eight year old Paulie is happiest when dressing-up in his mother’s high heels and having tea parties in the garden. His father however would prefer him to involved in more ‘manly’ pursuits and decides to take action. It is left to Mickey, a ferret with the cutest nose and the sharpest teeth, to sort out the men from the boys. This film is part of Chi...","Public film-page metadata exposed by the IFI Archive Player. The permalink represents a public viewing/metadata surface; MAR does not download or redistribute the audiovisual media and does not infer a licence to reproduce it. Category: LGBT+, Short Film, Drama, Children on Film Directed by: Barry Dignam Produced by: Rough Magic Films Year: 2003 Duration: 10 mins Language: English Eight year old Paulie is happiest when dressing-up in his mother’s high heels and having tea parties in the garden. His father however would prefer him to involved in more ‘manly’ pursuits and decides to take action. It is left to Mickey, a ferret with the cutest nose and the sharpest teeth, to sort out the men from the boys. This film is part of Chi...; Directed by: Barry Dignam; Produced by: Rough Magic Films; Duration: 10 mins; Language: English.",2003
IFI Irish Film Archive,ifi-irish-film-archive,Ireland,Europe,IE-IFI-IFA,National film archive,https://ifiarchiveplayer.ie/,True,True,https://ifiarchiveplayer.ie/,IFI Archive Player,https://ifiarchiveplayer.ie/a-plague-on-both-your-houses/,A Plague on Both Your Houses,"Documentary Directed by: Margo Harkin Produced by: Margo Harkin Year: 1999 Duration: 39 mins Language: English Couples from mixed Protestant and Catholic marriages recount the difficulties they’ve encountered in a divided society, including rejection by their families, friction in the workplace, intimidation in their neighbourhoods, and the bullying suffered by their children for choices made by their parents. They also detail their strategies of resistance and survival, and significant instanc...","Public film-page metadata exposed by the IFI Archive Player. The permalink represents a public viewing/metadata surface; MAR does not download or redistribute the audiovisual media and does not infer a licence to reproduce it. Category: Documentary Directed by: Margo Harkin Produced by: Margo Harkin Year: 1999 Duration: 39 mins Language: English Couples from mixed Protestant and Catholic marriages recount the difficulties they’ve encountered in a divided society, including rejection by their families, friction in the workplace, intimidation in their neighbourhoods, and the bullying suffered by their children for choices made by their parents. They also detail their strategies of resistance and survival, and significant instanc...; Directed by: Margo Harkin; Produced by: Margo Harkin; Duration: 39 mins; Language: English.",1999
IFI Irish Film Archive,ifi-irish-film-archive,Ireland,Europe,IE-IFI-IFA,National film archive,https://ifiarchiveplayer.ie/,True,True,https://ifiarchiveplayer.ie/,IFI Archive Player,https://ifiarchiveplayer.ie/a-good-age-ageism/,Ageism – A Good Age: Episode 1,"Loopline Collection, TV Series, A Good Age Directed by: Sé Merry Doyle Produced by: Bernadine Carraher, Loopline Year: 1997 Duration: 26 mins Language: English Ageism is the first in a six-part television series that tackles the everyday myths and misconceptions that result in ageism. This episode explores ‘the propaganda of old age’ – mainly the senior citizen concerns of aging and illness, sexuality, and self-worth. This episode opens with an appearance by Olwen Fouéré and features contributi...","Public film-page metadata exposed by the IFI Archive Player. The permalink represents a public viewing/metadata surface; MAR does not download or redistribute the audiovisual media and does not infer a licence to reproduce it. Category: Loopline Collection, TV Series, A Good Age Directed by: Sé Merry Doyle Produced by: Bernadine Carraher, Loopline Year: 1997 Duration: 26 mins Language: English Ageism is the first in a six-part television series that tackles the everyday myths and misconceptions that result in ageism. This episode explores ‘the propaganda of old age’ – mainly the senior citizen concerns of aging and illness, sexuality, and self-worth. This episode opens with an appearance by Olwen Fouéré and features contributi...; Directed by: Sé Merry Doyle; Produced by: Bernadine Carraher, Loopline; Duration: 26 mins; Language: English.",1997
IFI Irish Film Archive,ifi-irish-film-archive,Ireland,Europe,IE-IFI-IFA,National film archive,https://ifiarchiveplayer.ie/,True,True,https://ifiarchiveplayer.ie/,IFI Archive Player,https://ifiarchiveplayer.ie/a-good-age-fighting-back/,Fighting Back – A Good Age: Episode 6,"Loopline Collection, TV Series, A Good Age Directed by: Sé Merry Doyle Produced by: Bernadine Carraher, Loopline Year: 1997 Duration: 26 mins Language: English The last episode of A Good Age explores the media representation of senior citizens and of the ageing process. Mary Robinson outlines her support for the Senior Citizen’s Parliament and Proinsias De Rossa discusses the enormous contribution senior citizens can make to society. Several others explore the effects of consumerism on senior c...","Public film-page metadata exposed by the IFI Archive Player. The permalink represents a public viewing/metadata surface; MAR does not download or redistribute the audiovisual media and does not infer a licence to reproduce it. Category: Loopline Collection, TV Series, A Good Age Directed by: Sé Merry Doyle Produced by: Bernadine Carraher, Loopline Year: 1997 Duration: 26 mins Language: English The last episode of A Good Age explores the media representation of senior citizens and of the ageing process. Mary Robinson outlines her support for the Senior Citizen’s Parliament and Proinsias De Rossa discusses the enormous contribution senior citizens can make to society. Several others explore the effects of consumerism on senior c...; Directed by: Sé Merry Doyle; Produced by: Bernadine Carraher, Loopline; Duration: 26 mins; Language: English.",1997
IFI Irish Film Archive,ifi-irish-film-archive,Ireland,Europe,IE-IFI-IFA,National film archive,https://ifiarchiveplayer.ie/,True,True,https://ifiarchiveplayer.ie/,IFI Archive Player,https://ifiarchiveplayer.ie/a-good-age-looking/,Looking After Yourself – A Good Age: Episode 3,"Loopline Collection, TV Series, A Good Age Directed by: Sé Merry Doyle Produced by: Bernadine Carraher, Loopline Year: 1997 Duration: 26 mins Language: English Looking After Yourself explores how ageism can create low self-esteem in senior citizens and can compromise the capacity for a full and healthy life. This episode features a range of housing schemes, retirement homes, medical and recreational facilities. Colourful characters with contrasting attitudes and approaches to growing old are al...","Public film-page metadata exposed by the IFI Archive Player. The permalink represents a public viewing/metadata surface; MAR does not download or redistribute the audiovisual media and does not infer a licence to reproduce it. Category: Loopline Collection, TV Series, A Good Age Directed by: Sé Merry Doyle Produced by: Bernadine Carraher, Loopline Year: 1997 Duration: 26 mins Language: English Looking After Yourself explores how ageism can create low self-esteem in senior citizens and can compromise the capacity for a full and healthy life. This episode features a range of housing schemes, retirement homes, medical and recreational facilities. Colourful characters with contrasting attitudes and approaches to growing old are al...; Directed by: Sé Merry Doyle; Produced by: Bernadine Carraher, Loopline; Duration: 26 mins; Language: English.",1997
IFI Irish Film Archive,ifi-irish-film-archive,Ireland,Europe,IE-IFI-IFA,National film archive,https://ifiarchiveplayer.ie/,True,True,https://ifiarchiveplayer.ie/,IFI Archive Player,https://ifiarchiveplayer.ie/a-good-age-relationships/,Relationships – A Good Age: Episode 4,"Loopline Collection, TV Series, A Good Age Directed by: Sé Merry Doyle Produced by: Bernadine Carraher, Loopline Year: 1997 Duration: 26 mins Language: English Relationships , episode four in A Good Age, deals with senior citizens who find themselves alone or isolated after the death of a partner. Therapists and counsellors offer bereavement advice, and stress the need for the bereaved to talk and learn to participate in normal life again. Eddie Johnston shares his harrowing yet uplifting story...","Public film-page metadata exposed by the IFI Archive Player. The permalink represents a public viewing/metadata surface; MAR does not download or redistribute the audiovisual media and does not infer a licence to reproduce it. Category: Loopline Collection, TV Series, A Good Age Directed by: Sé Merry Doyle Produced by: Bernadine Carraher, Loopline Year: 1997 Duration: 26 mins Language: English Relationships , episode four in A Good Age, deals with senior citizens who find themselves alone or isolated after the death of a partner. Therapists and counsellors offer bereavement advice, and stress the need for the bereaved to talk and learn to participate in normal life again. Eddie Johnston shares his harrowing yet uplifting story...; Directed by: Sé Merry Doyle; Produced by: Bernadine Carraher, Loopline; Duration: 26 mins; Language: English.",1997
IFI Irish Film Archive,ifi-irish-film-archive,Ireland,Europe,IE-IFI-IFA,National film archive,https://ifiarchiveplayer.ie/,True,True,https://ifiarchiveplayer.ie/,IFI Archive Player,https://ifiarchiveplayer.ie/a-good-age-renewal/,Renewal – A Good Age: Episode 5,"Loopline Collection, TV Series, A Good Age Directed by: Sé Merry Doyle Produced by: Bernadine Carraher, Loopline Year: 1997 Duration: 26 mins Language: English Renewal pays homage to people who have overcome ageism, confounded stereotypes and pursued new adventures in later years. Robert Greacen tells us how poetry and the creative arts greatly help him manage the aging process. Mamo McDonald recalls her experience of raising nine children, being widowed at forty; expanding her father-in-law’s...","Public film-page metadata exposed by the IFI Archive Player. The permalink represents a public viewing/metadata surface; MAR does not download or redistribute the audiovisual media and does not infer a licence to reproduce it. Category: Loopline Collection, TV Series, A Good Age Directed by: Sé Merry Doyle Produced by: Bernadine Carraher, Loopline Year: 1997 Duration: 26 mins Language: English Renewal pays homage to people who have overcome ageism, confounded stereotypes and pursued new adventures in later years. Robert Greacen tells us how poetry and the creative arts greatly help him manage the aging process. Mamo McDonald recalls her experience of raising nine children, being widowed at forty; expanding her father-in-law’s...; Directed by: Sé Merry Doyle; Produced by: Bernadine Carraher, Loopline; Duration: 26 mins; Language: English.",1997
IFI Irish Film Archive,ifi-irish-film-archive,Ireland,Europe,IE-IFI-IFA,National film archive,https://ifiarchiveplayer.ie/,True,True,https://ifiarchiveplayer.ie/,IFI Archive Player,https://ifiarchiveplayer.ie/a-good-age-long-weekend/,The Long Weekend – A Good Age: Episode 2,"Loopline Collection, TV Series, A Good Age Directed by: Sé Merry Doyle Produced by: Bernadine Carraher, Loopline Year: 1997 Duration: 26 mins Language: English The Long Weekend explores the emotions faced by people approaching retirement, and couples who find themselves spending more time together than they may wish. Seamus expresses frustration regarding the injustice of mandatory retirement and the definition of ‘old age pensioner’ while Patricia talks about the new book of children’s stories...","Public film-page metadata exposed by the IFI Archive Player. The permalink represents a public viewing/metadata surface; MAR does not download or redistribute the audiovisual media and does not infer a licence to reproduce it. Category: Loopline Collection, TV Series, A Good Age Directed by: Sé Merry Doyle Produced by: Bernadine Carraher, Loopline Year: 1997 Duration: 26 mins Language: English The Long Weekend explores the emotions faced by people approaching retirement, and couples who find themselves spending more time together than they may wish. Seamus expresses frustration regarding the injustice of mandatory retirement and the definition of ‘old age pensioner’ while Patricia talks about the new book of children’s stories...; Directed by: Sé Merry Doyle; Produced by: Bernadine Carraher, Loopline; Duration: 26 mins; Language: English.",1997
IFI Irish Film Archive,ifi-irish-film-archive,Ireland,Europe,IE-IFI-IFA,National film archive,https://ifiarchiveplayer.ie/,True,True,https://ifiarchiveplayer.ie/,IFI Archive Player,https://ifiarchiveplayer.ie/a-hard-days-knight/,A Hard Day’s Knight,"Drama Directed by: Flora Kerrigan Produced by: Florafilm Productions Year: 1965 Duration: 6 mins 28 secs Language: Silent with musical accompaniment ‘A supercilious chess-player becomes obsessed with his white pawn as he sees her getting closer to becoming a queen. In his efforts to catch her, he enters into the game himself, with disastrous results.’ (Flora Kerrigan) In this playful exploration of hierarchy and power as manifested in the game of chess, Kerrigan experiments with film technique...","Public film-page metadata exposed by the IFI Archive Player. The permalink represents a public viewing/metadata surface; MAR does not download or redistribute the audiovisual media and does not infer a licence to reproduce it. Category: Drama Directed by: Flora Kerrigan Produced by: Florafilm Productions Year: 1965 Duration: 6 mins 28 secs Language: Silent with musical accompaniment ‘A supercilious chess-player becomes obsessed with his white pawn as he sees her getting closer to becoming a queen. In his efforts to catch her, he enters into the game himself, with disastrous results.’ (Flora Kerrigan) In this playful exploration of hierarchy and power as manifested in the game of chess, Kerrigan experiments with film technique...; Directed by: Flora Kerrigan; Produced by: Florafilm Productions; Duration: 6 mins 28 secs; Language: Silent with musical accompaniment.",1965
IFI Irish Film Archive,ifi-irish-film-archive,Ireland,Europe,IE-IFI-IFA,National film archive,https://ifiarchiveplayer.ie/,True,True,https://ifiarchiveplayer.ie/,IFI Archive Player,https://ifiarchiveplayer.ie/200-escape-death-belfast-dublin-rail-crash/,200 Escape Death: Belfast-Dublin Rail Crash / Tháinig 200 slán: Taisme ar Iarnród Bhéal Feirste-Bhaile Átha Cliath,"Irish Language, History, Newsreels Directed by: Gael Linn Produced by: Gael Linn Year: 1963 Duration: 1 min Language: Irish with English subtitles Amharc Éireann – Eagrán 188 Luckily, no passengers are seriously injured when a Belfast–Dublin train derails. Ar ámharaí an tsaoil, níor gortaíodh aon phaisinéirí go dona nuair a chuaigh traein idir Béal Feirste agus Baile Átha Cliath den iarnród. Produced by Gael Linn, Amharc Éireann (A View of Ireland) is Ireland’s first long-running indigenous new...","Public film-page metadata exposed by the IFI Archive Player. The permalink represents a public viewing/metadata surface; MAR does not download or redistribute the audiovisual media and does not infer a licence to reproduce it. Category: Irish Language, History, Newsreels Directed by: Gael Linn Produced by: Gael Linn Year: 1963 Duration: 1 min Language: Irish with English subtitles Amharc Éireann – Eagrán 188 Luckily, no passengers are seriously injured when a Belfast–Dublin train derails. Ar ámharaí an tsaoil, níor gortaíodh aon phaisinéirí go dona nuair a chuaigh traein idir Béal Feirste agus Baile Átha Cliath den iarnród. Produced by Gael Linn, Amharc Éireann (A View of Ireland) is Ireland’s first long-running indigenous new...; Directed by: Gael Linn; Produced by: Gael Linn; Duration: 1 min; Language: Irish with English subtitles.",1963
IFI Irish Film Archive,ifi-irish-film-archive,Ireland,Europe,IE-IFI-IFA,National film archive,https://ifiarchiveplayer.ie/,True,True,https://ifiarchiveplayer.ie/,IFI Archive Player,https://ifiarchiveplayer.ie/30000-farmers-in-limerick-price-protest-march/,"30,000 Farmers in Limerick Price Protest March / 30,000 Feirmeoir i Luimneach páirteach in Agóid faoi Phraghasanna","Irish Language, History, Newsreels Directed by: Gael Linn Produced by: Gael Linn Year: 1963 Duration: 1 min 35 sec Language: Irish with English subtitles Amharc Éireann – Eagrán 230 In Limerick, 30,000 farmers protest against rising costs. I Luimneach, tá 30,000 feirmeoir i mbun agóide i gcoinne costas agus iad ag ardú. Produced by Gael Linn, Amharc Éireann (A View of Ireland) is Ireland’s first long-running indigenous newsreel series. It was distributed to cinemas throughout the country to pro...","Public film-page metadata exposed by the IFI Archive Player. The permalink represents a public viewing/metadata surface; MAR does not download or redistribute the audiovisual media and does not infer a licence to reproduce it. Category: Irish Language, History, Newsreels Directed by: Gael Linn Produced by: Gael Linn Year: 1963 Duration: 1 min 35 sec Language: Irish with English subtitles Amharc Éireann – Eagrán 230 In Limerick, 30,000 farmers protest against rising costs. I Luimneach, tá 30,000 feirmeoir i mbun agóide i gcoinne costas agus iad ag ardú. Produced by Gael Linn, Amharc Éireann (A View of Ireland) is Ireland’s first long-running indigenous newsreel series. It was distributed to cinemas throughout the country to pro...; Directed by: Gael Linn; Produced by: Gael Linn; Duration: 1 min 35 sec; Language: Irish with English subtitles.",1963
IFI Irish Film Archive,ifi-irish-film-archive,Ireland,Europe,IE-IFI-IFA,National film archive,https://ifiarchiveplayer.ie/,True,True,https://ifiarchiveplayer.ie/,IFI Archive Player,https://ifiarchiveplayer.ie/a-city-solitary/,A City Solitary,"Documentary, Short Film, The Terence McDonald Collection Directed by: Terence McDonald Produced by: Terence McDonald and John Hume Year: 1963 Duration: 22 mins Language: English Opening with a quote from Lamentations ‘How doth the city sit solitary that was full of people’ and the melody of Londonderry Air (more recognisable to many as the tune of Danny Boy ), this expository documentary is an early collaboration between Terence McDonald and John Hume, based on Hume’s research towards his 1964...","Public film-page metadata exposed by the IFI Archive Player. The permalink represents a public viewing/metadata surface; MAR does not download or redistribute the audiovisual media and does not infer a licence to reproduce it. Category: Documentary, Short Film, The Terence McDonald Collection Directed by: Terence McDonald Produced by: Terence McDonald and John Hume Year: 1963 Duration: 22 mins Language: English Opening with a quote from Lamentations ‘How doth the city sit solitary that was full of people’ and the melody of Londonderry Air (more recognisable to many as the tune of Danny Boy ), this expository documentary is an early collaboration between Terence McDonald and John Hume, based on Hume’s research towards his 1964...; Directed by: Terence McDonald; Produced by: Terence McDonald and John Hume; Duration: 22 mins; Language: English.",1963
IFI Irish Film Archive,ifi-irish-film-archive,Ireland,Europe,IE-IFI-IFA,National film archive,https://ifiarchiveplayer.ie/,True,True,https://ifiarchiveplayer.ie/,IFI Archive Player,https://ifiarchiveplayer.ie/abbeyfeale-most-irish-town-with-de-valera-and-sean-o-riada/,"Abbeyfeale Most Irish Town, with De Valera and Seán Ó Riada / Mainistir na Féile, an Baile is Éireannaí, le De Valera agus Seán Ó Riada","Irish Language, History, Newsreels Directed by: Gael Linn Produced by: Gael Linn Year: 1963 Duration: 1 min 32 sec Language: Irish with English subtitles Amharc Éireann – Eagrán 197 Abbeyfeale wins a major award, including a trophy and £200, for having the highest number of Irish speakers in the constituency. Gradam mór buaite ag Mainistir na Féile, lena n-áirítear corn agus £200, as an líon is mó cainteoirí Gaeilge sa toghcheantar. Produced by Gael Linn, Amharc Éireann (A View of Ireland) is I...","Public film-page metadata exposed by the IFI Archive Player. The permalink represents a public viewing/metadata surface; MAR does not download or redistribute the audiovisual media and does not infer a licence to reproduce it. Category: Irish Language, History, Newsreels Directed by: Gael Linn Produced by: Gael Linn Year: 1963 Duration: 1 min 32 sec Language: Irish with English subtitles Amharc Éireann – Eagrán 197 Abbeyfeale wins a major award, including a trophy and £200, for having the highest number of Irish speakers in the constituency. Gradam mór buaite ag Mainistir na Féile, lena n-áirítear corn agus £200, as an líon is mó cainteoirí Gaeilge sa toghcheantar. Produced by Gael Linn, Amharc Éireann (A View of Ireland) is I...; Directed by: Gael Linn; Produced by: Gael Linn; Duration: 1 min 32 sec; Language: Irish with English subtitles.",1963
IFI Irish Film Archive,ifi-irish-film-archive,Ireland,Europe,IE-IFI-IFA,National film archive,https://ifiarchiveplayer.ie/,True,True,https://ifiarchiveplayer.ie/,IFI Archive Player,https://ifiarchiveplayer.ie/a-wet-christmas-in-howth/,A Wet Christmas in Howth / Nollaig Fhliuch i mBinn Éadair,"Irish Language, History, Newsreels Directed by: Gael Linn Produced by: Gael Linn Year: 1961 Duration: 55 sec Language: Irish with English Subtitles Amharc Éireann – Eagrán 83 Mr and Mrs Carr brave the cold waters at Balscadden Bay as onlookers cheer them on, in awe of this chilly Christmas tradition. Thug an tUasal Carr agus a bhean chéile aghaidh ar uisce fuar Bhá Bhaile Scadán agus lucht féachana á spreagadh, agus iad faoi gheasa ag an traidisiún fuar seo um Nollaig. Produced by Gael Linn, Am...","Public film-page metadata exposed by the IFI Archive Player. The permalink represents a public viewing/metadata surface; MAR does not download or redistribute the audiovisual media and does not infer a licence to reproduce it. Category: Irish Language, History, Newsreels Directed by: Gael Linn Produced by: Gael Linn Year: 1961 Duration: 55 sec Language: Irish with English Subtitles Amharc Éireann – Eagrán 83 Mr and Mrs Carr brave the cold waters at Balscadden Bay as onlookers cheer them on, in awe of this chilly Christmas tradition. Thug an tUasal Carr agus a bhean chéile aghaidh ar uisce fuar Bhá Bhaile Scadán agus lucht féachana á spreagadh, agus iad faoi gheasa ag an traidisiún fuar seo um Nollaig. Produced by Gael Linn, Am...; Directed by: Gael Linn; Produced by: Gael Linn; Duration: 55 sec; Language: Irish with English Subtitles.",1961
IFI Irish Film Archive,ifi-irish-film-archive,Ireland,Europe,IE-IFI-IFA,National film archive,https://ifiarchiveplayer.ie/,True,True,https://ifiarchiveplayer.ie/,IFI Archive Player,https://ifiarchiveplayer.ie/2nd-ulster-cross-country-classic/,2nd Ulster Cross-Country Classic / An 2ú Clasaiceach Tras Tíre Uladh,"Irish Language, History, Newsreels Directed by: Gael Linn Produced by: Gael Linn Year: 1960 Duration: 58 sec Language: Irish with English subtitles Amharc Éireann – Eagrán 33 The National Athletic and Cycling Association of Ireland hold their Ulster Cross-Country competition near Armagh. D’eagraigh Cumann Lúthchleas Gael agus Cumann Rothaíochta na hÉireann a gcomórtas Trastíre Uladh gar d’Ard Mhacha. Produced by Gael Linn, Amharc Éireann (A View of Ireland) is Ireland’s first long-running indig...","Public film-page metadata exposed by the IFI Archive Player. The permalink represents a public viewing/metadata surface; MAR does not download or redistribute the audiovisual media and does not infer a licence to reproduce it. Category: Irish Language, History, Newsreels Directed by: Gael Linn Produced by: Gael Linn Year: 1960 Duration: 58 sec Language: Irish with English subtitles Amharc Éireann – Eagrán 33 The National Athletic and Cycling Association of Ireland hold their Ulster Cross-Country competition near Armagh. D’eagraigh Cumann Lúthchleas Gael agus Cumann Rothaíochta na hÉireann a gcomórtas Trastíre Uladh gar d’Ard Mhacha. Produced by Gael Linn, Amharc Éireann (A View of Ireland) is Ireland’s first long-running indig...; Directed by: Gael Linn; Produced by: Gael Linn; Duration: 58 sec; Language: Irish with English subtitles.",1960
IFI Irish Film Archive,ifi-irish-film-archive,Ireland,Europe,IE-IFI-IFA,National film archive,https://ifiarchiveplayer.ie/,True,True,https://ifiarchiveplayer.ie/,IFI Archive Player,https://ifiarchiveplayer.ie/a-million-people-kneel-in-worship/,A Million People Kneel in Worship,"The Irish Independence Film Collection - The Early Irish Free State Directed by: British Pathé Produced by: British Pathé Year: 1932 Duration: 2 mins 17 sec Language: Silent with English intertitles The Eucharistic Congress, one of the largest public events to ever take place in Ireland, occurred between the 22 nd and 26 th of June 1932. As part of the 31 st Congress clergy and lay people from all over the world came to celebrate the ‘Holy Eucharist’ in Dublin. The vast scale of the final Congr...","Public film-page metadata exposed by the IFI Archive Player. The permalink represents a public viewing/metadata surface; MAR does not download or redistribute the audiovisual media and does not infer a licence to reproduce it. Category: The Irish Independence Film Collection - The Early Irish Free State Directed by: British Pathé Produced by: British Pathé Year: 1932 Duration: 2 mins 17 sec Language: Silent with English intertitles The Eucharistic Congress, one of the largest public events to ever take place in Ireland, occurred between the 22 nd and 26 th of June 1932. As part of the 31 st Congress clergy and lay people from all over the world came to celebrate the ‘Holy Eucharist’ in Dublin. The vast scale of the final Congr...; Directed by: British Pathé; Produced by: British Pathé; Duration: 2 mins 17 sec; Language: Silent with English intertitles.",1932
IFI Irish Film Archive,ifi-irish-film-archive,Ireland,Europe,IE-IFI-IFA,National film archive,https://ifiarchiveplayer.ie/,True,True,https://ifiarchiveplayer.ie/,IFI Archive Player,https://ifiarchiveplayer.ie/a-bygone-craft/,A Bygone Craft,"The Irish Independence Film Collection - The Early Irish Free State Directed by: British Pathé Produced by: British Pathé Year: 1931 Duration: 2 mins Language: Silent with English intertitles This 1931 newsreel depicts Irish men making a coracle, a hide-covered boat used for salmon fishing. The boat-making process is demonstrated to camera, from creating a base with twigs, to weaving the structure and covering it in animal hide for waterproofing. Men then push the coracle out onto the River Boy...","Public film-page metadata exposed by the IFI Archive Player. The permalink represents a public viewing/metadata surface; MAR does not download or redistribute the audiovisual media and does not infer a licence to reproduce it. Category: The Irish Independence Film Collection - The Early Irish Free State Directed by: British Pathé Produced by: British Pathé Year: 1931 Duration: 2 mins Language: Silent with English intertitles This 1931 newsreel depicts Irish men making a coracle, a hide-covered boat used for salmon fishing. The boat-making process is demonstrated to camera, from creating a base with twigs, to weaving the structure and covering it in animal hide for waterproofing. Men then push the coracle out onto the River Boy...; Directed by: British Pathé; Produced by: British Pathé; Duration: 2 mins; Language: Silent with English intertitles.",1931
IFI Irish Film Archive,ifi-irish-film-archive,Ireland,Europe,IE-IFI-IFA,National film archive,https://ifiarchiveplayer.ie/,True,True,https://ifiarchiveplayer.ie/,IFI Archive Player,https://ifiarchiveplayer.ie/300000-at-demonstration/,"300,000 at Demonstration","The Irish Independence Film Collection Directed by: British Pathé Produced by: British Pathé Year: 1924 Duration: 51 sec Language: Silent with English Intertitles 300,000 people attend a demonstration at a Ulster Loyalist meeting in Omagh. A man is seen giving a speech on a podium to a large crowd, some carrying Union flags and others with signs with place names, such as Ballycawley and Clocher. The term ‘loyalist’ was first used in Irish politics in the 1790s to refer to Protestants who oppose...","Public film-page metadata exposed by the IFI Archive Player. The permalink represents a public viewing/metadata surface; MAR does not download or redistribute the audiovisual media and does not infer a licence to reproduce it. Category: The Irish Independence Film Collection Directed by: British Pathé Produced by: British Pathé Year: 1924 Duration: 51 sec Language: Silent with English Intertitles 300,000 people attend a demonstration at a Ulster Loyalist meeting in Omagh. A man is seen giving a speech on a podium to a large crowd, some carrying Union flags and others with signs with place names, such as Ballycawley and Clocher. The term ‘loyalist’ was first used in Irish politics in the 1790s to refer to Protestants who oppose...; Directed by: British Pathé; Produced by: British Pathé; Duration: 51 sec; Language: Silent with English Intertitles.",1924
IFI Irish Film Archive,ifi-irish-film-archive,Ireland,Europe,IE-IFI-IFA,National film archive,https://ifiarchiveplayer.ie/,True,True,https://ifiarchiveplayer.ie/,IFI Archive Player,https://ifiarchiveplayer.ie/a-day-of-drama/,A Day of Drama,"The Irish Independence Film Collection Directed by: British Pathé Produced by: British Pathé Year: 1922 Duration: 1 min 59 sec Language: SIlent with English Intertitles This newsreel shows a crowd of people outside Mountjoy Prison in December 1922 in support of, and praying for the hunger striking prisoners. Lord Mayor of Dublin Laurence O’Neill and Maud Gonne McBride stand outside the Mountjoy Prison gates. Between the years of 1913 – 1922 more than 1000 hunger strikes occurred in both England...","Public film-page metadata exposed by the IFI Archive Player. The permalink represents a public viewing/metadata surface; MAR does not download or redistribute the audiovisual media and does not infer a licence to reproduce it. Category: The Irish Independence Film Collection Directed by: British Pathé Produced by: British Pathé Year: 1922 Duration: 1 min 59 sec Language: SIlent with English Intertitles This newsreel shows a crowd of people outside Mountjoy Prison in December 1922 in support of, and praying for the hunger striking prisoners. Lord Mayor of Dublin Laurence O’Neill and Maud Gonne McBride stand outside the Mountjoy Prison gates. Between the years of 1913 – 1922 more than 1000 hunger strikes occurred in both England...; Directed by: British Pathé; Produced by: British Pathé; Duration: 1 min 59 sec; Language: SIlent with English Intertitles.",1922
IFI Irish Film Archive,ifi-irish-film-archive,Ireland,Europe,IE-IFI-IFA,National film archive,https://ifiarchiveplayer.ie/,True,True,https://ifiarchiveplayer.ie/,IFI Archive Player,https://ifiarchiveplayer.ie/aer-lingus-earth-couple/,aer lingus earth couple,IFI Archive Player film record,Public film-page metadata exposed by the IFI Archive Player. The permalink represents a public viewing/metadata surface; MAR does not download or redistribute the audiovisual media and does not infer a licence to reproduce it.,
IFI Irish Film Archive,ifi-irish-film-archive,Ireland,Europe,IE-IFI-IFA,National film archive,https://ifiarchiveplayer.ie/,True,True,https://ifiarchiveplayer.ie/,IFI Archive Player,https://ifiarchiveplayer.ie/aer-lingus-flying/,aer lingus flying,IFI Archive Player film record,Public film-page metadata exposed by the IFI Archive Player. The permalink represents a public viewing/metadata surface; MAR does not download or redistribute the audiovisual media and does not infer a licence to reproduce it.,
IFI Irish Film Archive,ifi-irish-film-archive,Ireland,Europe,IE-IFI-IFA,National film archive,https://ifiarchiveplayer.ie/,True,True,https://ifiarchiveplayer.ie/,IFI Archive Player,https://ifiarchiveplayer.ie/aer-lingus-people-you-know/,aer lingus people you know,IFI Archive Player film record,Public film-page metadata exposed by the IFI Archive Player. The permalink represents a public viewing/metadata surface; MAR does not download or redistribute the audiovisual media and does not infer a licence to reproduce it.,
IFI Irish Film Archive,ifi-irish-film-archive,Ireland,Europe,IE-IFI-IFA,National film archive,https://ifiarchiveplayer.ie/,True,True,https://ifiarchiveplayer.ie/,IFI Archive Player,https://ifiarchiveplayer.ie/aer-lingus-travel-bargain/,aer lingus travel bargain,IFI Archive Player film record,Public film-page metadata exposed by the IFI Archive Player. The permalink represents a public viewing/metadata surface; MAR does not download or redistribute the audiovisual media and does not infer a licence to reproduce it.,
IFI Irish Film Archive,ifi-irish-film-archive,Ireland,Europe,IE-IFI-IFA,National film archive,https://ifiarchiveplayer.ie/,True,True,https://ifiarchiveplayer.ie/,IFI Archive Player,https://ifiarchiveplayer.ie/ages-of-man/,ages of man,IFI Archive Player film record,Public film-page metadata exposed by the IFI Archive Player. The permalink represents a public viewing/metadata surface; MAR does not download or redistribute the audiovisual media and does not infer a licence to reproduce it.,
IFI Irish Film Archive,ifi-irish-film-archive,Ireland,Europe,IE-IFI-IFA,National film archive,https://ifiarchiveplayer.ie/,True,True,https://ifiarchiveplayer.ie/,IFI Archive Player,https://ifiarchiveplayer.ie/agricultural-research-centre-opened/,agricultural research centre opened,IFI Archive Player film record,Public film-page metadata exposed by the IFI Archive Player. The permalink represents a public viewing/metadata surface; MAR does not download or redistribute the audiovisual media and does not infer a licence to reproduce it.,
IFI Irish Film Archive,ifi-irish-film-archive,Ireland,Europe,IE-IFI-IFA,National film archive,https://ifiarchiveplayer.ie/,True,True,https://ifiarchiveplayer.ie/,IFI Archive Player,https://ifiarchiveplayer.ie/aib-students/,aib students,IFI Archive Player film record,Public film-page metadata exposed by the IFI Archive Player. The permalink represents a public viewing/metadata surface; MAR does not download or redistribute the audiovisual media and does not infer a licence to reproduce it.,
IFI Irish Film Archive,ifi-irish-film-archive,Ireland,Europe,IE-IFI-IFA,National film archive,https://ifiarchiveplayer.ie/,True,True,https://ifiarchiveplayer.ie/,IFI Archive Player,https://ifiarchiveplayer.ie/albert-hall/,albert hall,IFI Archive Player film record,Public film-page metadata exposed by the IFI Archive Player. The permalink represents a public viewing/metadata surface; MAR does not download or redistribute the audiovisual media and does not infer a licence to reproduce it.,
IFI Irish Film Archive,ifi-irish-film-archive,Ireland,Europe,IE-IFI-IFA,National film archive,https://ifiarchiveplayer.ie/,True,True,https://ifiarchiveplayer.ie/,IFI Archive Player,https://ifiarchiveplayer.ie/alive-alive-o-a-ballad/,alive alive o a ballad,IFI Archive Player film record,Public film-page metadata exposed by the IFI Archive Player. The permalink represents a public viewing/metadata surface; MAR does not download or redistribute the audiovisual media and does not infer a licence to reproduce it.,
IFI Irish Film Archive,ifi-irish-film-archive,Ireland,Europe,IE-IFI-IFA,National film archive,https://ifiarchiveplayer.ie/,True,True,https://ifiarchiveplayer.ie/,IFI Archive Player,https://ifiarchiveplayer.ie/alive-alive-o-people/,alive alive o people,IFI Archive Player film record,Public film-page metadata exposed by the IFI Archive Player. The permalink represents a public viewing/metadata surface; MAR does not download or redistribute the audiovisual media and does not infer a licence to reproduce it.,
IFI Irish Film Archive,ifi-irish-film-archive,Ireland,Europe,IE-IFI-IFA,National film archive,https://ifiarchiveplayer.ie/,True,True,https://ifiarchiveplayer.ie/,IFI Archive Player,https://ifiarchiveplayer.ie/alive-alive-o-tony-gregory/,alive alive o tony gregory,IFI Archive Player film record,Public film-page metadata exposed by the IFI Archive Player. The permalink represents a public viewing/metadata surface; MAR does not download or redistribute the audiovisual media and does not infer a licence to reproduce it.,
IFI Irish Film Archive,ifi-irish-film-archive,Ireland,Europe,IE-IFI-IFA,National film archive,https://ifiarchiveplayer.ie/,True,True,https://ifiarchiveplayer.ie/,IFI Archive Player,https://ifiarchiveplayer.ie/all-army-cross-country-championships/,all army cross country championships,IFI Archive Player film record,Public film-page metadata exposed by the IFI Archive Player. The permalink represents a public viewing/metadata surface; MAR does not download or redistribute the audiovisual media and does not infer a licence to reproduce it.,
IFI Irish Film Archive,ifi-irish-film-archive,Ireland,Europe,IE-IFI-IFA,National film archive,https://ifiarchiveplayer.ie/,True,True,https://ifiarchiveplayer.ie/,IFI Archive Player,https://ifiarchiveplayer.ie/all-army-physical-training-championship/,all army physical training championship,IFI Archive Player film record,Public film-page metadata exposed by the IFI Archive Player. The permalink represents a public viewing/metadata surface; MAR does not download or redistribute the audiovisual media and does not infer a licence to reproduce it.,
IFI Irish Film Archive,ifi-irish-film-archive,Ireland,Europe,IE-IFI-IFA,National film archive,https://ifiarchiveplayer.ie/,True,True,https://ifiarchiveplayer.ie/,IFI Archive Player,https://ifiarchiveplayer.ie/all-ireland-camogie-final-dublin-outplay-mayo/,all ireland camogie final dublin outplay mayo,IFI Archive Player film record,Public film-page metadata exposed by the IFI Archive Player. The permalink represents a public viewing/metadata surface; MAR does not download or redistribute the audiovisual media and does not infer a licence to reproduce it.,
IFI Irish Film Archive,ifi-irish-film-archive,Ireland,Europe,IE-IFI-IFA,National film archive,https://ifiarchiveplayer.ie/,True,True,https://ifiarchiveplayer.ie/,IFI Archive Player,https://ifiarchiveplayer.ie/all-ireland-cross-country-junior-championship-wicklow/,all ireland cross country junior championship wicklow,IFI Archive Player film record,Public film-page metadata exposed by the IFI Archive Player. The permalink represents a public viewing/metadata surface; MAR does not download or redistribute the audiovisual media and does not infer a licence to reproduce it.,
IFI Irish Film Archive,ifi-irish-film-archive,Ireland,Europe,IE-IFI-IFA,National film archive,https://ifiarchiveplayer.ie/,True,True,https://ifiarchiveplayer.ie/,IFI Archive Player,https://ifiarchiveplayer.ie/all-ireland-gaa-semi-final-down-beats-kerry/,all ireland gaa semi final down beats kerry,IFI Archive Player film record,Public film-page metadata exposed by the IFI Archive Player. The permalink represents a public viewing/metadata surface; MAR does not download or redistribute the audiovisual media and does not infer a licence to reproduce it.,
IFI Irish Film Archive,ifi-irish-film-archive,Ireland,Europe,IE-IFI-IFA,National film archive,https://ifiarchiveplayer.ie/,True,True,https://ifiarchiveplayer.ie/,IFI Archive Player,https://ifiarchiveplayer.ie/all-ireland-strike/,all ireland strike,IFI Archive Player film record,Public film-page metadata exposed by the IFI Archive Player. The permalink represents a public viewing/metadata surface; MAR does not download or redistribute the audiovisual media and does not infer a licence to reproduce it.,
IFI Irish Film Archive,ifi-irish-film-archive,Ireland,Europe,IE-IFI-IFA,National film archive,https://ifiarchiveplayer.ie/,True,True,https://ifiarchiveplayer.ie/,IFI Archive Player,https://ifiarchiveplayer.ie/alls-fair-in/,alls fair in,IFI Archive Player film record,Public film-page metadata exposed by the IFI Archive Player. The permalink represents a public viewing/metadata surface; MAR does not download or redistribute the audiovisual media and does not infer a licence to reproduce it.,
IFI Irish Film Archive,ifi-irish-film-archive,Ireland,Europe,IE-IFI-IFA,National film archive,https://ifiarchiveplayer.ie/,True,True,https://ifiarchiveplayer.ie/,IFI Archive Player,https://ifiarchiveplayer.ie/along-the-line/,along the line,IFI Archive Player film record,Public film-page metadata exposed by the IFI Archive Player. The permalink represents a public viewing/metadata surface; MAR does not download or redistribute the audiovisual media and does not infer a licence to reproduce it.,
IFI Irish Film Archive,ifi-irish-film-archive,Ireland,Europe,IE-IFI-IFA,National film archive,https://ifiarchiveplayer.ie/,True,True,https://ifiarchiveplayer.ie/,IFI Archive Player,https://ifiarchiveplayer.ie/along-the-milky-way/,along the milky way,IFI Archive Player film record,Public film-page metadata exposed by the IFI Archive Player. The permalink represents a public viewing/metadata surface; MAR does not download or redistribute the audiovisual media and does not infer a licence to reproduce it.,
IFI Irish Film Archive,ifi-irish-film-archive,Ireland,Europe,IE-IFI-IFA,National film archive,https://ifiarchiveplayer.ie/,True,True,https://ifiarchiveplayer.ie/,IFI Archive Player,https://ifiarchiveplayer.ie/amateur-ballroom-challenge-trophy/,amateur ballroom challenge trophy,IFI Archive Player film record,Public film-page metadata exposed by the IFI Archive Player. The permalink represents a public viewing/metadata surface; MAR does not download or redistribute the audiovisual media and does not infer a licence to reproduce it.,
IFI Irish Film Archive,ifi-irish-film-archive,Ireland,Europe,IE-IFI-IFA,National film archive,https://ifiarchiveplayer.ie/,True,True,https://ifiarchiveplayer.ie/,IFI Archive Player,https://ifiarchiveplayer.ie/american-mission-to-ireland/,american mission to ireland,IFI Archive Player film record,Public film-page metadata exposed by the IFI Archive Player. The permalink represents a public viewing/metadata surface; MAR does not download or redistribute the audiovisual media and does not infer a licence to reproduce it.,
IFI Irish Film Archive,ifi-irish-film-archive,Ireland,Europe,IE-IFI-IFA,National film archive,https://ifiarchiveplayer.ie/,True,True,https://ifiarchiveplayer.ie/,IFI Archive Player,https://ifiarchiveplayer.ie/an-introd/,an introd,IFI Archive Player film record,Public film-page metadata exposed by the IFI Archive Player. The permalink represents a public viewing/metadata surface; MAR does not download or redistribute the audiovisual media and does not infer a licence to reproduce it.,
IFI Irish Film Archive,ifi-irish-film-archive,Ireland,Europe,IE-IFI-IFA,National film archive,https://ifiarchiveplayer.ie/,True,True,https://ifiarchiveplayer.ie/,IFI Archive Player,https://ifiarchiveplayer.ie/an-irish-solution-in-view/,an irish solution in view,IFI Archive Player film record,Public film-page metadata exposed by the IFI Archive Player. The permalink represents a public viewing/metadata surface; MAR does not download or redistribute the audiovisual media and does not infer a licence to reproduce it.,
IFI Irish Film Archive,ifi-irish-film-archive,Ireland,Europe,IE-IFI-IFA,National film archive,https://ifiarchiveplayer.ie/,True,True,https://ifiarchiveplayer.ie/,IFI Archive Player,https://ifiarchiveplayer.ie/an-rinceoir/,an rinceoir,IFI Archive Player film record,Public film-page metadata exposed by the IFI Archive Player. The permalink represents a public viewing/metadata surface; MAR does not download or redistribute the audiovisual media and does not infer a licence to reproduce it.,
IFI Irish Film Archive,ifi-irish-film-archive,Ireland,Europe,IE-IFI-IFA,National film archive,https://ifiarchiveplayer.ie/,True,True,https://ifiarchiveplayer.ie/,IFI Archive Player,https://ifiarchiveplayer.ie/annual-blessing-of-aer-lingus-fleet/,annual blessing of aer lingus fleet,IFI Archive Player film record,Public film-page metadata exposed by the IFI Archive Player. The permalink represents a public viewing/metadata surface; MAR does not download or redistribute the audiovisual media and does not infer a licence to reproduce it.,
IFI Irish Film Archive,ifi-irish-film-archive,Ireland,Europe,IE-IFI-IFA,National film archive,https://ifiarchiveplayer.ie/,True,True,https://ifiarchiveplayer.ie/,IFI Archive Player,https://ifiarchiveplayer.ie/annual-pilgrimage-to-croagh-patrick/,annual pilgrimage to croagh patrick,IFI Archive Player film record,Public film-page metadata exposed by the IFI Archive Player. The permalink represents a public viewing/metadata surface; MAR does not download or redistribute the audiovisual media and does not infer a licence to reproduce it.,
IFI Irish Film Archive,ifi-irish-film-archive,Ireland,Europe,IE-IFI-IFA,National film archive,https://ifiarchiveplayer.ie/,True,True,https://ifiarchiveplayer.ie/,IFI Archive Player,https://ifiarchiveplayer.ie/aqua/,aqua,IFI Archive Player film record,Public film-page metadata exposed by the IFI Archive Player. The permalink represents a public viewing/metadata surface; MAR does not download or redistribute the audiovisual media and does not infer a licence to reproduce it.,
IFI Irish Film Archive,ifi-irish-film-archive,Ireland,Europe,IE-IFI-IFA,National film archive,https://ifiarchiveplayer.ie/,True,True,https://ifiarchiveplayer.ie/,IFI Archive Player,https://ifiarchiveplayer.ie/ar-dover-fein/,ar dover fein,IFI Archive Player film record,Public film-page metadata exposed by the IFI Archive Player. The permalink represents a public viewing/metadata surface; MAR does not download or redistribute the audiovisual media and does not infer a licence to reproduce it.,
IFI Irish Film Archive,ifi-irish-film-archive,Ireland,Europe,IE-IFI-IFA,National film archive,https://ifiarchiveplayer.ie/,True,True,https://ifiarchiveplayer.ie/,IFI Archive Player,https://ifiarchiveplayer.ie/arbour-hill-easter-week-commemoration/,arbour hill easter week commemoration,IFI Archive Player film record,Public film-page metadata exposed by the IFI Archive Player. The permalink represents a public viewing/metadata surface; MAR does not download or redistribute the audiovisual media and does not infer a licence to reproduce it.,
IFI Irish Film Archive,ifi-irish-film-archive,Ireland,Europe,IE-IFI-IFA,National film archive,https://ifiarchiveplayer.ie/,True,True,https://ifiarchiveplayer.ie/,IFI Archive Player,https://ifiarchiveplayer.ie/archbishop-of-dublin-receives-new-irish-hymnal/,archbishop of dublin receives new irish hymnal,IFI Archive Player film record,Public film-page metadata exposed by the IFI Archive Player. The permalink represents a public viewing/metadata surface; MAR does not download or redistribute the audiovisual media and does not infer a licence to reproduce it.,
IFI Irish Film Archive,ifi-irish-film-archive,Ireland,Europe,IE-IFI-IFA,National film archive,https://ifiarchiveplayer.ie/,True,True,https://ifiarchiveplayer.ie/,IFI Archive Player,https://ifiarchiveplayer.ie/arklow-interprovincial-water-polo-ulster-leinster/,arklow interprovincial water polo ulster leinster,IFI Archive Player film record,Public film-page metadata exposed by the IFI Archive Player. The permalink represents a public viewing/metadata surface; MAR does not download or redistribute the audiovisual media and does not infer a licence to reproduce it.,
IFI Irish Film Archive,ifi-irish-film-archive,Ireland,Europe,IE-IFI-IFA,National film archive,https://ifiarchiveplayer.ie/,True,True,https://ifiarchiveplayer.ie/,IFI Archive Player,https://ifiarchiveplayer.ie/armistice-day-dublin/,armistice day dublin,IFI Archive Player film record,Public film-page metadata exposed by the IFI Archive Player. The permalink represents a public viewing/metadata surface; MAR does not download or redistribute the audiovisual media and does not infer a licence to reproduce it.,
IFI Irish Film Archive,ifi-irish-film-archive,Ireland,Europe,IE-IFI-IFA,National film archive,https://ifiarchiveplayer.ie/,True,True,https://ifiarchiveplayer.ie/,IFI Archive Player,https://ifiarchiveplayer.ie/army/,army,IFI Archive Player film record,Public film-page metadata exposed by the IFI Archive Player. The permalink represents a public viewing/metadata surface; MAR does not download or redistribute the audiovisual media and does not infer a licence to reproduce it.,
IFI Irish Film Archive,ifi-irish-film-archive,Ireland,Europe,IE-IFI-IFA,National film archive,https://ifiarchiveplayer.ie/,True,True,https://ifiarchiveplayer.ie/,IFI Archive Player,https://ifiarchiveplayer.ie/arrival-of-sir-edward-carson/,arrival of sir edward carson,IFI Archive Player film record,Public film-page metadata exposed by the IFI Archive Player. The permalink represents a public viewing/metadata surface; MAR does not download or redistribute the audiovisual media and does not infer a licence to reproduce it.,
IFI Irish Film Archive,ifi-irish-film-archive,Ireland,Europe,IE-IFI-IFA,National film archive,https://ifiarchiveplayer.ie/,True,True,https://ifiarchiveplayer.ie/,IFI Archive Player,https://ifiarchiveplayer.ie/art-students-get-twisted/,art students get twisted,IFI Archive Player film record,Public film-page metadata exposed by the IFI Archive Player. The permalink represents a public viewing/metadata surface; MAR does not download or redistribute the audiovisual media and does not infer a licence to reproduce it.,
IFI Irish Film Archive,ifi-irish-film-archive,Ireland,Europe,IE-IFI-IFA,National film archive,https://ifiarchiveplayer.ie/,True,True,https://ifiarchiveplayer.ie/,IFI Archive Player,https://ifiarchiveplayer.ie/autumn-fashions/,autumn fashions,IFI Archive Player film record,Public film-page metadata exposed by the IFI Archive Player. The permalink represents a public viewing/metadata surface; MAR does not download or redistribute the audiovisual media and does not infer a licence to reproduce it.,
IFI Irish Film Archive,ifi-irish-film-archive,Ireland,Europe,IE-IFI-IFA,National film archive,https://ifiarchiveplayer.ie/,True,True,https://ifiarchiveplayer.ie/,IFI Archive Player,https://ifiarchiveplayer.ie/autumn-fashions-on-parade/,autumn fashions on parade,IFI Archive Player film record,Public film-page metadata exposed by the IFI Archive Player. The permalink represents a public viewing/metadata surface; MAR does not download or redistribute the audiovisual media and does not infer a licence to reproduce it.,
IFI Irish Film Archive,ifi-irish-film-archive,Ireland,Europe,IE-IFI-IFA,National film archive,https://ifiarchiveplayer.ie/,True,True,https://ifiarchiveplayer.ie/,IFI Archive Player,https://ifiarchiveplayer.ie/autumn-fashions-preview/,autumn fashions preview,IFI Archive Player film record,Public film-page metadata exposed by the IFI Archive Player. The permalink represents a public viewing/metadata surface; MAR does not download or redistribute the audiovisual media and does not infer a licence to reproduce it.,
IFI Irish Film Archive,ifi-irish-film-archive,Ireland,Europe,IE-IFI-IFA,National film archive,https://ifiarchiveplayer.ie/,True,True,https://ifiarchiveplayer.ie/,IFI Archive Player,https://ifiarchiveplayer.ie/avonmore-milk/,avonmore milk,IFI Archive Player film record,Public film-page metadata exposed by the IFI Archive Player. The permalink represents a public viewing/metadata surface; MAR does not download or redistribute the audiovisual media and does not infer a licence to reproduce it.,
IFI Irish Film Archive,ifi-irish-film-archive,Ireland,Europe,IE-IFI-IFA,National film archive,https://ifiarchiveplayer.ie/,True,True,https://ifiarchiveplayer.ie/,IFI Archive Player,https://ifiarchiveplayer.ie/babysoft-tissues-family-size/,babysoft tissues family size,IFI Archive Player film record,Public film-page metadata exposed by the IFI Archive Player. The permalink represents a public viewing/metadata surface; MAR does not download or redistribute the audiovisual media and does not infer a licence to reproduce it.,
IFI Irish Film Archive,ifi-irish-film-archive,Ireland,Europe,IE-IFI-IFA,National film archive,https://ifiarchiveplayer.ie/,True,True,https://ifiarchiveplayer.ie/,IFI Archive Player,https://ifiarchiveplayer.ie/babysoft-tissues-kitchen-towels/,babysoft tissues kitchen towels,IFI Archive Player film record,Public film-page metadata exposed by the IFI Archive Player. The permalink represents a public viewing/metadata surface; MAR does not download or redistribute the audiovisual media and does not infer a licence to reproduce it.,
IFI Irish Film Archive,ifi-irish-film-archive,Ireland,Europe,IE-IFI-IFA,National film archive,https://ifiarchiveplayer.ie/,True,True,https://ifiarchiveplayer.ie/,IFI Archive Player,https://ifiarchiveplayer.ie/back-from-the-usa/,back from the usa,IFI Archive Player film record,Public film-page metadata exposed by the IFI Archive Player. The permalink represents a public viewing/metadata surface; MAR does not download or redistribute the audiovisual media and does not infer a licence to reproduce it.,
IFI Irish Film Archive,ifi-irish-film-archive,Ireland,Europe,IE-IFI-IFA,National film archive,https://ifiarchiveplayer.ie/,True,True,https://ifiarchiveplayer.ie/,IFI Archive Player,https://ifiarchiveplayer.ie/badminton-championships-mens-doubles/,badminton championships mens doubles,IFI Archive Player film record,Public film-page metadata exposed by the IFI Archive Player. The permalink represents a public viewing/metadata surface; MAR does not download or redistribute the audiovisual media and does not infer a licence to reproduce it.,
IFI Irish Film Archive,ifi-irish-film-archive,Ireland,Europe,IE-IFI-IFA,National film archive,https://ifiarchiveplayer.ie/,True,True,https://ifiarchiveplayer.ie/,IFI Archive Player,https://ifiarchiveplayer.ie/bagenalstown-new-look-in-pig-production-methods/,bagenalstown new look in pig production methods,IFI Archive Player film record,Public film-page metadata exposed by the IFI Archive Player. The permalink represents a public viewing/metadata surface; MAR does not download or redistribute the audiovisual media and does not infer a licence to reproduce it.,
IFI Irish Film Archive,ifi-irish-film-archive,Ireland,Europe,IE-IFI-IFA,National film archive,https://ifiarchiveplayer.ie/,True,True,https://ifiarchiveplayer.ie/,IFI Archive Player,https://ifiarchiveplayer.ie/bai-films-babyface-goes-to-hollywood/,bai films babyface goes to hollywood,IFI Archive Player film record,Public film-page metadata exposed by the IFI Archive Player. The permalink represents a public viewing/metadata surface; MAR does not download or redistribute the audiovisual media and does not infer a licence to reproduce it.,
IFI Irish Film Archive,ifi-irish-film-archive,Ireland,Europe,IE-IFI-IFA,National film archive,https://ifiarchiveplayer.ie/,True,True,https://ifiarchiveplayer.ie/,IFI Archive Player,https://ifiarchiveplayer.ie/baldoyle-races-despite-snow-and-ice/,baldoyle races despite snow and ice,IFI Archive Player film record,Public film-page metadata exposed by the IFI Archive Player. The permalink represents a public viewing/metadata surface; MAR does not download or redistribute the audiovisual media and does not infer a licence to reproduce it.,
IFI Irish Film Archive,ifi-irish-film-archive,Ireland,Europe,IE-IFI-IFA,National film archive,https://ifiarchiveplayer.ie/,True,True,https://ifiarchiveplayer.ie/,IFI Archive Player,https://ifiarchiveplayer.ie/ballinascreen/,ballinascreen,IFI Archive Player film record,Public film-page metadata exposed by the IFI Archive Player. The permalink represents a public viewing/metadata surface; MAR does not download or redistribute the audiovisual media and does not infer a licence to reproduce it.,
IFI Irish Film Archive,ifi-irish-film-archive,Ireland,Europe,IE-IFI-IFA,National film archive,https://ifiarchiveplayer.ie/,True,True,https://ifiarchiveplayer.ie/,IFI Archive Player,https://ifiarchiveplayer.ie/ballyfree-eggs/,ballyfree eggs,IFI Archive Player film record,Public film-page metadata exposed by the IFI Archive Player. The permalink represents a public viewing/metadata surface; MAR does not download or redistribute the audiovisual media and does not infer a licence to reproduce it.,
IFI Irish Film Archive,ifi-irish-film-archive,Ireland,Europe,IE-IFI-IFA,National film archive,https://ifiarchiveplayer.ie/,True,True,https://ifiarchiveplayer.ie/,IFI Archive Player,https://ifiarchiveplayer.ie/ballymun-arts/,ballymun arts,IFI Archive Player film record,Public film-page metadata exposed by the IFI Archive Player. The permalink represents a public viewing/metadata surface; MAR does not download or redistribute the audiovisual media and does not infer a licence to reproduce it.,
IFI Irish Film Archive,ifi-irish-film-archive,Ireland,Europe,IE-IFI-IFA,National film archive,https://ifiarchiveplayer.ie/,True,True,https://ifiarchiveplayer.ie/,IFI Archive Player,https://ifiarchiveplayer.ie/ballymun-employment/,ballymun employment,IFI Archive Player film record,Public film-page metadata exposed by the IFI Archive Player. The permalink represents a public viewing/metadata surface; MAR does not download or redistribute the audiovisual media and does not infer a licence to reproduce it.,
IFI Irish Film Archive,ifi-irish-film-archive,Ireland,Europe,IE-IFI-IFA,National film archive,https://ifiarchiveplayer.ie/,True,True,https://ifiarchiveplayer.ie/,IFI Archive Player,https://ifiarchiveplayer.ie/ballymun-horizon/,ballymun horizon,IFI Archive Player film record,Public film-page metadata exposed by the IFI Archive Player. The permalink represents a public viewing/metadata surface; MAR does not download or redistribute the audiovisual media and does not infer a licence to reproduce it.,
IFI Irish Film Archive,ifi-irish-film-archive,Ireland,Europe,IE-IFI-IFA,National film archive,https://ifiarchiveplayer.ie/,True,True,https://ifiarchiveplayer.ie/,IFI Archive Player,https://ifiarchiveplayer.ie/ballymun-lullaby/,ballymun lullaby,IFI Archive Player film record,Public film-page metadata exposed by the IFI Archive Player. The permalink represents a public viewing/metadata surface; MAR does not download or redistribute the audiovisual media and does not infer a licence to reproduce it.,
IFI Irish Film Archive,ifi-irish-film-archive,Ireland,Europe,IE-IFI-IFA,National film archive,https://ifiarchiveplayer.ie/,True,True,https://ifiarchiveplayer.ie/,IFI Archive Player,https://ifiarchiveplayer.ie/ballymun-rap-rave/,ballymun rap rave,IFI Archive Player film record,Public film-page metadata exposed by the IFI Archive Player. The permalink represents a public viewing/metadata surface; MAR does not download or redistribute the audiovisual media and does not infer a licence to reproduce it.,
IFI Irish Film Archive,ifi-irish-film-archive,Ireland,Europe,IE-IFI-IFA,National film archive,https://ifiarchiveplayer.ie/,True,True,https://ifiarchiveplayer.ie/,IFI Archive Player,https://ifiarchiveplayer.ie/ballymun-summer/,ballymun summer,IFI Archive Player film record,Public film-page metadata exposed by the IFI Archive Player. The permalink represents a public viewing/metadata surface; MAR does not download or redistribute the audiovisual media and does not infer a licence to reproduce it.,
IFI Irish Film Archive,ifi-irish-film-archive,Ireland,Europe,IE-IFI-IFA,National film archive,https://ifiarchiveplayer.ie/,True,True,https://ifiarchiveplayer.ie/,IFI Archive Player,https://ifiarchiveplayer.ie/ballymun-youth-facility-opening/,ballymun youth facility opening,IFI Archive Player film record,Public film-page metadata exposed by the IFI Archive Player. The permalink represents a public viewing/metadata surface; MAR does not download or redistribute the audiovisual media and does not infer a licence to reproduce it.,
IFI Irish Film Archive,ifi-irish-film-archive,Ireland,Europe,IE-IFI-IFA,National film archive,https://ifiarchiveplayer.ie/,True,True,https://ifiarchiveplayer.ie/,IFI Archive Player,https://ifiarchiveplayer.ie/balmoral-agricultural-show/,balmoral agricultural show,IFI Archive Player film record,Public film-page metadata exposed by the IFI Archive Player. The permalink represents a public viewing/metadata surface; MAR does not download or redistribute the audiovisual media and does not infer a licence to reproduce it.,
IFI Irish Film Archive,ifi-irish-film-archive,Ireland,Europe,IE-IFI-IFA,National film archive,https://ifiarchiveplayer.ie/,True,True,https://ifiarchiveplayer.ie/,IFI Archive Player,https://ifiarchiveplayer.ie/ban-ghardai-in-passing-out-parade/,ban ghardai in passing out parade,IFI Archive Player film record,Public film-page metadata exposed by the IFI Archive Player. The permalink represents a public viewing/metadata surface; MAR does not download or redistribute the audiovisual media and does not infer a licence to reproduce it.,
IFI Irish Film Archive,ifi-irish-film-archive,Ireland,Europe,IE-IFI-IFA,National film archive,https://ifiarchiveplayer.ie/,True,True,https://ifiarchiveplayer.ie/,IFI Archive Player,https://ifiarchiveplayer.ie/baring-arms/,baring arms,IFI Archive Player film record,Public film-page metadata exposed by the IFI Archive Player. The permalink represents a public viewing/metadata surface; MAR does not download or redistribute the audiovisual media and does not infer a licence to reproduce it.,
IFI Irish Film Archive,ifi-irish-film-archive,Ireland,Europe,IE-IFI-IFA,National film archive,https://ifiarchiveplayer.ie/,True,True,https://ifiarchiveplayer.ie/,IFI Archive Player,https://ifiarchiveplayer.ie/bass-ale/,bass ale,IFI Archive Player film record,Public film-page metadata exposed by the IFI Archive Player. The permalink represents a public viewing/metadata surface; MAR does not download or redistribute the audiovisual media and does not infer a licence to reproduce it.,
IFI Irish Film Archive,ifi-irish-film-archive,Ireland,Europe,IE-IFI-IFA,National film archive,https://ifiarchiveplayer.ie/,True,True,https://ifiarchiveplayer.ie/,IFI Archive Player,https://ifiarchiveplayer.ie/bass-ale-the-dubliners/,bass ale the dubliners,IFI Archive Player film record,Public film-page metadata exposed by the IFI Archive Player. The permalink represents a public viewing/metadata surface; MAR does not download or redistribute the audiovisual media and does not infer a licence to reproduce it.,
IFI Irish Film Archive,ifi-irish-film-archive,Ireland,Europe,IE-IFI-IFA,National film archive,https://ifiarchiveplayer.ie/,True,True,https://ifiarchiveplayer.ie/,IFI Archive Player,https://ifiarchiveplayer.ie/battle-of-belleek/,battle of belleek,IFI Archive Player film record,Public film-page metadata exposed by the IFI Archive Player. The permalink represents a public viewing/metadata surface; MAR does not download or redistribute the audiovisual media and does not infer a licence to reproduce it.,
IFI Irish Film Archive,ifi-irish-film-archive,Ireland,Europe,IE-IFI-IFA,National film archive,https://ifiarchiveplayer.ie/,True,True,https://ifiarchiveplayer.ie/,IFI Archive Player,https://ifiarchiveplayer.ie/battle-of-the-four-courts/,battle of the four courts,IFI Archive Player film record,Public film-page metadata exposed by the IFI Archive Player. The permalink represents a public viewing/metadata surface; MAR does not download or redistribute the audiovisual media and does not infer a licence to reproduce it.,
IFI Irish Film Archive,ifi-irish-film-archive,Ireland,Europe,IE-IFI-IFA,National film archive,https://ifiarchiveplayer.ie/,True,True,https://ifiarchiveplayer.ie/,IFI Archive Player,https://ifiarchiveplayer.ie/beanos/,beanos,IFI Archive Player film record,Public film-page metadata exposed by the IFI Archive Player. The permalink represents a public viewing/metadata surface; MAR does not download or redistribute the audiovisual media and does not infer a licence to reproduce it.,
IFI Irish Film Archive,ifi-irish-film-archive,Ireland,Europe,IE-IFI-IFA,National film archive,https://ifiarchiveplayer.ie/,True,True,https://ifiarchiveplayer.ie/,IFI Archive Player,https://ifiarchiveplayer.ie/beara/,beara,IFI Archive Player film record,Public film-page metadata exposed by the IFI Archive Player. The permalink represents a public viewing/metadata surface; MAR does not download or redistribute the audiovisual media and does not infer a licence to reproduce it.,
IFI Irish Film Archive,ifi-irish-film-archive,Ireland,Europe,IE-IFI-IFA,National film archive,https://ifiarchiveplayer.ie/,True,True,https://ifiarchiveplayer.ie/,IFI Archive Player,https://ifiarchiveplayer.ie/beau-guest/,beau guest,IFI Archive Player film record,Public film-page metadata exposed by the IFI Archive Player. The permalink represents a public viewing/metadata surface; MAR does not download or redistribute the audiovisual media and does not infer a licence to reproduce it.,
IFI Irish Film Archive,ifi-irish-film-archive,Ireland,Europe,IE-IFI-IFA,National film archive,https://ifiarchiveplayer.ie/,True,True,https://ifiarchiveplayer.ie/,IFI Archive Player,https://ifiarchiveplayer.ie/beauty-now/,beauty now,IFI Archive Player film record,Public film-page metadata exposed by the IFI Archive Player. The permalink represents a public viewing/metadata surface; MAR does not download or redistribute the audiovisual media and does not infer a licence to reproduce it.,
IFI Irish Film Archive,ifi-irish-film-archive,Ireland,Europe,IE-IFI-IFA,National film archive,https://ifiarchiveplayer.ie/,True,True,https://ifiarchiveplayer.ie/,IFI Archive Player,https://ifiarchiveplayer.ie/behind-the-ifi-player/,behind the ifi player,IFI Archive Player film record,Public film-page metadata exposed by the IFI Archive Player. The permalink represents a public viewing/metadata surface; MAR does not download or redistribute the audiovisual media and does not infer a licence to reproduce it.,
IFI Irish Film Archive,ifi-irish-film-archive,Ireland,Europe,IE-IFI-IFA,National film archive,https://ifiarchiveplayer.ie/,True,True,https://ifiarchiveplayer.ie/,IFI Archive Player,https://ifiarchiveplayer.ie/belfast/,belfast,IFI Archive Player film record,Public film-page metadata exposed by the IFI Archive Player. The permalink represents a public viewing/metadata surface; MAR does not download or redistribute the audiovisual media and does not infer a licence to reproduce it.,
IFI Irish Film Archive,ifi-irish-film-archive,Ireland,Europe,IE-IFI-IFA,National film archive,https://ifiarchiveplayer.ie/,True,True,https://ifiarchiveplayer.ie/,IFI Archive Player,https://ifiarchiveplayer.ie/belfast-greets-satchmo-louis-armstrong/,belfast greets satchmo louis armstrong,IFI Archive Player film record,Public film-page metadata exposed by the IFI Archive Player. The permalink represents a public viewing/metadata surface; MAR does not download or redistribute the audiovisual media and does not infer a licence to reproduce it.,
IFI Irish Film Archive,ifi-irish-film-archive,Ireland,Europe,IE-IFI-IFA,National film archive,https://ifiarchiveplayer.ie/,True,True,https://ifiarchiveplayer.ie/,IFI Archive Player,https://ifiarchiveplayer.ie/belleek-an-enduring-heritage/,belleek an enduring heritage,IFI Archive Player film record,Public film-page metadata exposed by the IFI Archive Player. The permalink represents a public viewing/metadata surface; MAR does not download or redistribute the audiovisual media and does not infer a licence to reproduce it.,
IFI Irish Film Archive,ifi-irish-film-archive,Ireland,Europe,IE-IFI-IFA,National film archive,https://ifiarchiveplayer.ie/,True,True,https://ifiarchiveplayer.ie/,IFI Archive Player,https://ifiarchiveplayer.ie/benburb/,benburb,IFI Archive Player film record,Public film-page metadata exposed by the IFI Archive Player. The permalink represents a public viewing/metadata surface; MAR does not download or redistribute the audiovisual media and does not infer a licence to reproduce it.,
IFI Irish Film Archive,ifi-irish-film-archive,Ireland,Europe,IE-IFI-IFA,National film archive,https://ifiarchiveplayer.ie/,True,True,https://ifiarchiveplayer.ie/,IFI Archive Player,https://ifiarchiveplayer.ie/bending-the-sally/,bending the sally,IFI Archive Player film record,Public film-page metadata exposed by the IFI Archive Player. The permalink represents a public viewing/metadata surface; MAR does not download or redistribute the audiovisual media and does not infer a licence to reproduce it.,
IFI Irish Film Archive,ifi-irish-film-archive,Ireland,Europe,IE-IFI-IFA,National film archive,https://ifiarchiveplayer.ie/,True,True,https://ifiarchiveplayer.ie/,IFI Archive Player,https://ifiarchiveplayer.ie/best-man/,best man,IFI Archive Player film record,Public film-page metadata exposed by the IFI Archive Player. The permalink represents a public viewing/metadata surface; MAR does not download or redistribute the audiovisual media and does not infer a licence to reproduce it.,
IFI Irish Film Archive,ifi-irish-film-archive,Ireland,Europe,IE-IFI-IFA,National film archive,https://ifiarchiveplayer.ie/,True,True,https://ifiarchiveplayer.ie/,IFI Archive Player,https://ifiarchiveplayer.ie/big-wave/,big wave,IFI Archive Player film record,Public film-page metadata exposed by the IFI Archive Player. The permalink represents a public viewing/metadata surface; MAR does not download or redistribute the audiovisual media and does not infer a licence to reproduce it.,
IFI Irish Film Archive,ifi-irish-film-archive,Ireland,Europe,IE-IFI-IFA,National film archive,https://ifiarchiveplayer.ie/,True,True,https://ifiarchiveplayer.ie/,IFI Archive Player,https://ifiarchiveplayer.ie/bike/,bike,IFI Archive Player film record,Public film-page metadata exposed by the IFI Archive Player. The permalink represents a public viewing/metadata surface; MAR does not download or redistribute the audiovisual media and does not infer a licence to reproduce it.,
IFI Irish Film Archive,ifi-irish-film-archive,Ireland,Europe,IE-IFI-IFA,National film archive,https://ifiarchiveplayer.ie/,True,True,https://ifiarchiveplayer.ie/,IFI Archive Player,https://ifiarchiveplayer.ie/black-pot/,black pot,IFI Archive Player film record,Public film-page metadata exposed by the IFI Archive Player. The permalink represents a public viewing/metadata surface; MAR does not download or redistribute the audiovisual media and does not infer a licence to reproduce it.,
IFI Irish Film Archive,ifi-irish-film-archive,Ireland,Europe,IE-IFI-IFA,National film archive,https://ifiarchiveplayer.ie/,True,True,https://ifiarchiveplayer.ie/,IFI Archive Player,https://ifiarchiveplayer.ie/blacksmith/,blacksmith,IFI Archive Player film record,Public film-page metadata exposed by the IFI Archive Player. The permalink represents a public viewing/metadata surface; MAR does not download or redistribute the audiovisual media and does not infer a licence to reproduce it.,
IFI Irish Film Archive,ifi-irish-film-archive,Ireland,Europe,IE-IFI-IFA,National film archive,https://ifiarchiveplayer.ie/,True,True,https://ifiarchiveplayer.ie/,IFI Archive Player,https://ifiarchiveplayer.ie/blackwater-holiday/,blackwater holiday,IFI Archive Player film record,Public film-page metadata exposed by the IFI Archive Player. The permalink represents a public viewing/metadata surface; MAR does not download or redistribute the audiovisual media and does not infer a licence to reproduce it.,
IFI Irish Film Archive,ifi-irish-film-archive,Ireland,Europe,IE-IFI-IFA,National film archive,https://ifiarchiveplayer.ie/,True,True,https://ifiarchiveplayer.ie/,IFI Archive Player,https://ifiarchiveplayer.ie/blessed-fruit/,blessed fruit,IFI Archive Player film record,Public film-page metadata exposed by the IFI Archive Player. The permalink represents a public viewing/metadata surface; MAR does not download or redistribute the audiovisual media and does not infer a licence to reproduce it.,
IFI Irish Film Archive,ifi-irish-film-archive,Ireland,Europe,IE-IFI-IFA,National film archive,https://ifiarchiveplayer.ie/,True,True,https://ifiarchiveplayer.ie/,IFI Archive Player,https://ifiarchiveplayer.ie/blip/,blip,IFI Archive Player film record,Public film-page metadata exposed by the IFI Archive Player. The permalink represents a public viewing/metadata surface; MAR does not download or redistribute the audiovisual media and does not infer a licence to reproduce it.,
IFI Irish Film Archive,ifi-irish-film-archive,Ireland,Europe,IE-IFI-IFA,National film archive,https://ifiarchiveplayer.ie/,True,True,https://ifiarchiveplayer.ie/,IFI Archive Player,https://ifiarchiveplayer.ie/bloomsday-62-james-joyce-tower-opened/,bloomsday 62 james joyce tower opened,IFI Archive Player film record,Public film-page metadata exposed by the IFI Archive Player. The permalink represents a public viewing/metadata surface; MAR does not download or redistribute the audiovisual media and does not infer a licence to reproduce it.,
IFI Irish Film Archive,ifi-irish-film-archive,Ireland,Europe,IE-IFI-IFA,National film archive,https://ifiarchiveplayer.ie/,True,True,https://ifiarchiveplayer.ie/,IFI Archive Player,https://ifiarchiveplayer.ie/bold-emmett-irelands-martyr/,bold emmett irelands martyr,IFI Archive Player film record,Public film-page metadata exposed by the IFI Archive Player. The permalink represents a public viewing/metadata surface; MAR does not download or redistribute the audiovisual media and does not infer a licence to reproduce it.,
IFI Irish Film Archive,ifi-irish-film-archive,Ireland,Europe,IE-IFI-IFA,National film archive,https://ifiarchiveplayer.ie/,True,True,https://ifiarchiveplayer.ie/,IFI Archive Player,https://ifiarchiveplayer.ie/boogaloo-and-graham/,boogaloo and graham,IFI Archive Player film record,Public film-page metadata exposed by the IFI Archive Player. The permalink represents a public viewing/metadata surface; MAR does not download or redistribute the audiovisual media and does not infer a licence to reproduce it.,
IFI Irish Film Archive,ifi-irish-film-archive,Ireland,Europe,IE-IFI-IFA,National film archive,https://ifiarchiveplayer.ie/,True,True,https://ifiarchiveplayer.ie/,IFI Archive Player,https://ifiarchiveplayer.ie/bord-na-mona-briquette-factory-opened/,bord na mona briquette factory opened,IFI Archive Player film record,Public film-page metadata exposed by the IFI Archive Player. The permalink represents a public viewing/metadata surface; MAR does not download or redistribute the audiovisual media and does not infer a licence to reproduce it.,
IFI Irish Film Archive,ifi-irish-film-archive,Ireland,Europe,IE-IFI-IFA,National film archive,https://ifiarchiveplayer.ie/,True,True,https://ifiarchiveplayer.ie/,IFI Archive Player,https://ifiarchiveplayer.ie/bottle-1/,bottle 1,IFI Archive Player film record,Public film-page metadata exposed by the IFI Archive Player. The permalink represents a public viewing/metadata surface; MAR does not download or redistribute the audiovisual media and does not infer a licence to reproduce it.,
IFI Irish Film Archive,ifi-irish-film-archive,Ireland,Europe,IE-IFI-IFA,National film archive,https://ifiarchiveplayer.ie/,True,True,https://ifiarchiveplayer.ie/,IFI Archive Player,https://ifiarchiveplayer.ie/bovril-cubes-red-meat/,bovril cubes red meat,IFI Archive Player film record,Public film-page metadata exposed by the IFI Archive Player. The permalink represents a public viewing/metadata surface; MAR does not download or redistribute the audiovisual media and does not infer a licence to reproduce it.,
IFI Irish Film Archive,ifi-irish-film-archive,Ireland,Europe,IE-IFI-IFA,National film archive,https://ifiarchiveplayer.ie/,True,True,https://ifiarchiveplayer.ie/,IFI Archive Player,https://ifiarchiveplayer.ie/bovril-stock-cubes/,bovril stock cubes,IFI Archive Player film record,Public film-page metadata exposed by the IFI Archive Player. The permalink represents a public viewing/metadata surface; MAR does not download or redistribute the audiovisual media and does not infer a licence to reproduce it.,
IFI Irish Film Archive,ifi-irish-film-archive,Ireland,Europe,IE-IFI-IFA,National film archive,https://ifiarchiveplayer.ie/,True,True,https://ifiarchiveplayer.ie/,IFI Archive Player,https://ifiarchiveplayer.ie/boy-wanted/,boy wanted,IFI Archive Player film record,Public film-page metadata exposed by the IFI Archive Player. The permalink represents a public viewing/metadata surface; MAR does not download or redistribute the audiovisual media and does not infer a licence to reproduce it.,
IFI Irish Film Archive,ifi-irish-film-archive,Ireland,Europe,IE-IFI-IFA,National film archive,https://ifiarchiveplayer.ie/,True,True,https://ifiarchiveplayer.ie/,IFI Archive Player,https://ifiarchiveplayer.ie/bradys-bargain/,bradys bargain,IFI Archive Player film record,Public film-page metadata exposed by the IFI Archive Player. The permalink represents a public viewing/metadata surface; MAR does not download or redistribute the audiovisual media and does not infer a licence to reproduce it.,
IFI Irish Film Archive,ifi-irish-film-archive,Ireland,Europe,IE-IFI-IFA,National film archive,https://ifiarchiveplayer.ie/,True,True,https://ifiarchiveplayer.ie/,IFI Archive Player,https://ifiarchiveplayer.ie/bricklayer/,bricklayer,IFI Archive Player film record,Public film-page metadata exposed by the IFI Archive Player. The permalink represents a public viewing/metadata surface; MAR does not download or redistribute the audiovisual media and does not infer a licence to reproduce it.,
IFI Irish Film Archive,ifi-irish-film-archive,Ireland,Europe,IE-IFI-IFA,National film archive,https://ifiarchiveplayer.ie/,True,True,https://ifiarchiveplayer.ie/,IFI Archive Player,https://ifiarchiveplayer.ie/british-evacuate-ireland-after-hundreds-of-years-of-occupation/,british evacuate ireland after hundreds of years of occupation,IFI Archive Player film record,Public film-page metadata exposed by the IFI Archive Player. The permalink represents a public viewing/metadata surface; MAR does not download or redistribute the audiovisual media and does not infer a licence to reproduce it.,
IFI Irish Film Archive,ifi-irish-film-archive,Ireland,Europe,IE-IFI-IFA,National film archive,https://ifiarchiveplayer.ie/,True,True,https://ifiarchiveplayer.ie/,IFI Archive Player,https://ifiarchiveplayer.ie/brittas-bay-beached-ship/,brittas bay beached ship,IFI Archive Player film record,Public film-page metadata exposed by the IFI Archive Player. The permalink represents a public viewing/metadata surface; MAR does not download or redistribute the audiovisual media and does not infer a licence to reproduce it.,
IFI Irish Film Archive,ifi-irish-film-archive,Ireland,Europe,IE-IFI-IFA,National film archive,https://ifiarchiveplayer.ie/,True,True,https://ifiarchiveplayer.ie/,IFI Archive Player,https://ifiarchiveplayer.ie/brother/,brother,IFI Archive Player film record,Public film-page metadata exposed by the IFI Archive Player. The permalink represents a public viewing/metadata surface; MAR does not download or redistribute the audiovisual media and does not infer a licence to reproduce it.,
IFI Irish Film Archive,ifi-irish-film-archive,Ireland,Europe,IE-IFI-IFA,National film archive,https://ifiarchiveplayer.ie/,True,True,https://ifiarchiveplayer.ie/,IFI Archive Player,https://ifiarchiveplayer.ie/brother-electronic-sewing-machines/,brother electronic sewing machines,IFI Archive Player film record,Public film-page metadata exposed by the IFI Archive Player. The permalink represents a public viewing/metadata surface; MAR does not download or redistribute the audiovisual media and does not infer a licence to reproduce it.,
IFI Irish Film Archive,ifi-irish-film-archive,Ireland,Europe,IE-IFI-IFA,National film archive,https://ifiarchiveplayer.ie/,True,True,https://ifiarchiveplayer.ie/,IFI Archive Player,https://ifiarchiveplayer.ie/brother-sewing-machines/,brother sewing machines,IFI Archive Player film record,Public film-page metadata exposed by the IFI Archive Player. The permalink represents a public viewing/metadata surface; MAR does not download or redistribute the audiovisual media and does not infer a licence to reproduce it.,
IFI Irish Film Archive,ifi-irish-film-archive,Ireland,Europe,IE-IFI-IFA,National film archive,https://ifiarchiveplayer.ie/,True,True,https://ifiarchiveplayer.ie/,IFI Archive Player,https://ifiarchiveplayer.ie/bua/,bua,IFI Archive Player film record,Public film-page metadata exposed by the IFI Archive Player. The permalink represents a public viewing/metadata surface; MAR does not download or redistribute the audiovisual media and does not infer a licence to reproduce it.,
IFI Irish Film Archive,ifi-irish-film-archive,Ireland,Europe,IE-IFI-IFA,National film archive,https://ifiarchiveplayer.ie/,True,True,https://ifiarchiveplayer.ie/,IFI Archive Player,https://ifiarchiveplayer.ie/builder/,builder,IFI Archive Player film record,Public film-page metadata exposed by the IFI Archive Player. The permalink represents a public viewing/metadata surface; MAR does not download or redistribute the audiovisual media and does not infer a licence to reproduce it.,
IFI Irish Film Archive,ifi-irish-film-archive,Ireland,Europe,IE-IFI-IFA,National film archive,https://ifiarchiveplayer.ie/,True,True,https://ifiarchiveplayer.ie/,IFI Archive Player,https://ifiarchiveplayer.ie/bush-superstar/,bush superstar,IFI Archive Player film record,Public film-page metadata exposed by the IFI Archive Player. The permalink represents a public viewing/metadata surface; MAR does not download or redistribute the audiovisual media and does not infer a licence to reproduce it.,
IFI Irish Film Archive,ifi-irish-film-archive,Ireland,Europe,IE-IFI-IFA,National film archive,https://ifiarchiveplayer.ie/,True,True,https://ifiarchiveplayer.ie/,IFI Archive Player,https://ifiarchiveplayer.ie/bye-bye-now/,bye bye now,IFI Archive Player film record,Public film-page metadata exposed by the IFI Archive Player. The permalink represents a public viewing/metadata surface; MAR does not download or redistribute the audiovisual media and does not infer a licence to reproduce it.,
IFI Irish Film Archive,ifi-irish-film-archive,Ireland,Europe,IE-IFI-IFA,National film archive,https://ifiarchiveplayer.ie/,True,True,https://ifiarchiveplayer.ie/,IFI Archive Player,https://ifiarchiveplayer.ie/cad-e-sin/,cad e sin,IFI Archive Player film record,Public film-page metadata exposed by the IFI Archive Player. The permalink represents a public viewing/metadata surface; MAR does not download or redistribute the audiovisual media and does not infer a licence to reproduce it.,
IFI Irish Film Archive,ifi-irish-film-archive,Ireland,Europe,IE-IFI-IFA,National film archive,https://ifiarchiveplayer.ie/,True,True,https://ifiarchiveplayer.ie/,IFI Archive Player,https://ifiarchiveplayer.ie/cadburys-irish-rose/,cadburys irish rose,IFI Archive Player film record,Public film-page metadata exposed by the IFI Archive Player. The permalink represents a public viewing/metadata surface; MAR does not download or redistribute the audiovisual media and does not infer a licence to reproduce it.,
IFI Irish Film Archive,ifi-irish-film-archive,Ireland,Europe,IE-IFI-IFA,National film archive,https://ifiarchiveplayer.ie/,True,True,https://ifiarchiveplayer.ie/,IFI Archive Player,https://ifiarchiveplayer.ie/cadburys-milk-tray/,cadburys milk tray,IFI Archive Player film record,Public film-page metadata exposed by the IFI Archive Player. The permalink represents a public viewing/metadata surface; MAR does not download or redistribute the audiovisual media and does not infer a licence to reproduce it.,
IFI Irish Film Archive,ifi-irish-film-archive,Ireland,Europe,IE-IFI-IFA,National film archive,https://ifiarchiveplayer.ie/,True,True,https://ifiarchiveplayer.ie/,IFI Archive Player,https://ifiarchiveplayer.ie/cadet-marching-band/,cadet marching band,IFI Archive Player film record,Public film-page metadata exposed by the IFI Archive Player. The permalink represents a public viewing/metadata surface; MAR does not download or redistribute the audiovisual media and does not infer a licence to reproduce it.,
IFI Irish Film Archive,ifi-irish-film-archive,Ireland,Europe,IE-IFI-IFA,National film archive,https://ifiarchiveplayer.ie/,True,True,https://ifiarchiveplayer.ie/,IFI Archive Player,https://ifiarchiveplayer.ie/callahans-murphys/,callahans murphys,IFI Archive Player film record,Public film-page metadata exposed by the IFI Archive Player. The permalink represents a public viewing/metadata surface; MAR does not download or redistribute the audiovisual media and does not infer a licence to reproduce it.,
IFI Irish Film Archive,ifi-irish-film-archive,Ireland,Europe,IE-IFI-IFA,National film archive,https://ifiarchiveplayer.ie/,True,True,https://ifiarchiveplayer.ie/,IFI Archive Player,https://ifiarchiveplayer.ie/calor-kosangas-cooker/,calor kosangas cooker,IFI Archive Player film record,Public film-page metadata exposed by the IFI Archive Player. The permalink represents a public viewing/metadata surface; MAR does not download or redistribute the audiovisual media and does not infer a licence to reproduce it.,
IFI Irish Film Archive,ifi-irish-film-archive,Ireland,Europe,IE-IFI-IFA,National film archive,https://ifiarchiveplayer.ie/,True,True,https://ifiarchiveplayer.ie/,IFI Archive Player,https://ifiarchiveplayer.ie/calor-kosangas-countrywide/,calor kosangas countrywide,IFI Archive Player film record,Public film-page metadata exposed by the IFI Archive Player. The permalink represents a public viewing/metadata surface; MAR does not download or redistribute the audiovisual media and does not infer a licence to reproduce it.,
IFI Irish Film Archive,ifi-irish-film-archive,Ireland,Europe,IE-IFI-IFA,National film archive,https://ifiarchiveplayer.ie/,True,True,https://ifiarchiveplayer.ie/,IFI Archive Player,https://ifiarchiveplayer.ie/calor-kosangas-master-heat/,calor kosangas master heat,IFI Archive Player film record,Public film-page metadata exposed by the IFI Archive Player. The permalink represents a public viewing/metadata surface; MAR does not download or redistribute the audiovisual media and does not infer a licence to reproduce it.,
IFI Irish Film Archive,ifi-irish-film-archive,Ireland,Europe,IE-IFI-IFA,National film archive,https://ifiarchiveplayer.ie/,True,True,https://ifiarchiveplayer.ie/,IFI Archive Player,https://ifiarchiveplayer.ie/calor-kosangas-significant-saving/,calor kosangas significant saving,IFI Archive Player film record,Public film-page metadata exposed by the IFI Archive Player. The permalink represents a public viewing/metadata surface; MAR does not download or redistribute the audiovisual media and does not infer a licence to reproduce it.,
IFI Irish Film Archive,ifi-irish-film-archive,Ireland,Europe,IE-IFI-IFA,National film archive,https://ifiarchiveplayer.ie/,True,True,https://ifiarchiveplayer.ie/,IFI Archive Player,https://ifiarchiveplayer.ie/caltex-sports-awards/,caltex sports awards,IFI Archive Player film record,Public film-page metadata exposed by the IFI Archive Player. The permalink represents a public viewing/metadata surface; MAR does not download or redistribute the audiovisual media and does not infer a licence to reproduce it.,
IFI Irish Film Archive,ifi-irish-film-archive,Ireland,Europe,IE-IFI-IFA,National film archive,https://ifiarchiveplayer.ie/,True,True,https://ifiarchiveplayer.ie/,IFI Archive Player,https://ifiarchiveplayer.ie/calvita-boutique/,calvita boutique,IFI Archive Player film record,Public film-page metadata exposed by the IFI Archive Player. The permalink represents a public viewing/metadata surface; MAR does not download or redistribute the audiovisual media and does not infer a licence to reproduce it.,
IFI Irish Film Archive,ifi-irish-film-archive,Ireland,Europe,IE-IFI-IFA,National film archive,https://ifiarchiveplayer.ie/,True,True,https://ifiarchiveplayer.ie/,IFI Archive Player,https://ifiarchiveplayer.ie/canoe-camping-holidays-on-munster-blackwater/,canoe camping holidays on munster blackwater,IFI Archive Player film record,Public film-page metadata exposed by the IFI Archive Player. The permalink represents a public viewing/metadata surface; MAR does not download or redistribute the audiovisual media and does not infer a licence to reproduce it.,
IFI Irish Film Archive,ifi-irish-film-archive,Ireland,Europe,IE-IFI-IFA,National film archive,https://ifiarchiveplayer.ie/,True,True,https://ifiarchiveplayer.ie/,IFI Archive Player,https://ifiarchiveplayer.ie/cappagh-hospital-christmas-party-for-children/,cappagh hospital christmas party for children,IFI Archive Player film record,Public film-page metadata exposed by the IFI Archive Player. The permalink represents a public viewing/metadata surface; MAR does not download or redistribute the audiovisual media and does not infer a licence to reproduce it.,
IFI Irish Film Archive,ifi-irish-film-archive,Ireland,Europe,IE-IFI-IFA,National film archive,https://ifiarchiveplayer.ie/,True,True,https://ifiarchiveplayer.ie/,IFI Archive Player,https://ifiarchiveplayer.ie/captain-crisps/,captain crisps,IFI Archive Player film record,Public film-page metadata exposed by the IFI Archive Player. The permalink represents a public viewing/metadata surface; MAR does not download or redistribute the audiovisual media and does not infer a licence to reproduce it.,
IFI Irish Film Archive,ifi-irish-film-archive,Ireland,Europe,IE-IFI-IFA,National film archive,https://ifiarchiveplayer.ie/,True,True,https://ifiarchiveplayer.ie/,IFI Archive Player,https://ifiarchiveplayer.ie/car/,car,IFI Archive Player film record,Public film-page metadata exposed by the IFI Archive Player. The permalink represents a public viewing/metadata surface; MAR does not download or redistribute the audiovisual media and does not infer a licence to reproduce it.,
IFI Irish Film Archive,ifi-irish-film-archive,Ireland,Europe,IE-IFI-IFA,National film archive,https://ifiarchiveplayer.ie/,True,True,https://ifiarchiveplayer.ie/,IFI Archive Player,https://ifiarchiveplayer.ie/carling/,carling,IFI Archive Player film record,Public film-page metadata exposed by the IFI Archive Player. The permalink represents a public viewing/metadata surface; MAR does not download or redistribute the audiovisual media and does not infer a licence to reproduce it.,
IFI Irish Film Archive,ifi-irish-film-archive,Ireland,Europe,IE-IFI-IFA,National film archive,https://ifiarchiveplayer.ie/,True,True,https://ifiarchiveplayer.ie/,IFI Archive Player,https://ifiarchiveplayer.ie/carlsberg-mermaid/,carlsberg mermaid,IFI Archive Player film record,Public film-page metadata exposed by the IFI Archive Player. The permalink represents a public viewing/metadata surface; MAR does not download or redistribute the audiovisual media and does not infer a licence to reproduce it.,
IFI Irish Film Archive,ifi-irish-film-archive,Ireland,Europe,IE-IFI-IFA,National film archive,https://ifiarchiveplayer.ie/,True,True,https://ifiarchiveplayer.ie/,IFI Archive Player,https://ifiarchiveplayer.ie/carte-de-visite/,carte de visite,IFI Archive Player film record,Public film-page metadata exposed by the IFI Archive Player. The permalink represents a public viewing/metadata surface; MAR does not download or redistribute the audiovisual media and does not infer a licence to reproduce it.,
IFI Irish Film Archive,ifi-irish-film-archive,Ireland,Europe,IE-IFI-IFA,National film archive,https://ifiarchiveplayer.ie/,True,True,https://ifiarchiveplayer.ie/,IFI Archive Player,https://ifiarchiveplayer.ie/castleblayney-agricultural-show/,castleblayney agricultural show,IFI Archive Player film record,Public film-page metadata exposed by the IFI Archive Player. The permalink represents a public viewing/metadata surface; MAR does not download or redistribute the audiovisual media and does not infer a licence to reproduce it.,
IFI Irish Film Archive,ifi-irish-film-archive,Ireland,Europe,IE-IFI-IFA,National film archive,https://ifiarchiveplayer.ie/,True,True,https://ifiarchiveplayer.ie/,IFI Archive Player,https://ifiarchiveplayer.ie/castledermot-karting-season-starts/,castledermot karting season starts,IFI Archive Player film record,Public film-page metadata exposed by the IFI Archive Player. The permalink represents a public viewing/metadata surface; MAR does not download or redistribute the audiovisual media and does not infer a licence to reproduce it.,
IFI Irish Film Archive,ifi-irish-film-archive,Ireland,Europe,IE-IFI-IFA,National film archive,https://ifiarchiveplayer.ie/,True,True,https://ifiarchiveplayer.ie/,IFI Archive Player,https://ifiarchiveplayer.ie/cathal-black-in-focus-2/,cathal black in focus 2,IFI Archive Player film record,Public film-page metadata exposed by the IFI Archive Player. The permalink represents a public viewing/metadata surface; MAR does not download or redistribute the audiovisual media and does not infer a licence to reproduce it.,
IFI Irish Film Archive,ifi-irish-film-archive,Ireland,Europe,IE-IFI-IFA,National film archive,https://ifiarchiveplayer.ie/,True,True,https://ifiarchiveplayer.ie/,IFI Archive Player,https://ifiarchiveplayer.ie/cead-mile-failte/,cead mile failte,IFI Archive Player film record,Public film-page metadata exposed by the IFI Archive Player. The permalink represents a public viewing/metadata surface; MAR does not download or redistribute the audiovisual media and does not infer a licence to reproduce it.,
IFI Irish Film Archive,ifi-irish-film-archive,Ireland,Europe,IE-IFI-IFA,National film archive,https://ifiarchiveplayer.ie/,True,True,https://ifiarchiveplayer.ie/,IFI Archive Player,https://ifiarchiveplayer.ie/cenotaph-to-michael-collins/,cenotaph to michael collins,IFI Archive Player film record,Public film-page metadata exposed by the IFI Archive Player. The permalink represents a public viewing/metadata surface; MAR does not download or redistribute the audiovisual media and does not infer a licence to reproduce it.,
IFI Irish Film Archive,ifi-irish-film-archive,Ireland,Europe,IE-IFI-IFA,National film archive,https://ifiarchiveplayer.ie/,True,True,https://ifiarchiveplayer.ie/,IFI Archive Player,https://ifiarchiveplayer.ie/changing-tastes/,changing tastes,IFI Archive Player film record,Public film-page metadata exposed by the IFI Archive Player. The permalink represents a public viewing/metadata surface; MAR does not download or redistribute the audiovisual media and does not infer a licence to reproduce it.,
IFI Irish Film Archive,ifi-irish-film-archive,Ireland,Europe,IE-IFI-IFA,National film archive,https://ifiarchiveplayer.ie/,True,True,https://ifiarchiveplayer.ie/,IFI Archive Player,https://ifiarchiveplayer.ie/chicken/,chicken,IFI Archive Player film record,Public film-page metadata exposed by the IFI Archive Player. The permalink represents a public viewing/metadata surface; MAR does not download or redistribute the audiovisual media and does not infer a licence to reproduce it.,
IFI Irish Film Archive,ifi-irish-film-archive,Ireland,Europe,IE-IFI-IFA,National film archive,https://ifiarchiveplayer.ie/,True,True,https://ifiarchiveplayer.ie/,IFI Archive Player,https://ifiarchiveplayer.ie/chieftains/,chieftains,IFI Archive Player film record,Public film-page metadata exposed by the IFI Archive Player. The permalink represents a public viewing/metadata surface; MAR does not download or redistribute the audiovisual media and does not infer a licence to reproduce it.,
IFI Irish Film Archive,ifi-irish-film-archive,Ireland,Europe,IE-IFI-IFA,National film archive,https://ifiarchiveplayer.ie/,True,True,https://ifiarchiveplayer.ie/,IFI Archive Player,https://ifiarchiveplayer.ie/christmas-cards-help-worlds-refugees/,christmas cards help worlds refugees,IFI Archive Player film record,Public film-page metadata exposed by the IFI Archive Player. The permalink represents a public viewing/metadata surface; MAR does not download or redistribute the audiovisual media and does not infer a licence to reproduce it.,
IFI Irish Film Archive,ifi-irish-film-archive,Ireland,Europe,IE-IFI-IFA,National film archive,https://ifiarchiveplayer.ie/,True,True,https://ifiarchiveplayer.ie/,IFI Archive Player,https://ifiarchiveplayer.ie/christmas-day-swim/,christmas day swim,IFI Archive Player film record,Public film-page metadata exposed by the IFI Archive Player. The permalink represents a public viewing/metadata surface; MAR does not download or redistribute the audiovisual media and does not infer a licence to reproduce it.,
IFI Irish Film Archive,ifi-irish-film-archive,Ireland,Europe,IE-IFI-IFA,National film archive,https://ifiarchiveplayer.ie/,True,True,https://ifiarchiveplayer.ie/,IFI Archive Player,https://ifiarchiveplayer.ie/christmas-in-dublin-streets/,christmas in dublin streets,IFI Archive Player film record,Public film-page metadata exposed by the IFI Archive Player. The permalink represents a public viewing/metadata surface; MAR does not download or redistribute the audiovisual media and does not infer a licence to reproduce it.,
IFI Irish Film Archive,ifi-irish-film-archive,Ireland,Europe,IE-IFI-IFA,National film archive,https://ifiarchiveplayer.ie/,True,True,https://ifiarchiveplayer.ie/,IFI Archive Player,https://ifiarchiveplayer.ie/christmas-in-the-city/,christmas in the city,IFI Archive Player film record,Public film-page metadata exposed by the IFI Archive Player. The permalink represents a public viewing/metadata surface; MAR does not download or redistribute the audiovisual media and does not infer a licence to reproduce it.,
IFI Irish Film Archive,ifi-irish-film-archive,Ireland,Europe,IE-IFI-IFA,National film archive,https://ifiarchiveplayer.ie/,True,True,https://ifiarchiveplayer.ie/,IFI Archive Player,https://ifiarchiveplayer.ie/christmas-lights/,christmas lights,IFI Archive Player film record,Public film-page metadata exposed by the IFI Archive Player. The permalink represents a public viewing/metadata surface; MAR does not download or redistribute the audiovisual media and does not infer a licence to reproduce it.,
IFI Irish Film Archive,ifi-irish-film-archive,Ireland,Europe,IE-IFI-IFA,National film archive,https://ifiarchiveplayer.ie/,True,True,https://ifiarchiveplayer.ie/,IFI Archive Player,https://ifiarchiveplayer.ie/christmas-morning/,christmas morning,IFI Archive Player film record,Public film-page metadata exposed by the IFI Archive Player. The permalink represents a public viewing/metadata surface; MAR does not download or redistribute the audiovisual media and does not infer a licence to reproduce it.,
IFI Irish Film Archive,ifi-irish-film-archive,Ireland,Europe,IE-IFI-IFA,National film archive,https://ifiarchiveplayer.ie/,True,True,https://ifiarchiveplayer.ie/,IFI Archive Player,https://ifiarchiveplayer.ie/christmas-morning-lenny-abrahamson/,christmas morning lenny abrahamson,IFI Archive Player film record,Public film-page metadata exposed by the IFI Archive Player. The permalink represents a public viewing/metadata surface; MAR does not download or redistribute the audiovisual media and does not infer a licence to reproduce it.,
IFI Irish Film Archive,ifi-irish-film-archive,Ireland,Europe,IE-IFI-IFA,National film archive,https://ifiarchiveplayer.ie/,True,True,https://ifiarchiveplayer.ie/,IFI Archive Player,https://ifiarchiveplayer.ie/church-and-general-insurance/,church and general insurance,IFI Archive Player film record,Public film-page metadata exposed by the IFI Archive Player. The permalink represents a public viewing/metadata surface; MAR does not download or redistribute the audiovisual media and does not infer a licence to reproduce it.,
IFI Irish Film Archive,ifi-irish-film-archive,Ireland,Europe,IE-IFI-IFA,National film archive,https://ifiarchiveplayer.ie/,True,True,https://ifiarchiveplayer.ie/,IFI Archive Player,https://ifiarchiveplayer.ie/ciall-cheannaigh/,ciall cheannaigh,IFI Archive Player film record,Public film-page metadata exposed by the IFI Archive Player. The permalink represents a public viewing/metadata surface; MAR does not download or redistribute the audiovisual media and does not infer a licence to reproduce it.,
IFI Irish Film Archive,ifi-irish-film-archive,Ireland,Europe,IE-IFI-IFA,National film archive,https://ifiarchiveplayer.ie/,True,True,https://ifiarchiveplayer.ie/,IFI Archive Player,https://ifiarchiveplayer.ie/cie-d-day/,cie d day,IFI Archive Player film record,Public film-page metadata exposed by the IFI Archive Player. The permalink represents a public viewing/metadata surface; MAR does not download or redistribute the audiovisual media and does not infer a licence to reproduce it.,
IFI Irish Film Archive,ifi-irish-film-archive,Ireland,Europe,IE-IFI-IFA,National film archive,https://ifiarchiveplayer.ie/,True,True,https://ifiarchiveplayer.ie/,IFI Archive Player,https://ifiarchiveplayer.ie/cie-go-midweek/,cie go midweek,IFI Archive Player film record,Public film-page metadata exposed by the IFI Archive Player. The permalink represents a public viewing/metadata surface; MAR does not download or redistribute the audiovisual media and does not infer a licence to reproduce it.,
IFI Irish Film Archive,ifi-irish-film-archive,Ireland,Europe,IE-IFI-IFA,National film archive,https://ifiarchiveplayer.ie/,True,True,https://ifiarchiveplayer.ie/,IFI Archive Player,https://ifiarchiveplayer.ie/cie-going-home/,cie going home,IFI Archive Player film record,Public film-page metadata exposed by the IFI Archive Player. The permalink represents a public viewing/metadata surface; MAR does not download or redistribute the audiovisual media and does not infer a licence to reproduce it.,
IFI Irish Film Archive,ifi-irish-film-archive,Ireland,Europe,IE-IFI-IFA,National film archive,https://ifiarchiveplayer.ie/,True,True,https://ifiarchiveplayer.ie/,IFI Archive Player,https://ifiarchiveplayer.ie/cie-great-train-robbery/,cie great train robbery,IFI Archive Player film record,Public film-page metadata exposed by the IFI Archive Player. The permalink represents a public viewing/metadata surface; MAR does not download or redistribute the audiovisual media and does not infer a licence to reproduce it.,
IFI Irish Film Archive,ifi-irish-film-archive,Ireland,Europe,IE-IFI-IFA,National film archive,https://ifiarchiveplayer.ie/,True,True,https://ifiarchiveplayer.ie/,IFI Archive Player,https://ifiarchiveplayer.ie/cie-holiday-for-a-day/,cie holiday for a day,IFI Archive Player film record,Public film-page metadata exposed by the IFI Archive Player. The permalink represents a public viewing/metadata surface; MAR does not download or redistribute the audiovisual media and does not infer a licence to reproduce it.,
IFI Irish Film Archive,ifi-irish-film-archive,Ireland,Europe,IE-IFI-IFA,National film archive,https://ifiarchiveplayer.ie/,True,True,https://ifiarchiveplayer.ie/,IFI Archive Player,https://ifiarchiveplayer.ie/cie-miles-cheaper/,cie miles cheaper,IFI Archive Player film record,Public film-page metadata exposed by the IFI Archive Player. The permalink represents a public viewing/metadata surface; MAR does not download or redistribute the audiovisual media and does not infer a licence to reproduce it.,
IFI Irish Film Archive,ifi-irish-film-archive,Ireland,Europe,IE-IFI-IFA,National film archive,https://ifiarchiveplayer.ie/,True,True,https://ifiarchiveplayer.ie/,IFI Archive Player,https://ifiarchiveplayer.ie/cie-supertrain/,cie supertrain,IFI Archive Player film record,Public film-page metadata exposed by the IFI Archive Player. The permalink represents a public viewing/metadata surface; MAR does not download or redistribute the audiovisual media and does not infer a licence to reproduce it.,
IFI Irish Film Archive,ifi-irish-film-archive,Ireland,Europe,IE-IFI-IFA,National film archive,https://ifiarchiveplayer.ie/,True,True,https://ifiarchiveplayer.ie/,IFI Archive Player,https://ifiarchiveplayer.ie/cie-supertrain-2/,cie supertrain 2,IFI Archive Player film record,Public film-page metadata exposed by the IFI Archive Player. The permalink represents a public viewing/metadata surface; MAR does not download or redistribute the audiovisual media and does not infer a licence to reproduce it.,
IFI Irish Film Archive,ifi-irish-film-archive,Ireland,Europe,IE-IFI-IFA,National film archive,https://ifiarchiveplayer.ie/,True,True,https://ifiarchiveplayer.ie/,IFI Archive Player,https://ifiarchiveplayer.ie/cie-take-it-easy/,cie take it easy,IFI Archive Player film record,Public film-page metadata exposed by the IFI Archive Player. The permalink represents a public viewing/metadata surface; MAR does not download or redistribute the audiovisual media and does not infer a licence to reproduce it.,
IFI Irish Film Archive,ifi-irish-film-archive,Ireland,Europe,IE-IFI-IFA,National film archive,https://ifiarchiveplayer.ie/,True,True,https://ifiarchiveplayer.ie/,IFI Archive Player,https://ifiarchiveplayer.ie/cie-traffic-control-room/,cie traffic control room,IFI Archive Player film record,Public film-page metadata exposed by the IFI Archive Player. The permalink represents a public viewing/metadata surface; MAR does not download or redistribute the audiovisual media and does not infer a licence to reproduce it.,
IFI Irish Film Archive,ifi-irish-film-archive,Ireland,Europe,IE-IFI-IFA,National film archive,https://ifiarchiveplayer.ie/,True,True,https://ifiarchiveplayer.ie/,IFI Archive Player,https://ifiarchiveplayer.ie/cie-what-do-dubliners-think/,cie what do dubliners think,IFI Archive Player film record,Public film-page metadata exposed by the IFI Archive Player. The permalink represents a public viewing/metadata surface; MAR does not download or redistribute the audiovisual media and does not infer a licence to reproduce it.,
IFI Irish Film Archive,ifi-irish-film-archive,Ireland,Europe,IE-IFI-IFA,National film archive,https://ifiarchiveplayer.ie/,True,True,https://ifiarchiveplayer.ie/,IFI Archive Player,https://ifiarchiveplayer.ie/cie-what-do-dubliners-think-night/,cie what do dubliners think night,IFI Archive Player film record,Public film-page metadata exposed by the IFI Archive Player. The permalink represents a public viewing/metadata surface; MAR does not download or redistribute the audiovisual media and does not infer a licence to reproduce it.,
IFI Irish Film Archive,ifi-irish-film-archive,Ireland,Europe,IE-IFI-IFA,National film archive,https://ifiarchiveplayer.ie/,True,True,https://ifiarchiveplayer.ie/,IFI Archive Player,https://ifiarchiveplayer.ie/circus-man/,circus man,IFI Archive Player film record,Public film-page metadata exposed by the IFI Archive Player. The permalink represents a public viewing/metadata surface; MAR does not download or redistribute the audiovisual media and does not infer a licence to reproduce it.,
IFI Irish Film Archive,ifi-irish-film-archive,Ireland,Europe,IE-IFI-IFA,National film archive,https://ifiarchiveplayer.ie/,True,True,https://ifiarchiveplayer.ie/,IFI Archive Player,https://ifiarchiveplayer.ie/city-of-dublin-sports-second-annual-meeting/,city of dublin sports second annual meeting,IFI Archive Player film record,Public film-page metadata exposed by the IFI Archive Player. The permalink represents a public viewing/metadata surface; MAR does not download or redistribute the audiovisual media and does not infer a licence to reproduce it.,
IFI Irish Film Archive,ifi-irish-film-archive,Ireland,Europe,IE-IFI-IFA,National film archive,https://ifiarchiveplayer.ie/,True,True,https://ifiarchiveplayer.ie/,IFI Archive Player,https://ifiarchiveplayer.ie/city-of-terror/,city of terror,IFI Archive Player film record,Public film-page metadata exposed by the IFI Archive Player. The permalink represents a public viewing/metadata surface; MAR does not download or redistribute the audiovisual media and does not infer a licence to reproduce it.,
IFI Irish Film Archive,ifi-irish-film-archive,Ireland,Europe,IE-IFI-IFA,National film archive,https://ifiarchiveplayer.ie/,True,True,https://ifiarchiveplayer.ie/,IFI Archive Player,https://ifiarchiveplayer.ie/civil-defence-training-for-gardai/,civil defence training for gardai,IFI Archive Player film record,Public film-page metadata exposed by the IFI Archive Player. The permalink represents a public viewing/metadata surface; MAR does not download or redistribute the audiovisual media and does not infer a licence to reproduce it.,
IFI Irish Film Archive,ifi-irish-film-archive,Ireland,Europe,IE-IFI-IFA,National film archive,https://ifiarchiveplayer.ie/,True,True,https://ifiarchiveplayer.ie/,IFI Archive Player,https://ifiarchiveplayer.ie/civil-war-in-ireland/,civil war in ireland,IFI Archive Player film record,Public film-page metadata exposed by the IFI Archive Player. The permalink represents a public viewing/metadata surface; MAR does not download or redistribute the audiovisual media and does not infer a licence to reproduce it.,
IFI Irish Film Archive,ifi-irish-film-archive,Ireland,Europe,IE-IFI-IFA,National film archive,https://ifiarchiveplayer.ie/,True,True,https://ifiarchiveplayer.ie/,IFI Archive Player,https://ifiarchiveplayer.ie/clannad/,clannad,IFI Archive Player film record,Public film-page metadata exposed by the IFI Archive Player. The permalink represents a public viewing/metadata surface; MAR does not download or redistribute the audiovisual media and does not infer a licence to reproduce it.,
IFI Irish Film Archive,ifi-irish-film-archive,Ireland,Europe,IE-IFI-IFA,National film archive,https://ifiarchiveplayer.ie/,True,True,https://ifiarchiveplayer.ie/,IFI Archive Player,https://ifiarchiveplayer.ie/clare-sa-speir/,clare sa speir,IFI Archive Player film record,Public film-page metadata exposed by the IFI Archive Player. The permalink represents a public viewing/metadata surface; MAR does not download or redistribute the audiovisual media and does not infer a licence to reproduce it.,
IFI Irish Film Archive,ifi-irish-film-archive,Ireland,Europe,IE-IFI-IFA,National film archive,https://ifiarchiveplayer.ie/,True,True,https://ifiarchiveplayer.ie/,IFI Archive Player,https://ifiarchiveplayer.ie/clear-the-stage/,clear the stage,IFI Archive Player film record,Public film-page metadata exposed by the IFI Archive Player. The permalink represents a public viewing/metadata surface; MAR does not download or redistribute the audiovisual media and does not infer a licence to reproduce it.,
IFI Irish Film Archive,ifi-irish-film-archive,Ireland,Europe,IE-IFI-IFA,National film archive,https://ifiarchiveplayer.ie/,True,True,https://ifiarchiveplayer.ie/,IFI Archive Player,https://ifiarchiveplayer.ie/clerys-advert-1932/,clerys advert 1932,IFI Archive Player film record,Public film-page metadata exposed by the IFI Archive Player. The permalink represents a public viewing/metadata surface; MAR does not download or redistribute the audiovisual media and does not infer a licence to reproduce it.,
IFI Irish Film Archive,ifi-irish-film-archive,Ireland,Europe,IE-IFI-IFA,National film archive,https://ifiarchiveplayer.ie/,True,True,https://ifiarchiveplayer.ie/,IFI Archive Player,https://ifiarchiveplayer.ie/climax-of-horse-show-aga-khan-cup-presented-by-president-de-valera/,climax of horse show aga khan cup presented by president de valera,IFI Archive Player film record,Public film-page metadata exposed by the IFI Archive Player. The permalink represents a public viewing/metadata surface; MAR does not download or redistribute the audiovisual media and does not infer a licence to reproduce it.,
IFI Irish Film Archive,ifi-irish-film-archive,Ireland,Europe,IE-IFI-IFA,National film archive,https://ifiarchiveplayer.ie/,True,True,https://ifiarchiveplayer.ie/,IFI Archive Player,https://ifiarchiveplayer.ie/clock-tower-animaton-lenny-abrahamson/,clock tower animaton lenny abrahamson,IFI Archive Player film record,Public film-page metadata exposed by the IFI Archive Player. The permalink represents a public viewing/metadata surface; MAR does not download or redistribute the audiovisual media and does not infer a licence to reproduce it.,
IFI Irish Film Archive,ifi-irish-film-archive,Ireland,Europe,IE-IFI-IFA,National film archive,https://ifiarchiveplayer.ie/,True,True,https://ifiarchiveplayer.ie/,IFI Archive Player,https://ifiarchiveplayer.ie/clones-fleadh-ceoil/,clones fleadh ceoil,IFI Archive Player film record,Public film-page metadata exposed by the IFI Archive Player. The permalink represents a public viewing/metadata surface; MAR does not download or redistribute the audiovisual media and does not infer a licence to reproduce it.,
IFI Irish Film Archive,ifi-irish-film-archive,Ireland,Europe,IE-IFI-IFA,National film archive,https://ifiarchiveplayer.ie/,True,True,https://ifiarchiveplayer.ie/,IFI Archive Player,https://ifiarchiveplayer.ie/clontarf-baths-christmas-day-swim/,clontarf baths christmas day swim,IFI Archive Player film record,Public film-page metadata exposed by the IFI Archive Player. The permalink represents a public viewing/metadata surface; MAR does not download or redistribute the audiovisual media and does not infer a licence to reproduce it.,
IFI Irish Film Archive,ifi-irish-film-archive,Ireland,Europe,IE-IFI-IFA,National film archive,https://ifiarchiveplayer.ie/,True,True,https://ifiarchiveplayer.ie/,IFI Archive Player,https://ifiarchiveplayer.ie/club-goldgrain-professor/,club goldgrain professor,IFI Archive Player film record,Public film-page metadata exposed by the IFI Archive Player. The permalink represents a public viewing/metadata surface; MAR does not download or redistribute the audiovisual media and does not infer a licence to reproduce it.,
IFI Irish Film Archive,ifi-irish-film-archive,Ireland,Europe,IE-IFI-IFA,National film archive,https://ifiarchiveplayer.ie/,True,True,https://ifiarchiveplayer.ie/,IFI Archive Player,https://ifiarchiveplayer.ie/club-milk-bishop/,club milk bishop,IFI Archive Player film record,Public film-page metadata exposed by the IFI Archive Player. The permalink represents a public viewing/metadata surface; MAR does not download or redistribute the audiovisual media and does not infer a licence to reproduce it.,
IFI Irish Film Archive,ifi-irish-film-archive,Ireland,Europe,IE-IFI-IFA,National film archive,https://ifiarchiveplayer.ie/,True,True,https://ifiarchiveplayer.ie/,IFI Archive Player,https://ifiarchiveplayer.ie/club-milk-have-a-cuppa/,club milk have a cuppa,IFI Archive Player film record,Public film-page metadata exposed by the IFI Archive Player. The permalink represents a public viewing/metadata surface; MAR does not download or redistribute the audiovisual media and does not infer a licence to reproduce it.,
IFI Irish Film Archive,ifi-irish-film-archive,Ireland,Europe,IE-IFI-IFA,National film archive,https://ifiarchiveplayer.ie/,True,True,https://ifiarchiveplayer.ie/,IFI Archive Player,https://ifiarchiveplayer.ie/club-orange-big-o/,club orange big o,IFI Archive Player film record,Public film-page metadata exposed by the IFI Archive Player. The permalink represents a public viewing/metadata surface; MAR does not download or redistribute the audiovisual media and does not infer a licence to reproduce it.,
IFI Irish Film Archive,ifi-irish-film-archive,Ireland,Europe,IE-IFI-IFA,National film archive,https://ifiarchiveplayer.ie/,True,True,https://ifiarchiveplayer.ie/,IFI Archive Player,https://ifiarchiveplayer.ie/club-tonic/,club tonic,IFI Archive Player film record,Public film-page metadata exposed by the IFI Archive Player. The permalink represents a public viewing/metadata surface; MAR does not download or redistribute the audiovisual media and does not infer a licence to reproduce it.,
IFI Irish Film Archive,ifi-irish-film-archive,Ireland,Europe,IE-IFI-IFA,National film archive,https://ifiarchiveplayer.ie/,True,True,https://ifiarchiveplayer.ie/,IFI Archive Player,https://ifiarchiveplayer.ie/clubs-are-trumps/,clubs are trumps,IFI Archive Player film record,Public film-page metadata exposed by the IFI Archive Player. The permalink represents a public viewing/metadata surface; MAR does not download or redistribute the audiovisual media and does not infer a licence to reproduce it.,
IFI Irish Film Archive,ifi-irish-film-archive,Ireland,Europe,IE-IFI-IFA,National film archive,https://ifiarchiveplayer.ie/,True,True,https://ifiarchiveplayer.ie/,IFI Archive Player,https://ifiarchiveplayer.ie/co-wicklow-ploughing-championships/,co wicklow ploughing championships,IFI Archive Player film record,Public film-page metadata exposed by the IFI Archive Player. The permalink represents a public viewing/metadata surface; MAR does not download or redistribute the audiovisual media and does not infer a licence to reproduce it.,
IFI Irish Film Archive,ifi-irish-film-archive,Ireland,Europe,IE-IFI-IFA,National film archive,https://ifiarchiveplayer.ie/,True,True,https://ifiarchiveplayer.ie/,IFI Archive Player,https://ifiarchiveplayer.ie/coal-strike-ireland/,coal strike ireland,IFI Archive Player film record,Public film-page metadata exposed by the IFI Archive Player. The permalink represents a public viewing/metadata surface; MAR does not download or redistribute the audiovisual media and does not infer a licence to reproduce it.,
IFI Irish Film Archive,ifi-irish-film-archive,Ireland,Europe,IE-IFI-IFA,National film archive,https://ifiarchiveplayer.ie/,True,True,https://ifiarchiveplayer.ie/,IFI Archive Player,https://ifiarchiveplayer.ie/cocktails/,cocktails,IFI Archive Player film record,Public film-page metadata exposed by the IFI Archive Player. The permalink represents a public viewing/metadata surface; MAR does not download or redistribute the audiovisual media and does not infer a licence to reproduce it.,
IFI Irish Film Archive,ifi-irish-film-archive,Ireland,Europe,IE-IFI-IFA,National film archive,https://ifiarchiveplayer.ie/,True,True,https://ifiarchiveplayer.ie/,IFI Archive Player,https://ifiarchiveplayer.ie/coin/,coin,IFI Archive Player film record,Public film-page metadata exposed by the IFI Archive Player. The permalink represents a public viewing/metadata surface; MAR does not download or redistribute the audiovisual media and does not infer a licence to reproduce it.,
IFI Irish Film Archive,ifi-irish-film-archive,Ireland,Europe,IE-IFI-IFA,National film archive,https://ifiarchiveplayer.ie/,True,True,https://ifiarchiveplayer.ie/,IFI Archive Player,https://ifiarchiveplayer.ie/cold-feet/,cold feet,IFI Archive Player film record,Public film-page metadata exposed by the IFI Archive Player. The permalink represents a public viewing/metadata surface; MAR does not download or redistribute the audiovisual media and does not infer a licence to reproduce it.,
IFI Irish Film Archive,ifi-irish-film-archive,Ireland,Europe,IE-IFI-IFA,National film archive,https://ifiarchiveplayer.ie/,True,True,https://ifiarchiveplayer.ie/,IFI Archive Player,https://ifiarchiveplayer.ie/colman-doyle-abhar-machnaimh/,colman doyle abhar machnaimh,IFI Archive Player film record,Public film-page metadata exposed by the IFI Archive Player. The permalink represents a public viewing/metadata surface; MAR does not download or redistribute the audiovisual media and does not infer a licence to reproduce it.,
IFI Irish Film Archive,ifi-irish-film-archive,Ireland,Europe,IE-IFI-IFA,National film archive,https://ifiarchiveplayer.ie/,True,True,https://ifiarchiveplayer.ie/,IFI Archive Player,https://ifiarchiveplayer.ie/colourful-beachwear-from-new-synthetics/,colourful beachwear from new synthetics,IFI Archive Player film record,Public film-page metadata exposed by the IFI Archive Player. The permalink represents a public viewing/metadata surface; MAR does not download or redistribute the audiovisual media and does not infer a licence to reproduce it.,
IFI Irish Film Archive,ifi-irish-film-archive,Ireland,Europe,IE-IFI-IFA,National film archive,https://ifiarchiveplayer.ie/,True,True,https://ifiarchiveplayer.ie/,IFI Archive Player,https://ifiarchiveplayer.ie/come-back-to-erin/,come back to erin,IFI Archive Player film record,Public film-page metadata exposed by the IFI Archive Player. The permalink represents a public viewing/metadata surface; MAR does not download or redistribute the audiovisual media and does not infer a licence to reproduce it.,
IFI Irish Film Archive,ifi-irish-film-archive,Ireland,Europe,IE-IFI-IFA,National film archive,https://ifiarchiveplayer.ie/,True,True,https://ifiarchiveplayer.ie/,IFI Archive Player,https://ifiarchiveplayer.ie/come-back-to-erin-2/,come back to erin 2,IFI Archive Player film record,Public film-page metadata exposed by the IFI Archive Player. The permalink represents a public viewing/metadata surface; MAR does not download or redistribute the audiovisual media and does not infer a licence to reproduce it.,
IFI Irish Film Archive,ifi-irish-film-archive,Ireland,Europe,IE-IFI-IFA,National film archive,https://ifiarchiveplayer.ie/,True,True,https://ifiarchiveplayer.ie/,IFI Archive Player,https://ifiarchiveplayer.ie/coming-out-of-the-west/,coming out of the west,IFI Archive Player film record,Public film-page metadata exposed by the IFI Archive Player. The permalink represents a public viewing/metadata surface; MAR does not download or redistribute the audiovisual media and does not infer a licence to reproduce it.,
IFI Irish Film Archive,ifi-irish-film-archive,Ireland,Europe,IE-IFI-IFA,National film archive,https://ifiarchiveplayer.ie/,True,True,https://ifiarchiveplayer.ie/,IFI Archive Player,https://ifiarchiveplayer.ie/commissioning-ceremony-at-curragh-camp/,commissioning ceremony at curragh camp,IFI Archive Player film record,Public film-page metadata exposed by the IFI Archive Player. The permalink represents a public viewing/metadata surface; MAR does not download or redistribute the audiovisual media and does not infer a licence to reproduce it.,
IFI Irish Film Archive,ifi-irish-film-archive,Ireland,Europe,IE-IFI-IFA,National film archive,https://ifiarchiveplayer.ie/,True,True,https://ifiarchiveplayer.ie/,IFI Archive Player,https://ifiarchiveplayer.ie/commissioning-of-indian-aircraft-carrier-vikrant/,commissioning of indian aircraft carrier vikrant,IFI Archive Player film record,Public film-page metadata exposed by the IFI Archive Player. The permalink represents a public viewing/metadata surface; MAR does not download or redistribute the audiovisual media and does not infer a licence to reproduce it.,
IFI Irish Film Archive,ifi-irish-film-archive,Ireland,Europe,IE-IFI-IFA,National film archive,https://ifiarchiveplayer.ie/,True,True,https://ifiarchiveplayer.ie/,IFI Archive Player,https://ifiarchiveplayer.ie/complan/,complan,IFI Archive Player film record,Public film-page metadata exposed by the IFI Archive Player. The permalink represents a public viewing/metadata surface; MAR does not download or redistribute the audiovisual media and does not infer a licence to reproduce it.,
IFI Irish Film Archive,ifi-irish-film-archive,Ireland,Europe,IE-IFI-IFA,National film archive,https://ifiarchiveplayer.ie/,True,True,https://ifiarchiveplayer.ie/,IFI Archive Player,https://ifiarchiveplayer.ie/congolese-premier-visits-ireland/,congolese premier visits ireland,IFI Archive Player film record,Public film-page metadata exposed by the IFI Archive Player. The permalink represents a public viewing/metadata surface; MAR does not download or redistribute the audiovisual media and does not infer a licence to reproduce it.,
IFI Irish Film Archive,ifi-irish-film-archive,Ireland,Europe,IE-IFI-IFA,National film archive,https://ifiarchiveplayer.ie/,True,True,https://ifiarchiveplayer.ie/,IFI Archive Player,https://ifiarchiveplayer.ie/connemaras-appeal/,connemaras appeal,IFI Archive Player film record,Public film-page metadata exposed by the IFI Archive Player. The permalink represents a public viewing/metadata surface; MAR does not download or redistribute the audiovisual media and does not infer a licence to reproduce it.,
IFI Irish Film Archive,ifi-irish-film-archive,Ireland,Europe,IE-IFI-IFA,National film archive,https://ifiarchiveplayer.ie/,True,True,https://ifiarchiveplayer.ie/,IFI Archive Player,https://ifiarchiveplayer.ie/conquest-of-light/,conquest of light,IFI Archive Player film record,Public film-page metadata exposed by the IFI Archive Player. The permalink represents a public viewing/metadata surface; MAR does not download or redistribute the audiovisual media and does not infer a licence to reproduce it.,
IFI Irish Film Archive,ifi-irish-film-archive,Ireland,Europe,IE-IFI-IFA,National film archive,https://ifiarchiveplayer.ie/,True,True,https://ifiarchiveplayer.ie/,IFI Archive Player,https://ifiarchiveplayer.ie/constellation-dream-of-luxury/,constellation dream of luxury,IFI Archive Player film record,Public film-page metadata exposed by the IFI Archive Player. The permalink represents a public viewing/metadata surface; MAR does not download or redistribute the audiovisual media and does not infer a licence to reproduce it.,
IFI Irish Film Archive,ifi-irish-film-archive,Ireland,Europe,IE-IFI-IFA,National film archive,https://ifiarchiveplayer.ie/,True,True,https://ifiarchiveplayer.ie/,IFI Archive Player,https://ifiarchiveplayer.ie/cork-airport-inaugural-flight/,cork airport inaugural flight,IFI Archive Player film record,Public film-page metadata exposed by the IFI Archive Player. The permalink represents a public viewing/metadata surface; MAR does not download or redistribute the audiovisual media and does not infer a licence to reproduce it.,
IFI Irish Film Archive,ifi-irish-film-archive,Ireland,Europe,IE-IFI-IFA,National film archive,https://ifiarchiveplayer.ie/,True,True,https://ifiarchiveplayer.ie/,IFI Archive Player,https://ifiarchiveplayer.ie/cork-amateurs-stage-merry-widow/,cork amateurs stage merry widow,IFI Archive Player film record,Public film-page metadata exposed by the IFI Archive Player. The permalink represents a public viewing/metadata surface; MAR does not download or redistribute the audiovisual media and does not infer a licence to reproduce it.,
IFI Irish Film Archive,ifi-irish-film-archive,Ireland,Europe,IE-IFI-IFA,National film archive,https://ifiarchiveplayer.ie/,True,True,https://ifiarchiveplayer.ie/,IFI Archive Player,https://ifiarchiveplayer.ie/corvette-maeve-arrests-russian-ship/,corvette maeve arrests russian ship,IFI Archive Player film record,Public film-page metadata exposed by the IFI Archive Player. The permalink represents a public viewing/metadata surface; MAR does not download or redistribute the audiovisual media and does not infer a licence to reproduce it.,
IFI Irish Film Archive,ifi-irish-film-archive,Ireland,Europe,IE-IFI-IFA,National film archive,https://ifiarchiveplayer.ie/,True,True,https://ifiarchiveplayer.ie/,IFI Archive Player,https://ifiarchiveplayer.ie/cospoir-sport-for-all/,cospoir sport for all,IFI Archive Player film record,Public film-page metadata exposed by the IFI Archive Player. The permalink represents a public viewing/metadata surface; MAR does not download or redistribute the audiovisual media and does not infer a licence to reproduce it.,
IFI Irish Film Archive,ifi-irish-film-archive,Ireland,Europe,IE-IFI-IFA,National film archive,https://ifiarchiveplayer.ie/,True,True,https://ifiarchiveplayer.ie/,IFI Archive Player,https://ifiarchiveplayer.ie/cospoir-sport-is-sult/,cospoir sport is sult,IFI Archive Player film record,Public film-page metadata exposed by the IFI Archive Player. The permalink represents a public viewing/metadata surface; MAR does not download or redistribute the audiovisual media and does not infer a licence to reproduce it.,
IFI Irish Film Archive,ifi-irish-film-archive,Ireland,Europe,IE-IFI-IFA,National film archive,https://ifiarchiveplayer.ie/,True,True,https://ifiarchiveplayer.ie/,IFI Archive Player,https://ifiarchiveplayer.ie/countess-markievicz-the-only-woman-candidate-returned/,countess markievicz the only woman candidate returned,IFI Archive Player film record,Public film-page metadata exposed by the IFI Archive Player. The permalink represents a public viewing/metadata surface; MAR does not download or redistribute the audiovisual media and does not infer a licence to reproduce it.,
IFI Irish Film Archive,ifi-irish-film-archive,Ireland,Europe,IE-IFI-IFA,National film archive,https://ifiarchiveplayer.ie/,True,True,https://ifiarchiveplayer.ie/,IFI Archive Player,https://ifiarchiveplayer.ie/cradle-of-genius/,cradle of genius,IFI Archive Player film record,Public film-page metadata exposed by the IFI Archive Player. The permalink represents a public viewing/metadata surface; MAR does not download or redistribute the audiovisual media and does not infer a licence to reproduce it.,
IFI Irish Film Archive,ifi-irish-film-archive,Ireland,Europe,IE-IFI-IFA,National film archive,https://ifiarchiveplayer.ie/,True,True,https://ifiarchiveplayer.ie/,IFI Archive Player,https://ifiarchiveplayer.ie/creation-ball-to-help-remedial-clinic/,creation ball to help remedial clinic,IFI Archive Player film record,Public film-page metadata exposed by the IFI Archive Player. The permalink represents a public viewing/metadata surface; MAR does not download or redistribute the audiovisual media and does not infer a licence to reproduce it.,
IFI Irish Film Archive,ifi-irish-film-archive,Ireland,Europe,IE-IFI-IFA,National film archive,https://ifiarchiveplayer.ie/,True,True,https://ifiarchiveplayer.ie/,IFI Archive Player,https://ifiarchiveplayer.ie/crock-of-gold/,crock of gold,IFI Archive Player film record,Public film-page metadata exposed by the IFI Archive Player. The permalink represents a public viewing/metadata surface; MAR does not download or redistribute the audiovisual media and does not infer a licence to reproduce it.,
IFI Irish Film Archive,ifi-irish-film-archive,Ireland,Europe,IE-IFI-IFA,National film archive,https://ifiarchiveplayer.ie/,True,True,https://ifiarchiveplayer.ie/,IFI Archive Player,https://ifiarchiveplayer.ie/croke-park-all-ireland-camogie-final-dublin-beat-galway/,croke park all ireland camogie final dublin beat galway,IFI Archive Player film record,Public film-page metadata exposed by the IFI Archive Player. The permalink represents a public viewing/metadata surface; MAR does not download or redistribute the audiovisual media and does not infer a licence to reproduce it.,
IFI Irish Film Archive,ifi-irish-film-archive,Ireland,Europe,IE-IFI-IFA,National film archive,https://ifiarchiveplayer.ie/,True,True,https://ifiarchiveplayer.ie/,IFI Archive Player,https://ifiarchiveplayer.ie/croke-park-all-ireland-hurling-final-tipp-just-makes-it/,croke park all ireland hurling final tipp just makes it,IFI Archive Player film record,Public film-page metadata exposed by the IFI Archive Player. The permalink represents a public viewing/metadata surface; MAR does not download or redistribute the audiovisual media and does not infer a licence to reproduce it.,
IFI Irish Film Archive,ifi-irish-film-archive,Ireland,Europe,IE-IFI-IFA,National film archive,https://ifiarchiveplayer.ie/,True,True,https://ifiarchiveplayer.ie/,IFI Archive Player,https://ifiarchiveplayer.ie/croke-park-all-ireland-semi-final/,croke park all ireland semi final,IFI Archive Player film record,Public film-page metadata exposed by the IFI Archive Player. The permalink represents a public viewing/metadata surface; MAR does not download or redistribute the audiovisual media and does not infer a licence to reproduce it.,
IFI Irish Film Archive,ifi-irish-film-archive,Ireland,Europe,IE-IFI-IFA,National film archive,https://ifiarchiveplayer.ie/,True,True,https://ifiarchiveplayer.ie/,IFI Archive Player,https://ifiarchiveplayer.ie/croke-park-football-final-down-champions-by-one-point/,croke park football final down champions by one point,IFI Archive Player film record,Public film-page metadata exposed by the IFI Archive Player. The permalink represents a public viewing/metadata surface; MAR does not download or redistribute the audiovisual media and does not infer a licence to reproduce it.,
IFI Irish Film Archive,ifi-irish-film-archive,Ireland,Europe,IE-IFI-IFA,National film archive,https://ifiarchiveplayer.ie/,True,True,https://ifiarchiveplayer.ie/,IFI Archive Player,https://ifiarchiveplayer.ie/croke-park-kerry-beat-galway-to-qualify-for-final/,croke park kerry beat galway to qualify for final,IFI Archive Player film record,Public film-page metadata exposed by the IFI Archive Player. The permalink represents a public viewing/metadata surface; MAR does not download or redistribute the audiovisual media and does not infer a licence to reproduce it.,
IFI Irish Film Archive,ifi-irish-film-archive,Ireland,Europe,IE-IFI-IFA,National film archive,https://ifiarchiveplayer.ie/,True,True,https://ifiarchiveplayer.ie/,IFI Archive Player,https://ifiarchiveplayer.ie/croke-park-national-league-final-kerry-beats-derry/,croke park national league final kerry beats derry,IFI Archive Player film record,Public film-page metadata exposed by the IFI Archive Player. The permalink represents a public viewing/metadata surface; MAR does not download or redistribute the audiovisual media and does not infer a licence to reproduce it.,
IFI Irish Film Archive,ifi-irish-film-archive,Ireland,Europe,IE-IFI-IFA,National film archive,https://ifiarchiveplayer.ie/,True,True,https://ifiarchiveplayer.ie/,IFI Archive Player,https://ifiarchiveplayer.ie/cuilin-dualach/,cuilin dualach,IFI Archive Player film record,Public film-page metadata exposed by the IFI Archive Player. The permalink represents a public viewing/metadata surface; MAR does not download or redistribute the audiovisual media and does not infer a licence to reproduce it.,
IFI Irish Film Archive,ifi-irish-film-archive,Ireland,Europe,IE-IFI-IFA,National film archive,https://ifiarchiveplayer.ie/,True,True,https://ifiarchiveplayer.ie/,IFI Archive Player,https://ifiarchiveplayer.ie/curious-persons/,curious persons,IFI Archive Player film record,Public film-page metadata exposed by the IFI Archive Player. The permalink represents a public viewing/metadata surface; MAR does not download or redistribute the audiovisual media and does not infer a licence to reproduce it.,
IFI Irish Film Archive,ifi-irish-film-archive,Ireland,Europe,IE-IFI-IFA,National film archive,https://ifiarchiveplayer.ie/,True,True,https://ifiarchiveplayer.ie/,IFI Archive Player,https://ifiarchiveplayer.ie/curragh-carpets-new-house/,curragh carpets new house,IFI Archive Player film record,Public film-page metadata exposed by the IFI Archive Player. The permalink represents a public viewing/metadata surface; MAR does not download or redistribute the audiovisual media and does not infer a licence to reproduce it.,
IFI Irish Film Archive,ifi-irish-film-archive,Ireland,Europe,IE-IFI-IFA,National film archive,https://ifiarchiveplayer.ie/,True,True,https://ifiarchiveplayer.ie/,IFI Archive Player,https://ifiarchiveplayer.ie/curragh-stable-lads-strike/,curragh stable lads strike,IFI Archive Player film record,Public film-page metadata exposed by the IFI Archive Player. The permalink represents a public viewing/metadata surface; MAR does not download or redistribute the audiovisual media and does not infer a licence to reproduce it.,
IFI Irish Film Archive,ifi-irish-film-archive,Ireland,Europe,IE-IFI-IFA,National film archive,https://ifiarchiveplayer.ie/,True,True,https://ifiarchiveplayer.ie/,IFI Archive Player,https://ifiarchiveplayer.ie/danish-frigates-visit-dublin/,danish frigates visit dublin,IFI Archive Player film record,Public film-page metadata exposed by the IFI Archive Player. The permalink represents a public viewing/metadata surface; MAR does not download or redistribute the audiovisual media and does not infer a licence to reproduce it.,
IFI Irish Film Archive,ifi-irish-film-archive,Ireland,Europe,IE-IFI-IFA,National film archive,https://ifiarchiveplayer.ie/,True,True,https://ifiarchiveplayer.ie/,IFI Archive Player,https://ifiarchiveplayer.ie/dark-moon-hollow/,dark moon hollow,IFI Archive Player film record,Public film-page metadata exposed by the IFI Archive Player. The permalink represents a public viewing/metadata surface; MAR does not download or redistribute the audiovisual media and does not infer a licence to reproduce it.,
IFI Irish Film Archive,ifi-irish-film-archive,Ireland,Europe,IE-IFI-IFA,National film archive,https://ifiarchiveplayer.ie/,True,True,https://ifiarchiveplayer.ie/,IFI Archive Player,https://ifiarchiveplayer.ie/dartboard/,dartboard,IFI Archive Player film record,Public film-page metadata exposed by the IFI Archive Player. The permalink represents a public viewing/metadata surface; MAR does not download or redistribute the audiovisual media and does not infer a licence to reproduce it.,
IFI Irish Film Archive,ifi-irish-film-archive,Ireland,Europe,IE-IFI-IFA,National film archive,https://ifiarchiveplayer.ie/,True,True,https://ifiarchiveplayer.ie/,IFI Archive Player,https://ifiarchiveplayer.ie/day-one/,day one,IFI Archive Player film record,Public film-page metadata exposed by the IFI Archive Player. The permalink represents a public viewing/metadata surface; MAR does not download or redistribute the audiovisual media and does not infer a licence to reproduce it.,
IFI Irish Film Archive,ifi-irish-film-archive,Ireland,Europe,IE-IFI-IFA,National film archive,https://ifiarchiveplayer.ie/,True,True,https://ifiarchiveplayer.ie/,IFI Archive Player,https://ifiarchiveplayer.ie/dead-end/,dead end,IFI Archive Player film record,Public film-page metadata exposed by the IFI Archive Player. The permalink represents a public viewing/metadata surface; MAR does not download or redistribute the audiovisual media and does not infer a licence to reproduce it.,
IFI Irish Film Archive,ifi-irish-film-archive,Ireland,Europe,IE-IFI-IFA,National film archive,https://ifiarchiveplayer.ie/,True,True,https://ifiarchiveplayer.ie/,IFI Archive Player,https://ifiarchiveplayer.ie/dear-daughter/,dear daughter,IFI Archive Player film record,Public film-page metadata exposed by the IFI Archive Player. The permalink represents a public viewing/metadata surface; MAR does not download or redistribute the audiovisual media and does not infer a licence to reproduce it.,
IFI Irish Film Archive,ifi-irish-film-archive,Ireland,Europe,IE-IFI-IFA,National film archive,https://ifiarchiveplayer.ie/,True,True,https://ifiarchiveplayer.ie/,IFI Archive Player,https://ifiarchiveplayer.ie/dear-daughter-2/,dear daughter 2,IFI Archive Player film record,Public film-page metadata exposed by the IFI Archive Player. The permalink represents a public viewing/metadata surface; MAR does not download or redistribute the audiovisual media and does not infer a licence to reproduce it.,
IFI Irish Film Archive,ifi-irish-film-archive,Ireland,Europe,IE-IFI-IFA,National film archive,https://ifiarchiveplayer.ie/,True,True,https://ifiarchiveplayer.ie/,IFI Archive Player,https://ifiarchiveplayer.ie/demolition-of-ballymun-towers/,demolition of ballymun towers,IFI Archive Player film record,Public film-page metadata exposed by the IFI Archive Player. The permalink represents a public viewing/metadata surface; MAR does not download or redistribute the audiovisual media and does not infer a licence to reproduce it.,
IFI Irish Film Archive,ifi-irish-film-archive,Ireland,Europe,IE-IFI-IFA,National film archive,https://ifiarchiveplayer.ie/,True,True,https://ifiarchiveplayer.ie/,IFI Archive Player,https://ifiarchiveplayer.ie/department-of-energy-savings/,department of energy savings,IFI Archive Player film record,Public film-page metadata exposed by the IFI Archive Player. The permalink represents a public viewing/metadata surface; MAR does not download or redistribute the audiovisual media and does not infer a licence to reproduce it.,
IFI Irish Film Archive,ifi-irish-film-archive,Ireland,Europe,IE-IFI-IFA,National film archive,https://ifiarchiveplayer.ie/,True,True,https://ifiarchiveplayer.ie/,IFI Archive Player,https://ifiarchiveplayer.ie/derry-and-toms-ambulance-corps/,derry and toms ambulance corps,IFI Archive Player film record,Public film-page metadata exposed by the IFI Archive Player. The permalink represents a public viewing/metadata surface; MAR does not download or redistribute the audiovisual media and does not infer a licence to reproduce it.,
IFI Irish Film Archive,ifi-irish-film-archive,Ireland,Europe,IE-IFI-IFA,National film archive,https://ifiarchiveplayer.ie/,True,True,https://ifiarchiveplayer.ie/,IFI Archive Player,https://ifiarchiveplayer.ie/derry-election-day/,derry election day,IFI Archive Player film record,Public film-page metadata exposed by the IFI Archive Player. The permalink represents a public viewing/metadata surface; MAR does not download or redistribute the audiovisual media and does not infer a licence to reproduce it.,
IFI Irish Film Archive,ifi-irish-film-archive,Ireland,Europe,IE-IFI-IFA,National film archive,https://ifiarchiveplayer.ie/,True,True,https://ifiarchiveplayer.ie/,IFI Archive Player,https://ifiarchiveplayer.ie/desmond-egan-birdsbeasts/,desmond egan birdsbeasts,IFI Archive Player film record,Public film-page metadata exposed by the IFI Archive Player. The permalink represents a public viewing/metadata surface; MAR does not download or redistribute the audiovisual media and does not infer a licence to reproduce it.,
IFI Irish Film Archive,ifi-irish-film-archive,Ireland,Europe,IE-IFI-IFA,National film archive,https://ifiarchiveplayer.ie/,True,True,https://ifiarchiveplayer.ie/,IFI Archive Player,https://ifiarchiveplayer.ie/desmond-egan-collection-harvest/,desmond egan collection harvest,IFI Archive Player film record,Public film-page metadata exposed by the IFI Archive Player. The permalink represents a public viewing/metadata surface; MAR does not download or redistribute the audiovisual media and does not infer a licence to reproduce it.,
IFI Irish Film Archive,ifi-irish-film-archive,Ireland,Europe,IE-IFI-IFA,National film archive,https://ifiarchiveplayer.ie/,True,True,https://ifiarchiveplayer.ie/,IFI Archive Player,https://ifiarchiveplayer.ie/desmond-egan-collection-killarney-scenes/,desmond egan collection killarney scenes,IFI Archive Player film record,Public film-page metadata exposed by the IFI Archive Player. The permalink represents a public viewing/metadata surface; MAR does not download or redistribute the audiovisual media and does not infer a licence to reproduce it.,
IFI Irish Film Archive,ifi-irish-film-archive,Ireland,Europe,IE-IFI-IFA,National film archive,https://ifiarchiveplayer.ie/,True,True,https://ifiarchiveplayer.ie/,IFI Archive Player,https://ifiarchiveplayer.ie/desmond-egan-collection-wicklow-hills/,desmond egan collection wicklow hills,IFI Archive Player film record,Public film-page metadata exposed by the IFI Archive Player. The permalink represents a public viewing/metadata surface; MAR does not download or redistribute the audiovisual media and does not infer a licence to reproduce it.,
IFI Irish Film Archive,ifi-irish-film-archive,Ireland,Europe,IE-IFI-IFA,National film archive,https://ifiarchiveplayer.ie/,True,True,https://ifiarchiveplayer.ie/,IFI Archive Player,https://ifiarchiveplayer.ie/desmond-egan-corrib/,desmond egan corrib,IFI Archive Player film record,Public film-page metadata exposed by the IFI Archive Player. The permalink represents a public viewing/metadata surface; MAR does not download or redistribute the audiovisual media and does not infer a licence to reproduce it.,
IFI Irish Film Archive,ifi-irish-film-archive,Ireland,Europe,IE-IFI-IFA,National film archive,https://ifiarchiveplayer.ie/,True,True,https://ifiarchiveplayer.ie/,IFI Archive Player,https://ifiarchiveplayer.ie/dictol-oral-husk/,dictol oral husk,IFI Archive Player film record,Public film-page metadata exposed by the IFI Archive Player. The permalink represents a public viewing/metadata surface; MAR does not download or redistribute the audiovisual media and does not infer a licence to reproduce it.,
IFI Irish Film Archive,ifi-irish-film-archive,Ireland,Europe,IE-IFI-IFA,National film archive,https://ifiarchiveplayer.ie/,True,True,https://ifiarchiveplayer.ie/,IFI Archive Player,https://ifiarchiveplayer.ie/ding-dong-dennys-history-of-ireland/,ding dong dennys history of ireland,IFI Archive Player film record,Public film-page metadata exposed by the IFI Archive Player. The permalink represents a public viewing/metadata surface; MAR does not download or redistribute the audiovisual media and does not infer a licence to reproduce it.,
IFI Irish Film Archive,ifi-irish-film-archive,Ireland,Europe,IE-IFI-IFA,National film archive,https://ifiarchiveplayer.ie/,True,True,https://ifiarchiveplayer.ie/,IFI Archive Player,https://ifiarchiveplayer.ie/discord/,discord,IFI Archive Player film record,Public film-page metadata exposed by the IFI Archive Player. The permalink represents a public viewing/metadata surface; MAR does not download or redistribute the audiovisual media and does not infer a licence to reproduce it.,
IFI Irish Film Archive,ifi-irish-film-archive,Ireland,Europe,IE-IFI-IFA,National film archive,https://ifiarchiveplayer.ie/,True,True,https://ifiarchiveplayer.ie/,IFI Archive Player,https://ifiarchiveplayer.ie/discovering-ireland/,discovering ireland,IFI Archive Player film record,Public film-page metadata exposed by the IFI Archive Player. The permalink represents a public viewing/metadata surface; MAR does not download or redistribute the audiovisual media and does not infer a licence to reproduce it.,
IFI Irish Film Archive,ifi-irish-film-archive,Ireland,Europe,IE-IFI-IFA,National film archive,https://ifiarchiveplayer.ie/,True,True,https://ifiarchiveplayer.ie/,IFI Archive Player,https://ifiarchiveplayer.ie/diy/,diy,IFI Archive Player film record,Public film-page metadata exposed by the IFI Archive Player. The permalink represents a public viewing/metadata surface; MAR does not download or redistribute the audiovisual media and does not infer a licence to reproduce it.,
IFI Irish Film Archive,ifi-irish-film-archive,Ireland,Europe,IE-IFI-IFA,National film archive,https://ifiarchiveplayer.ie/,True,True,https://ifiarchiveplayer.ie/,IFI Archive Player,https://ifiarchiveplayer.ie/do-it-yourself-fur-coats/,do it yourself fur coats,IFI Archive Player film record,Public film-page metadata exposed by the IFI Archive Player. The permalink represents a public viewing/metadata surface; MAR does not download or redistribute the audiovisual media and does not infer a licence to reproduce it.,
IFI Irish Film Archive,ifi-irish-film-archive,Ireland,Europe,IE-IFI-IFA,National film archive,https://ifiarchiveplayer.ie/,True,True,https://ifiarchiveplayer.ie/,IFI Archive Player,https://ifiarchiveplayer.ie/do-you-know/,do you know,IFI Archive Player film record,Public film-page metadata exposed by the IFI Archive Player. The permalink represents a public viewing/metadata surface; MAR does not download or redistribute the audiovisual media and does not infer a licence to reproduce it.,
IFI Irish Film Archive,ifi-irish-film-archive,Ireland,Europe,IE-IFI-IFA,National film archive,https://ifiarchiveplayer.ie/,True,True,https://ifiarchiveplayer.ie/,IFI Archive Player,https://ifiarchiveplayer.ie/doc-where-art-thou-1/,doc where art thou 1,IFI Archive Player film record,Public film-page metadata exposed by the IFI Archive Player. The permalink represents a public viewing/metadata surface; MAR does not download or redistribute the audiovisual media and does not infer a licence to reproduce it.,
IFI Irish Film Archive,ifi-irish-film-archive,Ireland,Europe,IE-IFI-IFA,National film archive,https://ifiarchiveplayer.ie/,True,True,https://ifiarchiveplayer.ie/,IFI Archive Player,https://ifiarchiveplayer.ie/doc-where-art-thou-2/,doc where art thou 2,IFI Archive Player film record,Public film-page metadata exposed by the IFI Archive Player. The permalink represents a public viewing/metadata surface; MAR does not download or redistribute the audiovisual media and does not infer a licence to reproduce it.,
IFI Irish Film Archive,ifi-irish-film-archive,Ireland,Europe,IE-IFI-IFA,National film archive,https://ifiarchiveplayer.ie/,True,True,https://ifiarchiveplayer.ie/,IFI Archive Player,https://ifiarchiveplayer.ie/doc-where-art-thou-3/,doc where art thou 3,IFI Archive Player film record,Public film-page metadata exposed by the IFI Archive Player. The permalink represents a public viewing/metadata surface; MAR does not download or redistribute the audiovisual media and does not infer a licence to reproduce it.,
IFI Irish Film Archive,ifi-irish-film-archive,Ireland,Europe,IE-IFI-IFA,National film archive,https://ifiarchiveplayer.ie/,True,True,https://ifiarchiveplayer.ie/,IFI Archive Player,https://ifiarchiveplayer.ie/doc-where-art-thou-4/,doc where art thou 4,IFI Archive Player film record,Public film-page metadata exposed by the IFI Archive Player. The permalink represents a public viewing/metadata surface; MAR does not download or redistribute the audiovisual media and does not infer a licence to reproduce it.,
IFI Irish Film Archive,ifi-irish-film-archive,Ireland,Europe,IE-IFI-IFA,National film archive,https://ifiarchiveplayer.ie/,True,True,https://ifiarchiveplayer.ie/,IFI Archive Player,https://ifiarchiveplayer.ie/doc-where-art-thou-5/,doc where art thou 5,IFI Archive Player film record,Public film-page metadata exposed by the IFI Archive Player. The permalink represents a public viewing/metadata surface; MAR does not download or redistribute the audiovisual media and does not infer a licence to reproduce it.,
IFI Irish Film Archive,ifi-irish-film-archive,Ireland,Europe,IE-IFI-IFA,National film archive,https://ifiarchiveplayer.ie/,True,True,https://ifiarchiveplayer.ie/,IFI Archive Player,https://ifiarchiveplayer.ie/doc-where-art-thou-6/,doc where art thou 6,IFI Archive Player film record,Public film-page metadata exposed by the IFI Archive Player. The permalink represents a public viewing/metadata surface; MAR does not download or redistribute the audiovisual media and does not infer a licence to reproduce it.,
IFI Irish Film Archive,ifi-irish-film-archive,Ireland,Europe,IE-IFI-IFA,National film archive,https://ifiarchiveplayer.ie/,True,True,https://ifiarchiveplayer.ie/,IFI Archive Player,https://ifiarchiveplayer.ie/doc-where-art-thou-7/,doc where art thou 7,IFI Archive Player film record,Public film-page metadata exposed by the IFI Archive Player. The permalink represents a public viewing/metadata surface; MAR does not download or redistribute the audiovisual media and does not infer a licence to reproduce it.,
IFI Irish Film Archive,ifi-irish-film-archive,Ireland,Europe,IE-IFI-IFA,National film archive,https://ifiarchiveplayer.ie/,True,True,https://ifiarchiveplayer.ie/,IFI Archive Player,https://ifiarchiveplayer.ie/doc-where-art-thou-8/,doc where art thou 8,IFI Archive Player film record,Public film-page metadata exposed by the IFI Archive Player. The permalink represents a public viewing/metadata surface; MAR does not download or redistribute the audiovisual media and does not infer a licence to reproduce it.,
IFI Irish Film Archive,ifi-irish-film-archive,Ireland,Europe,IE-IFI-IFA,National film archive,https://ifiarchiveplayer.ie/,True,True,https://ifiarchiveplayer.ie/,IFI Archive Player,https://ifiarchiveplayer.ie/dogs-on-holiday/,dogs on holiday,IFI Archive Player film record,Public film-page metadata exposed by the IFI Archive Player. The permalink represents a public viewing/metadata surface; MAR does not download or redistribute the audiovisual media and does not infer a licence to reproduce it.,
IFI Irish Film Archive,ifi-irish-film-archive,Ireland,Europe,IE-IFI-IFA,National film archive,https://ifiarchiveplayer.ie/,True,True,https://ifiarchiveplayer.ie/,IFI Archive Player,https://ifiarchiveplayer.ie/dogs-on-show-at-bray/,dogs on show at bray,IFI Archive Player film record,Public film-page metadata exposed by the IFI Archive Player. The permalink represents a public viewing/metadata surface; MAR does not download or redistribute the audiovisual media and does not infer a licence to reproduce it.,
IFI Irish Film Archive,ifi-irish-film-archive,Ireland,Europe,IE-IFI-IFA,National film archive,https://ifiarchiveplayer.ie/,True,True,https://ifiarchiveplayer.ie/,IFI Archive Player,https://ifiarchiveplayer.ie/donnellys-sausages-insane/,donnellys sausages insane,IFI Archive Player film record,Public film-page metadata exposed by the IFI Archive Player. The permalink represents a public viewing/metadata surface; MAR does not download or redistribute the audiovisual media and does not infer a licence to reproduce it.,
IFI Irish Film Archive,ifi-irish-film-archive,Ireland,Europe,IE-IFI-IFA,National film archive,https://ifiarchiveplayer.ie/,True,True,https://ifiarchiveplayer.ie/,IFI Archive Player,https://ifiarchiveplayer.ie/donnellys-sausages-sherlock/,donnellys sausages sherlock,IFI Archive Player film record,Public film-page metadata exposed by the IFI Archive Player. The permalink represents a public viewing/metadata surface; MAR does not download or redistribute the audiovisual media and does not infer a licence to reproduce it.,
IFI Irish Film Archive,ifi-irish-film-archive,Ireland,Europe,IE-IFI-IFA,National film archive,https://ifiarchiveplayer.ie/,True,True,https://ifiarchiveplayer.ie/,IFI Archive Player,https://ifiarchiveplayer.ie/dots-whips-and-cobwebs/,dots whips and cobwebs,IFI Archive Player film record,Public film-page metadata exposed by the IFI Archive Player. The permalink represents a public viewing/metadata surface; MAR does not download or redistribute the audiovisual media and does not infer a licence to reproduce it.,
IFI Irish Film Archive,ifi-irish-film-archive,Ireland,Europe,IE-IFI-IFA,National film archive,https://ifiarchiveplayer.ie/,True,True,https://ifiarchiveplayer.ie/,IFI Archive Player,https://ifiarchiveplayer.ie/down-beat-new-york-croke-park-gaa/,down beat new york croke park gaa,IFI Archive Player film record,Public film-page metadata exposed by the IFI Archive Player. The permalink represents a public viewing/metadata surface; MAR does not download or redistribute the audiovisual media and does not infer a licence to reproduce it.,
IFI Irish Film Archive,ifi-irish-film-archive,Ireland,Europe,IE-IFI-IFA,National film archive,https://ifiarchiveplayer.ie/,True,True,https://ifiarchiveplayer.ie/,IFI Archive Player,https://ifiarchiveplayer.ie/down-qualify-for-gaa-final/,down qualify for gaa final,IFI Archive Player film record,Public film-page metadata exposed by the IFI Archive Player. The permalink represents a public viewing/metadata surface; MAR does not download or redistribute the audiovisual media and does not infer a licence to reproduce it.,
IFI Irish Film Archive,ifi-irish-film-archive,Ireland,Europe,IE-IFI-IFA,National film archive,https://ifiarchiveplayer.ie/,True,True,https://ifiarchiveplayer.ie/,IFI Archive Player,https://ifiarchiveplayer.ie/drag-hunt-at-clogheen/,drag hunt at clogheen,IFI Archive Player film record,Public film-page metadata exposed by the IFI Archive Player. The permalink represents a public viewing/metadata surface; MAR does not download or redistribute the audiovisual media and does not infer a licence to reproduce it.,
IFI Irish Film Archive,ifi-irish-film-archive,Ireland,Europe,IE-IFI-IFA,National film archive,https://ifiarchiveplayer.ie/,True,True,https://ifiarchiveplayer.ie/,IFI Archive Player,https://ifiarchiveplayer.ie/dream-maker/,dream maker,IFI Archive Player film record,Public film-page metadata exposed by the IFI Archive Player. The permalink represents a public viewing/metadata surface; MAR does not download or redistribute the audiovisual media and does not infer a licence to reproduce it.,
IFI Irish Film Archive,ifi-irish-film-archive,Ireland,Europe,IE-IFI-IFA,National film archive,https://ifiarchiveplayer.ie/,True,True,https://ifiarchiveplayer.ie/,IFI Archive Player,https://ifiarchiveplayer.ie/dublin-1916/,dublin 1916,IFI Archive Player film record,Public film-page metadata exposed by the IFI Archive Player. The permalink represents a public viewing/metadata surface; MAR does not download or redistribute the audiovisual media and does not infer a licence to reproduce it.,
IFI Irish Film Archive,ifi-irish-film-archive,Ireland,Europe,IE-IFI-IFA,National film archive,https://ifiarchiveplayer.ie/,True,True,https://ifiarchiveplayer.ie/,IFI Archive Player,https://ifiarchiveplayer.ie/dublin-airport-helicopters-on-show/,dublin airport helicopters on show,IFI Archive Player film record,Public film-page metadata exposed by the IFI Archive Player. The permalink represents a public viewing/metadata surface; MAR does not download or redistribute the audiovisual media and does not infer a licence to reproduce it.,
IFI Irish Film Archive,ifi-irish-film-archive,Ireland,Europe,IE-IFI-IFA,National film archive,https://ifiarchiveplayer.ie/,True,True,https://ifiarchiveplayer.ie/,IFI Archive Player,https://ifiarchiveplayer.ie/dublin-bay-yachtsmen-hold-bavarian-ball/,dublin bay yachtsmen hold bavarian ball,IFI Archive Player film record,Public film-page metadata exposed by the IFI Archive Player. The permalink represents a public viewing/metadata surface; MAR does not download or redistribute the audiovisual media and does not infer a licence to reproduce it.,
IFI Irish Film Archive,ifi-irish-film-archive,Ireland,Europe,IE-IFI-IFA,National film archive,https://ifiarchiveplayer.ie/,True,True,https://ifiarchiveplayer.ie/,IFI Archive Player,https://ifiarchiveplayer.ie/dublin-calling/,dublin calling,IFI Archive Player film record,Public film-page metadata exposed by the IFI Archive Player. The permalink represents a public viewing/metadata surface; MAR does not download or redistribute the audiovisual media and does not infer a licence to reproduce it.,
IFI Irish Film Archive,ifi-irish-film-archive,Ireland,Europe,IE-IFI-IFA,National film archive,https://ifiarchiveplayer.ie/,True,True,https://ifiarchiveplayer.ie/,IFI Archive Player,https://ifiarchiveplayer.ie/dublin-capital-city-of-ireland/,dublin capital city of ireland,IFI Archive Player film record,Public film-page metadata exposed by the IFI Archive Player. The permalink represents a public viewing/metadata surface; MAR does not download or redistribute the audiovisual media and does not infer a licence to reproduce it.,
IFI Irish Film Archive,ifi-irish-film-archive,Ireland,Europe,IE-IFI-IFA,National film archive,https://ifiarchiveplayer.ie/,True,True,https://ifiarchiveplayer.ie/,IFI Archive Player,https://ifiarchiveplayer.ie/dublin-coalition-campaign/,dublin coalition campaign,IFI Archive Player film record,Public film-page metadata exposed by the IFI Archive Player. The permalink represents a public viewing/metadata surface; MAR does not download or redistribute the audiovisual media and does not infer a licence to reproduce it.,
IFI Irish Film Archive,ifi-irish-film-archive,Ireland,Europe,IE-IFI-IFA,National film archive,https://ifiarchiveplayer.ie/,True,True,https://ifiarchiveplayer.ie/,IFI Archive Player,https://ifiarchiveplayer.ie/dublin-corporation-water/,dublin corporation water,IFI Archive Player film record,Public film-page metadata exposed by the IFI Archive Player. The permalink represents a public viewing/metadata surface; MAR does not download or redistribute the audiovisual media and does not infer a licence to reproduce it.,
IFI Irish Film Archive,ifi-irish-film-archive,Ireland,Europe,IE-IFI-IFA,National film archive,https://ifiarchiveplayer.ie/,True,True,https://ifiarchiveplayer.ie/,IFI Archive Player,https://ifiarchiveplayer.ie/dublin-dog-show-championship/,dublin dog show championship,IFI Archive Player film record,Public film-page metadata exposed by the IFI Archive Player. The permalink represents a public viewing/metadata surface; MAR does not download or redistribute the audiovisual media and does not infer a licence to reproduce it.,
IFI Irish Film Archive,ifi-irish-film-archive,Ireland,Europe,IE-IFI-IFA,National film archive,https://ifiarchiveplayer.ie/,True,True,https://ifiarchiveplayer.ie/,IFI Archive Player,https://ifiarchiveplayer.ie/dublin-feed-a-bin/,dublin feed a bin,IFI Archive Player film record,Public film-page metadata exposed by the IFI Archive Player. The permalink represents a public viewing/metadata surface; MAR does not download or redistribute the audiovisual media and does not infer a licence to reproduce it.,
IFI Irish Film Archive,ifi-irish-film-archive,Ireland,Europe,IE-IFI-IFA,National film archive,https://ifiarchiveplayer.ie/,True,True,https://ifiarchiveplayer.ie/,IFI Archive Player,https://ifiarchiveplayer.ie/dublin-ireland-in-the-wake-of-the-battle/,dublin ireland in the wake of the battle,IFI Archive Player film record,Public film-page metadata exposed by the IFI Archive Player. The permalink represents a public viewing/metadata surface; MAR does not download or redistribute the audiovisual media and does not infer a licence to reproduce it.,
IFI Irish Film Archive,ifi-irish-film-archive,Ireland,Europe,IE-IFI-IFA,National film archive,https://ifiarchiveplayer.ie/,True,True,https://ifiarchiveplayer.ie/,IFI Archive Player,https://ifiarchiveplayer.ie/dublin-mourns-dead-president/,dublin mourns dead president,IFI Archive Player film record,Public film-page metadata exposed by the IFI Archive Player. The permalink represents a public viewing/metadata surface; MAR does not download or redistribute the audiovisual media and does not infer a licence to reproduce it.,
IFI Irish Film Archive,ifi-irish-film-archive,Ireland,Europe,IE-IFI-IFA,National film archive,https://ifiarchiveplayer.ie/,True,True,https://ifiarchiveplayer.ie/,IFI Archive Player,https://ifiarchiveplayer.ie/dublin-new-york-irish-jet-liner-inaugural-flight/,dublin new york irish jet liner inaugural flight,IFI Archive Player film record,Public film-page metadata exposed by the IFI Archive Player. The permalink represents a public viewing/metadata surface; MAR does not download or redistribute the audiovisual media and does not infer a licence to reproduce it.,
IFI Irish Film Archive,ifi-irish-film-archive,Ireland,Europe,IE-IFI-IFA,National film archive,https://ifiarchiveplayer.ie/,True,True,https://ifiarchiveplayer.ie/,IFI Archive Player,https://ifiarchiveplayer.ie/dublin-rebellion/,dublin rebellion,IFI Archive Player film record,Public film-page metadata exposed by the IFI Archive Player. The permalink represents a public viewing/metadata surface; MAR does not download or redistribute the audiovisual media and does not infer a licence to reproduce it.,
IFI Irish Film Archive,ifi-irish-film-archive,Ireland,Europe,IE-IFI-IFA,National film archive,https://ifiarchiveplayer.ie/,True,True,https://ifiarchiveplayer.ie/,IFI Archive Player,https://ifiarchiveplayer.ie/dublin-rose-of-tralee-chosen/,dublin rose of tralee chosen,IFI Archive Player film record,Public film-page metadata exposed by the IFI Archive Player. The permalink represents a public viewing/metadata surface; MAR does not download or redistribute the audiovisual media and does not infer a licence to reproduce it.,
IFI Irish Film Archive,ifi-irish-film-archive,Ireland,Europe,IE-IFI-IFA,National film archive,https://ifiarchiveplayer.ie/,True,True,https://ifiarchiveplayer.ie/,IFI Archive Player,https://ifiarchiveplayer.ie/dublin-scenes-1915/,dublin scenes 1915,IFI Archive Player film record,Public film-page metadata exposed by the IFI Archive Player. The permalink represents a public viewing/metadata surface; MAR does not download or redistribute the audiovisual media and does not infer a licence to reproduce it.,
IFI Irish Film Archive,ifi-irish-film-archive,Ireland,Europe,IE-IFI-IFA,National film archive,https://ifiarchiveplayer.ie/,True,True,https://ifiarchiveplayer.ie/,IFI Archive Player,https://ifiarchiveplayer.ie/dublin-shops-highlight-christmas/,dublin shops highlight christmas,IFI Archive Player film record,Public film-page metadata exposed by the IFI Archive Player. The permalink represents a public viewing/metadata surface; MAR does not download or redistribute the audiovisual media and does not infer a licence to reproduce it.,
IFI Irish Film Archive,ifi-irish-film-archive,Ireland,Europe,IE-IFI-IFA,National film archive,https://ifiarchiveplayer.ie/,True,True,https://ifiarchiveplayer.ie/,IFI Archive Player,https://ifiarchiveplayer.ie/dublin-students-ban-the-bomb-protest/,dublin students ban the bomb protest,IFI Archive Player film record,Public film-page metadata exposed by the IFI Archive Player. The permalink represents a public viewing/metadata surface; MAR does not download or redistribute the audiovisual media and does not infer a licence to reproduce it.,
IFI Irish Film Archive,ifi-irish-film-archive,Ireland,Europe,IE-IFI-IFA,National film archive,https://ifiarchiveplayer.ie/,True,True,https://ifiarchiveplayer.ie/,IFI Archive Player,https://ifiarchiveplayer.ie/dublin-students-protest-2/,dublin students protest 2,IFI Archive Player film record,Public film-page metadata exposed by the IFI Archive Player. The permalink represents a public viewing/metadata surface; MAR does not download or redistribute the audiovisual media and does not infer a licence to reproduce it.,
IFI Irish Film Archive,ifi-irish-film-archive,Ireland,Europe,IE-IFI-IFA,National film archive,https://ifiarchiveplayer.ie/,True,True,https://ifiarchiveplayer.ie/,IFI Archive Player,https://ifiarchiveplayer.ie/dublin-war-scenes/,dublin war scenes,IFI Archive Player film record,Public film-page metadata exposed by the IFI Archive Player. The permalink represents a public viewing/metadata surface; MAR does not download or redistribute the audiovisual media and does not infer a licence to reproduce it.,
IFI Irish Film Archive,ifi-irish-film-archive,Ireland,Europe,IE-IFI-IFA,National film archive,https://ifiarchiveplayer.ie/,True,True,https://ifiarchiveplayer.ie/,IFI Archive Player,https://ifiarchiveplayer.ie/dubliners-sean-agus-nua/,dubliners sean agus nua,IFI Archive Player film record,Public film-page metadata exposed by the IFI Archive Player. The permalink represents a public viewing/metadata surface; MAR does not download or redistribute the audiovisual media and does not infer a licence to reproduce it.,
IFI Irish Film Archive,ifi-irish-film-archive,Ireland,Europe,IE-IFI-IFA,National film archive,https://ifiarchiveplayer.ie/,True,True,https://ifiarchiveplayer.ie/,IFI Archive Player,https://ifiarchiveplayer.ie/dublins-civil-war/,dublins civil war,IFI Archive Player film record,Public film-page metadata exposed by the IFI Archive Player. The permalink represents a public viewing/metadata surface; MAR does not download or redistribute the audiovisual media and does not infer a licence to reproduce it.,
IFI Irish Film Archive,ifi-irish-film-archive,Ireland,Europe,IE-IFI-IFA,National film archive,https://ifiarchiveplayer.ie/,True,True,https://ifiarchiveplayer.ie/,IFI Archive Player,https://ifiarchiveplayer.ie/dublins-tribute-to-fallen-guards/,dublins tribute to fallen guards,IFI Archive Player film record,Public film-page metadata exposed by the IFI Archive Player. The permalink represents a public viewing/metadata surface; MAR does not download or redistribute the audiovisual media and does not infer a licence to reproduce it.,
IFI Irish Film Archive,ifi-irish-film-archive,Ireland,Europe,IE-IFI-IFA,National film archive,https://ifiarchiveplayer.ie/,True,True,https://ifiarchiveplayer.ie/,IFI Archive Player,https://ifiarchiveplayer.ie/duhallow-home/,duhallow home,IFI Archive Player film record,Public film-page metadata exposed by the IFI Archive Player. The permalink represents a public viewing/metadata surface; MAR does not download or redistribute the audiovisual media and does not infer a licence to reproduce it.,
IFI Irish Film Archive,ifi-irish-film-archive,Ireland,Europe,IE-IFI-IFA,National film archive,https://ifiarchiveplayer.ie/,True,True,https://ifiarchiveplayer.ie/,IFI Archive Player,https://ifiarchiveplayer.ie/dulux-matchmaker/,dulux matchmaker,IFI Archive Player film record,Public film-page metadata exposed by the IFI Archive Player. The permalink represents a public viewing/metadata surface; MAR does not download or redistribute the audiovisual media and does not infer a licence to reproduce it.,
IFI Irish Film Archive,ifi-irish-film-archive,Ireland,Europe,IE-IFI-IFA,National film archive,https://ifiarchiveplayer.ie/,True,True,https://ifiarchiveplayer.ie/,IFI Archive Player,https://ifiarchiveplayer.ie/dundalk-cinema-gutted-by-fire/,dundalk cinema gutted by fire,IFI Archive Player film record,Public film-page metadata exposed by the IFI Archive Player. The permalink represents a public viewing/metadata surface; MAR does not download or redistribute the audiovisual media and does not infer a licence to reproduce it.,
IFI Irish Film Archive,ifi-irish-film-archive,Ireland,Europe,IE-IFI-IFA,National film archive,https://ifiarchiveplayer.ie/,True,True,https://ifiarchiveplayer.ie/,IFI Archive Player,https://ifiarchiveplayer.ie/dundalk-moving-scenes-in-passion-play/,dundalk moving scenes in passion play,IFI Archive Player film record,Public film-page metadata exposed by the IFI Archive Player. The permalink represents a public viewing/metadata surface; MAR does not download or redistribute the audiovisual media and does not infer a licence to reproduce it.,
IFI Irish Film Archive,ifi-irish-film-archive,Ireland,Europe,IE-IFI-IFA,National film archive,https://ifiarchiveplayer.ie/,True,True,https://ifiarchiveplayer.ie/,IFI Archive Player,https://ifiarchiveplayer.ie/dundalk-races/,dundalk races,IFI Archive Player film record,Public film-page metadata exposed by the IFI Archive Player. The permalink represents a public viewing/metadata surface; MAR does not download or redistribute the audiovisual media and does not infer a licence to reproduce it.,
IFI Irish Film Archive,ifi-irish-film-archive,Ireland,Europe,IE-IFI-IFA,National film archive,https://ifiarchiveplayer.ie/,True,True,https://ifiarchiveplayer.ie/,IFI Archive Player,https://ifiarchiveplayer.ie/eamon-de-valera-in-boston/,eamon de valera in boston,IFI Archive Player film record,Public film-page metadata exposed by the IFI Archive Player. The permalink represents a public viewing/metadata surface; MAR does not download or redistribute the audiovisual media and does not infer a licence to reproduce it.,
IFI Irish Film Archive,ifi-irish-film-archive,Ireland,Europe,IE-IFI-IFA,National film archive,https://ifiarchiveplayer.ie/,True,True,https://ifiarchiveplayer.ie/,IFI Archive Player,https://ifiarchiveplayer.ie/eamonn-mccann-a-long-march/,eamonn mccann a long march,IFI Archive Player film record,Public film-page metadata exposed by the IFI Archive Player. The permalink represents a public viewing/metadata surface; MAR does not download or redistribute the audiovisual media and does not infer a licence to reproduce it.,
IFI Irish Film Archive,ifi-irish-film-archive,Ireland,Europe,IE-IFI-IFA,National film archive,https://ifiarchiveplayer.ie/,True,True,https://ifiarchiveplayer.ie/,IFI Archive Player,https://ifiarchiveplayer.ie/early-animations/,early animations,IFI Archive Player film record,Public film-page metadata exposed by the IFI Archive Player. The permalink represents a public viewing/metadata surface; MAR does not download or redistribute the audiovisual media and does not infer a licence to reproduce it.,
IFI Irish Film Archive,ifi-irish-film-archive,Ireland,Europe,IE-IFI-IFA,National film archive,https://ifiarchiveplayer.ie/,True,True,https://ifiarchiveplayer.ie/,IFI Archive Player,https://ifiarchiveplayer.ie/east-ireland-fencing-championships-mens-foils-section/,east ireland fencing championships mens foils section,IFI Archive Player film record,Public film-page metadata exposed by the IFI Archive Player. The permalink represents a public viewing/metadata surface; MAR does not download or redistribute the audiovisual media and does not infer a licence to reproduce it.,
IFI Irish Film Archive,ifi-irish-film-archive,Ireland,Europe,IE-IFI-IFA,National film archive,https://ifiarchiveplayer.ie/,True,True,https://ifiarchiveplayer.ie/,IFI Archive Player,https://ifiarchiveplayer.ie/echo/,echo,IFI Archive Player film record,Public film-page metadata exposed by the IFI Archive Player. The permalink represents a public viewing/metadata surface; MAR does not download or redistribute the audiovisual media and does not infer a licence to reproduce it.,
IFI Irish Film Archive,ifi-irish-film-archive,Ireland,Europe,IE-IFI-IFA,National film archive,https://ifiarchiveplayer.ie/,True,True,https://ifiarchiveplayer.ie/,IFI Archive Player,https://ifiarchiveplayer.ie/electrification-of-connemara/,electrification of connemara,IFI Archive Player film record,Public film-page metadata exposed by the IFI Archive Player. The permalink represents a public viewing/metadata surface; MAR does not download or redistribute the audiovisual media and does not infer a licence to reproduce it.,
IFI Irish Film Archive,ifi-irish-film-archive,Ireland,Europe,IE-IFI-IFA,National film archive,https://ifiarchiveplayer.ie/,True,True,https://ifiarchiveplayer.ie/,IFI Archive Player,https://ifiarchiveplayer.ie/elkie/,elkie,IFI Archive Player film record,Public film-page metadata exposed by the IFI Archive Player. The permalink represents a public viewing/metadata surface; MAR does not download or redistribute the audiovisual media and does not infer a licence to reproduce it.,
IFI Irish Film Archive,ifi-irish-film-archive,Ireland,Europe,IE-IFI-IFA,National film archive,https://ifiarchiveplayer.ie/,True,True,https://ifiarchiveplayer.ie/,IFI Archive Player,https://ifiarchiveplayer.ie/emerald-shannon/,emerald shannon,IFI Archive Player film record,Public film-page metadata exposed by the IFI Archive Player. The permalink represents a public viewing/metadata surface; MAR does not download or redistribute the audiovisual media and does not infer a licence to reproduce it.,
IFI Irish Film Archive,ifi-irish-film-archive,Ireland,Europe,IE-IFI-IFA,National film archive,https://ifiarchiveplayer.ie/,True,True,https://ifiarchiveplayer.ie/,IFI Archive Player,https://ifiarchiveplayer.ie/ennis/,ennis,IFI Archive Player film record,Public film-page metadata exposed by the IFI Archive Player. The permalink represents a public viewing/metadata surface; MAR does not download or redistribute the audiovisual media and does not infer a licence to reproduce it.,
IFI Irish Film Archive,ifi-irish-film-archive,Ireland,Europe,IE-IFI-IFA,National film archive,https://ifiarchiveplayer.ie/,True,True,https://ifiarchiveplayer.ie/,IFI Archive Player,https://ifiarchiveplayer.ie/epitaph/,epitaph,IFI Archive Player film record,Public film-page metadata exposed by the IFI Archive Player. The permalink represents a public viewing/metadata surface; MAR does not download or redistribute the audiovisual media and does not infer a licence to reproduce it.,
IFI Irish Film Archive,ifi-irish-film-archive,Ireland,Europe,IE-IFI-IFA,National film archive,https://ifiarchiveplayer.ie/,True,True,https://ifiarchiveplayer.ie/,IFI Archive Player,https://ifiarchiveplayer.ie/errigal/,errigal,IFI Archive Player film record,Public film-page metadata exposed by the IFI Archive Player. The permalink represents a public viewing/metadata surface; MAR does not download or redistribute the audiovisual media and does not infer a licence to reproduce it.,
IFI Irish Film Archive,ifi-irish-film-archive,Ireland,Europe,IE-IFI-IFA,National film archive,https://ifiarchiveplayer.ie/,True,True,https://ifiarchiveplayer.ie/,IFI Archive Player,https://ifiarchiveplayer.ie/esb-warm-home/,esb warm home,IFI Archive Player film record,Public film-page metadata exposed by the IFI Archive Player. The permalink represents a public viewing/metadata surface; MAR does not download or redistribute the audiovisual media and does not infer a licence to reproduce it.,
IFI Irish Film Archive,ifi-irish-film-archive,Ireland,Europe,IE-IFI-IFA,National film archive,https://ifiarchiveplayer.ie/,True,True,https://ifiarchiveplayer.ie/,IFI Archive Player,https://ifiarchiveplayer.ie/essies-last-stand-one-year-later/,essies last stand one year later,IFI Archive Player film record,Public film-page metadata exposed by the IFI Archive Player. The permalink represents a public viewing/metadata surface; MAR does not download or redistribute the audiovisual media and does not infer a licence to reproduce it.,
IFI Irish Film Archive,ifi-irish-film-archive,Ireland,Europe,IE-IFI-IFA,National film archive,https://ifiarchiveplayer.ie/,True,True,https://ifiarchiveplayer.ie/,IFI Archive Player,https://ifiarchiveplayer.ie/essies_last_stand/,essies_last_stand,IFI Archive Player film record,Public film-page metadata exposed by the IFI Archive Player. The permalink represents a public viewing/metadata surface; MAR does not download or redistribute the audiovisual media and does not infer a licence to reproduce it.,
IFI Irish Film Archive,ifi-irish-film-archive,Ireland,Europe,IE-IFI-IFA,National film archive,https://ifiarchiveplayer.ie/,True,True,https://ifiarchiveplayer.ie/,IFI Archive Player,https://ifiarchiveplayer.ie/evacuation-of-ireland/,evacuation of ireland,IFI Archive Player film record,Public film-page metadata exposed by the IFI Archive Player. The permalink represents a public viewing/metadata surface; MAR does not download or redistribute the audiovisual media and does not infer a licence to reproduce it.,
IFI Irish Film Archive,ifi-irish-film-archive,Ireland,Europe,IE-IFI-IFA,National film archive,https://ifiarchiveplayer.ie/,True,True,https://ifiarchiveplayer.ie/,IFI Archive Player,https://ifiarchiveplayer.ie/exhibition-of-gaelic-books/,exhibition of gaelic books,IFI Archive Player film record,Public film-page metadata exposed by the IFI Archive Player. The permalink represents a public viewing/metadata surface; MAR does not download or redistribute the audiovisual media and does not infer a licence to reproduce it.,
IFI Irish Film Archive,ifi-irish-film-archive,Ireland,Europe,IE-IFI-IFA,National film archive,https://ifiarchiveplayer.ie/,True,True,https://ifiarchiveplayer.ie/,IFI Archive Player,https://ifiarchiveplayer.ie/fa-cup/,fa cup,IFI Archive Player film record,Public film-page metadata exposed by the IFI Archive Player. The permalink represents a public viewing/metadata surface; MAR does not download or redistribute the audiovisual media and does not infer a licence to reproduce it.,
IFI Irish Film Archive,ifi-irish-film-archive,Ireland,Europe,IE-IFI-IFA,National film archive,https://ifiarchiveplayer.ie/,True,True,https://ifiarchiveplayer.ie/,IFI Archive Player,https://ifiarchiveplayer.ie/faithful-departed/,faithful departed,IFI Archive Player film record,Public film-page metadata exposed by the IFI Archive Player. The permalink represents a public viewing/metadata surface; MAR does not download or redistribute the audiovisual media and does not infer a licence to reproduce it.,
IFI Irish Film Archive,ifi-irish-film-archive,Ireland,Europe,IE-IFI-IFA,National film archive,https://ifiarchiveplayer.ie/,True,True,https://ifiarchiveplayer.ie/,IFI Archive Player,https://ifiarchiveplayer.ie/fall-into-half-angel/,fall into half angel,IFI Archive Player film record,Public film-page metadata exposed by the IFI Archive Player. The permalink represents a public viewing/metadata surface; MAR does not download or redistribute the audiovisual media and does not infer a licence to reproduce it.,
IFI Irish Film Archive,ifi-irish-film-archive,Ireland,Europe,IE-IFI-IFA,National film archive,https://ifiarchiveplayer.ie/,True,True,https://ifiarchiveplayer.ie/,IFI Archive Player,https://ifiarchiveplayer.ie/fall-of-limerick/,fall of limerick,IFI Archive Player film record,Public film-page metadata exposed by the IFI Archive Player. The permalink represents a public viewing/metadata surface; MAR does not download or redistribute the audiovisual media and does not infer a licence to reproduce it.,
IFI Irish Film Archive,ifi-irish-film-archive,Ireland,Europe,IE-IFI-IFA,National film archive,https://ifiarchiveplayer.ie/,True,True,https://ifiarchiveplayer.ie/,IFI Archive Player,https://ifiarchiveplayer.ie/fancy-dress-on-motor-bikes/,fancy dress on motor bikes,IFI Archive Player film record,Public film-page metadata exposed by the IFI Archive Player. The permalink represents a public viewing/metadata surface; MAR does not download or redistribute the audiovisual media and does not infer a licence to reproduce it.,
IFI Irish Film Archive,ifi-irish-film-archive,Ireland,Europe,IE-IFI-IFA,National film archive,https://ifiarchiveplayer.ie/,True,True,https://ifiarchiveplayer.ie/,IFI Archive Player,https://ifiarchiveplayer.ie/farleys-rusks/,farleys rusks,IFI Archive Player film record,Public film-page metadata exposed by the IFI Archive Player. The permalink represents a public viewing/metadata surface; MAR does not download or redistribute the audiovisual media and does not infer a licence to reproduce it.,
IFI Irish Film Archive,ifi-irish-film-archive,Ireland,Europe,IE-IFI-IFA,National film archive,https://ifiarchiveplayer.ie/,True,True,https://ifiarchiveplayer.ie/,IFI Archive Player,https://ifiarchiveplayer.ie/fashion-show-aids-polio-clinic/,fashion show aids polio clinic,IFI Archive Player film record,Public film-page metadata exposed by the IFI Archive Player. The permalink represents a public viewing/metadata surface; MAR does not download or redistribute the audiovisual media and does not infer a licence to reproduce it.,
IFI Irish Film Archive,ifi-irish-film-archive,Ireland,Europe,IE-IFI-IFA,National film archive,https://ifiarchiveplayer.ie/,True,True,https://ifiarchiveplayer.ie/,IFI Archive Player,https://ifiarchiveplayer.ie/fashions-for-spring-if-it-comes/,fashions for spring if it comes,IFI Archive Player film record,Public film-page metadata exposed by the IFI Archive Player. The permalink represents a public viewing/metadata surface; MAR does not download or redistribute the audiovisual media and does not infer a licence to reproduce it.,
IFI Irish Film Archive,ifi-irish-film-archive,Ireland,Europe,IE-IFI-IFA,National film archive,https://ifiarchiveplayer.ie/,True,True,https://ifiarchiveplayer.ie/,IFI Archive Player,https://ifiarchiveplayer.ie/father-delany-collection-cambria-ship/,father delany collection cambria ship,IFI Archive Player film record,Public film-page metadata exposed by the IFI Archive Player. The permalink represents a public viewing/metadata surface; MAR does not download or redistribute the audiovisual media and does not infer a licence to reproduce it.,
IFI Irish Film Archive,ifi-irish-film-archive,Ireland,Europe,IE-IFI-IFA,National film archive,https://ifiarchiveplayer.ie/,True,True,https://ifiarchiveplayer.ie/,IFI Archive Player,https://ifiarchiveplayer.ie/father-delany-collection-card-games/,father delany collection card games,IFI Archive Player film record,Public film-page metadata exposed by the IFI Archive Player. The permalink represents a public viewing/metadata surface; MAR does not download or redistribute the audiovisual media and does not infer a licence to reproduce it.,
IFI Irish Film Archive,ifi-irish-film-archive,Ireland,Europe,IE-IFI-IFA,National film archive,https://ifiarchiveplayer.ie/,True,True,https://ifiarchiveplayer.ie/,IFI Archive Player,https://ifiarchiveplayer.ie/father-delany-collection-childrens-play/,father delany collection childrens play,IFI Archive Player film record,Public film-page metadata exposed by the IFI Archive Player. The permalink represents a public viewing/metadata surface; MAR does not download or redistribute the audiovisual media and does not infer a licence to reproduce it.,
IFI Irish Film Archive,ifi-irish-film-archive,Ireland,Europe,IE-IFI-IFA,National film archive,https://ifiarchiveplayer.ie/,True,True,https://ifiarchiveplayer.ie/,IFI Archive Player,https://ifiarchiveplayer.ie/father-delany-collection-communion/,father delany collection communion,IFI Archive Player film record,Public film-page metadata exposed by the IFI Archive Player. The permalink represents a public viewing/metadata surface; MAR does not download or redistribute the audiovisual media and does not infer a licence to reproduce it.,
IFI Irish Film Archive,ifi-irish-film-archive,Ireland,Europe,IE-IFI-IFA,National film archive,https://ifiarchiveplayer.ie/,True,True,https://ifiarchiveplayer.ie/,IFI Archive Player,https://ifiarchiveplayer.ie/father-delany-collection-corpus/,father delany collection corpus,IFI Archive Player film record,Public film-page metadata exposed by the IFI Archive Player. The permalink represents a public viewing/metadata surface; MAR does not download or redistribute the audiovisual media and does not infer a licence to reproduce it.,
IFI Irish Film Archive,ifi-irish-film-archive,Ireland,Europe,IE-IFI-IFA,National film archive,https://ifiarchiveplayer.ie/,True,True,https://ifiarchiveplayer.ie/,IFI Archive Player,https://ifiarchiveplayer.ie/father-delany-collection-croquet/,father delany collection croquet,IFI Archive Player film record,Public film-page metadata exposed by the IFI Archive Player. The permalink represents a public viewing/metadata surface; MAR does not download or redistribute the audiovisual media and does not infer a licence to reproduce it.,
IFI Irish Film Archive,ifi-irish-film-archive,Ireland,Europe,IE-IFI-IFA,National film archive,https://ifiarchiveplayer.ie/,True,True,https://ifiarchiveplayer.ie/,IFI Archive Player,https://ifiarchiveplayer.ie/father-delany-collection-dublin-zoo/,father delany collection dublin zoo,IFI Archive Player film record,Public film-page metadata exposed by the IFI Archive Player. The permalink represents a public viewing/metadata surface; MAR does not download or redistribute the audiovisual media and does not infer a licence to reproduce it.,
IFI Irish Film Archive,ifi-irish-film-archive,Ireland,Europe,IE-IFI-IFA,National film archive,https://ifiarchiveplayer.ie/,True,True,https://ifiarchiveplayer.ie/,IFI Archive Player,https://ifiarchiveplayer.ie/father-delany-collection-dun-laoghaire-storm/,father delany collection dun laoghaire storm,IFI Archive Player film record,Public film-page metadata exposed by the IFI Archive Player. The permalink represents a public viewing/metadata surface; MAR does not download or redistribute the audiovisual media and does not infer a licence to reproduce it.,
IFI Irish Film Archive,ifi-irish-film-archive,Ireland,Europe,IE-IFI-IFA,National film archive,https://ifiarchiveplayer.ie/,True,True,https://ifiarchiveplayer.ie/,IFI Archive Player,https://ifiarchiveplayer.ie/father-delany-collection-gloucester-street/,father delany collection gloucester street,IFI Archive Player film record,Public film-page metadata exposed by the IFI Archive Player. The permalink represents a public viewing/metadata surface; MAR does not download or redistribute the audiovisual media and does not infer a licence to reproduce it.,
IFI Irish Film Archive,ifi-irish-film-archive,Ireland,Europe,IE-IFI-IFA,National film archive,https://ifiarchiveplayer.ie/,True,True,https://ifiarchiveplayer.ie/,IFI Archive Player,https://ifiarchiveplayer.ie/father-delany-collection-killiney/,father delany collection killiney,IFI Archive Player film record,Public film-page metadata exposed by the IFI Archive Player. The permalink represents a public viewing/metadata surface; MAR does not download or redistribute the audiovisual media and does not infer a licence to reproduce it.,
IFI Irish Film Archive,ifi-irish-film-archive,Ireland,Europe,IE-IFI-IFA,National film archive,https://ifiarchiveplayer.ie/,True,True,https://ifiarchiveplayer.ie/,IFI Archive Player,https://ifiarchiveplayer.ie/father-delany-collection-magdalene-laundry/,father delany collection magdalene laundry,IFI Archive Player film record,Public film-page metadata exposed by the IFI Archive Player. The permalink represents a public viewing/metadata surface; MAR does not download or redistribute the audiovisual media and does not infer a licence to reproduce it.,
IFI Irish Film Archive,ifi-irish-film-archive,Ireland,Europe,IE-IFI-IFA,National film archive,https://ifiarchiveplayer.ie/,True,True,https://ifiarchiveplayer.ie/,IFI Archive Player,https://ifiarchiveplayer.ie/father-delany-collection-navan-road/,father delany collection navan road,IFI Archive Player film record,Public film-page metadata exposed by the IFI Archive Player. The permalink represents a public viewing/metadata surface; MAR does not download or redistribute the audiovisual media and does not infer a licence to reproduce it.,
IFI Irish Film Archive,ifi-irish-film-archive,Ireland,Europe,IE-IFI-IFA,National film archive,https://ifiarchiveplayer.ie/,True,True,https://ifiarchiveplayer.ie/,IFI Archive Player,https://ifiarchiveplayer.ie/father-delany-collection-sports-day/,father delany collection sports day,IFI Archive Player film record,Public film-page metadata exposed by the IFI Archive Player. The permalink represents a public viewing/metadata surface; MAR does not download or redistribute the audiovisual media and does not infer a licence to reproduce it.,
IFI Irish Film Archive,ifi-irish-film-archive,Ireland,Europe,IE-IFI-IFA,National film archive,https://ifiarchiveplayer.ie/,True,True,https://ifiarchiveplayer.ie/,IFI Archive Player,https://ifiarchiveplayer.ie/father-delany-collection-west-cork/,father delany collection west cork,IFI Archive Player film record,Public film-page metadata exposed by the IFI Archive Player. The permalink represents a public viewing/metadata surface; MAR does not download or redistribute the audiovisual media and does not infer a licence to reproduce it.,
IFI Irish Film Archive,ifi-irish-film-archive,Ireland,Europe,IE-IFI-IFA,National film archive,https://ifiarchiveplayer.ie/,True,True,https://ifiarchiveplayer.ie/,IFI Archive Player,https://ifiarchiveplayer.ie/fathom/,fathom,IFI Archive Player film record,Public film-page metadata exposed by the IFI Archive Player. The permalink represents a public viewing/metadata surface; MAR does not download or redistribute the audiovisual media and does not infer a licence to reproduce it.,
IFI Irish Film Archive,ifi-irish-film-archive,Ireland,Europe,IE-IFI-IFA,National film archive,https://ifiarchiveplayer.ie/,True,True,https://ifiarchiveplayer.ie/,IFI Archive Player,https://ifiarchiveplayer.ie/feels-so-heavy/,feels so heavy,IFI Archive Player film record,Public film-page metadata exposed by the IFI Archive Player. The permalink represents a public viewing/metadata surface; MAR does not download or redistribute the audiovisual media and does not infer a licence to reproduce it.,
IFI Irish Film Archive,ifi-irish-film-archive,Ireland,Europe,IE-IFI-IFA,National film archive,https://ifiarchiveplayer.ie/,True,True,https://ifiarchiveplayer.ie/,IFI Archive Player,https://ifiarchiveplayer.ie/fifty-percent-grey/,fifty percent grey,IFI Archive Player film record,Public film-page metadata exposed by the IFI Archive Player. The permalink represents a public viewing/metadata surface; MAR does not download or redistribute the audiovisual media and does not infer a licence to reproduce it.,
IFI Irish Film Archive,ifi-irish-film-archive,Ireland,Europe,IE-IFI-IFA,National film archive,https://ifiarchiveplayer.ie/,True,True,https://ifiarchiveplayer.ie/,IFI Archive Player,https://ifiarchiveplayer.ie/fighting-speech/,fighting speech,IFI Archive Player film record,Public film-page metadata exposed by the IFI Archive Player. The permalink represents a public viewing/metadata surface; MAR does not download or redistribute the audiovisual media and does not infer a licence to reproduce it.,
IFI Irish Film Archive,ifi-irish-film-archive,Ireland,Europe,IE-IFI-IFA,National film archive,https://ifiarchiveplayer.ie/,True,True,https://ifiarchiveplayer.ie/,IFI Archive Player,https://ifiarchiveplayer.ie/film-club-antics/,film club antics,IFI Archive Player film record,Public film-page metadata exposed by the IFI Archive Player. The permalink represents a public viewing/metadata surface; MAR does not download or redistribute the audiovisual media and does not infer a licence to reproduce it.,
IFI Irish Film Archive,ifi-irish-film-archive,Ireland,Europe,IE-IFI-IFA,National film archive,https://ifiarchiveplayer.ie/,True,True,https://ifiarchiveplayer.ie/,IFI Archive Player,https://ifiarchiveplayer.ie/final-say/,final say,IFI Archive Player film record,Public film-page metadata exposed by the IFI Archive Player. The permalink represents a public viewing/metadata surface; MAR does not download or redistribute the audiovisual media and does not infer a licence to reproduce it.,
IFI Irish Film Archive,ifi-irish-film-archive,Ireland,Europe,IE-IFI-IFA,National film archive,https://ifiarchiveplayer.ie/,True,True,https://ifiarchiveplayer.ie/,IFI Archive Player,https://ifiarchiveplayer.ie/findus-fish-fingers/,findus fish fingers,IFI Archive Player film record,Public film-page metadata exposed by the IFI Archive Player. The permalink represents a public viewing/metadata surface; MAR does not download or redistribute the audiovisual media and does not infer a licence to reproduce it.,
IFI Irish Film Archive,ifi-irish-film-archive,Ireland,Europe,IE-IFI-IFA,National film archive,https://ifiarchiveplayer.ie/,True,True,https://ifiarchiveplayer.ie/,IFI Archive Player,https://ifiarchiveplayer.ie/first-aid-for-youngsters/,first aid for youngsters,IFI Archive Player film record,Public film-page metadata exposed by the IFI Archive Player. The permalink represents a public viewing/metadata surface; MAR does not download or redistribute the audiovisual media and does not infer a licence to reproduce it.,
IFI Irish Film Archive,ifi-irish-film-archive,Ireland,Europe,IE-IFI-IFA,National film archive,https://ifiarchiveplayer.ie/,True,True,https://ifiarchiveplayer.ie/,IFI Archive Player,https://ifiarchiveplayer.ie/first-jet-service-via-shannon-to-europe/,first jet service via shannon to europe,IFI Archive Player film record,Public film-page metadata exposed by the IFI Archive Player. The permalink represents a public viewing/metadata surface; MAR does not download or redistribute the audiovisual media and does not infer a licence to reproduce it.,
IFI Irish Film Archive,ifi-irish-film-archive,Ireland,Europe,IE-IFI-IFA,National film archive,https://ifiarchiveplayer.ie/,True,True,https://ifiarchiveplayer.ie/,IFI Archive Player,https://ifiarchiveplayer.ie/fisherman/,fisherman,IFI Archive Player film record,Public film-page metadata exposed by the IFI Archive Player. The permalink represents a public viewing/metadata surface; MAR does not download or redistribute the audiovisual media and does not infer a licence to reproduce it.,
IFI Irish Film Archive,ifi-irish-film-archive,Ireland,Europe,IE-IFI-IFA,National film archive,https://ifiarchiveplayer.ie/,True,True,https://ifiarchiveplayer.ie/,IFI Archive Player,https://ifiarchiveplayer.ie/five-star-supermarkets/,five star supermarkets,IFI Archive Player film record,Public film-page metadata exposed by the IFI Archive Player. The permalink represents a public viewing/metadata surface; MAR does not download or redistribute the audiovisual media and does not infer a licence to reproduce it.,
IFI Irish Film Archive,ifi-irish-film-archive,Ireland,Europe,IE-IFI-IFA,National film archive,https://ifiarchiveplayer.ie/,True,True,https://ifiarchiveplayer.ie/,IFI Archive Player,https://ifiarchiveplayer.ie/fizzies/,fizzies,IFI Archive Player film record,Public film-page metadata exposed by the IFI Archive Player. The permalink represents a public viewing/metadata surface; MAR does not download or redistribute the audiovisual media and does not infer a licence to reproduce it.,
IFI Irish Film Archive,ifi-irish-film-archive,Ireland,Europe,IE-IFI-IFA,National film archive,https://ifiarchiveplayer.ie/,True,True,https://ifiarchiveplayer.ie/,IFI Archive Player,https://ifiarchiveplayer.ie/flea-ceoil/,flea ceoil,IFI Archive Player film record,Public film-page metadata exposed by the IFI Archive Player. The permalink represents a public viewing/metadata surface; MAR does not download or redistribute the audiovisual media and does not infer a licence to reproduce it.,
IFI Irish Film Archive,ifi-irish-film-archive,Ireland,Europe,IE-IFI-IFA,National film archive,https://ifiarchiveplayer.ie/,True,True,https://ifiarchiveplayer.ie/,IFI Archive Player,https://ifiarchiveplayer.ie/fleadh-ceoil-mullingar/,fleadh ceoil mullingar,IFI Archive Player film record,Public film-page metadata exposed by the IFI Archive Player. The permalink represents a public viewing/metadata surface; MAR does not download or redistribute the audiovisual media and does not infer a licence to reproduce it.,
IFI Irish Film Archive,ifi-irish-film-archive,Ireland,Europe,IE-IFI-IFA,National film archive,https://ifiarchiveplayer.ie/,True,True,https://ifiarchiveplayer.ie/,IFI Archive Player,https://ifiarchiveplayer.ie/fleadh-ceoil-na-heireann-boyle/,fleadh ceoil na heireann boyle,IFI Archive Player film record,Public film-page metadata exposed by the IFI Archive Player. The permalink represents a public viewing/metadata surface; MAR does not download or redistribute the audiovisual media and does not infer a licence to reproduce it.,
IFI Irish Film Archive,ifi-irish-film-archive,Ireland,Europe,IE-IFI-IFA,National film archive,https://ifiarchiveplayer.ie/,True,True,https://ifiarchiveplayer.ie/,IFI Archive Player,https://ifiarchiveplayer.ie/fleadh-ceoil-swinford/,fleadh ceoil swinford,IFI Archive Player film record,Public film-page metadata exposed by the IFI Archive Player. The permalink represents a public viewing/metadata surface; MAR does not download or redistribute the audiovisual media and does not infer a licence to reproduce it.,
IFI Irish Film Archive,ifi-irish-film-archive,Ireland,Europe,IE-IFI-IFA,National film archive,https://ifiarchiveplayer.ie/,True,True,https://ifiarchiveplayer.ie/,IFI Archive Player,https://ifiarchiveplayer.ie/fleadh-ceoil-tuam/,fleadh ceoil tuam,IFI Archive Player film record,Public film-page metadata exposed by the IFI Archive Player. The permalink represents a public viewing/metadata surface; MAR does not download or redistribute the audiovisual media and does not infer a licence to reproduce it.,
IFI Irish Film Archive,ifi-irish-film-archive,Ireland,Europe,IE-IFI-IFA,National film archive,https://ifiarchiveplayer.ie/,True,True,https://ifiarchiveplayer.ie/,IFI Archive Player,https://ifiarchiveplayer.ie/fleet-visits-belfast/,fleet visits belfast,IFI Archive Player film record,Public film-page metadata exposed by the IFI Archive Player. The permalink represents a public viewing/metadata surface; MAR does not download or redistribute the audiovisual media and does not infer a licence to reproduce it.,
IFI Irish Film Archive,ifi-irish-film-archive,Ireland,Europe,IE-IFI-IFA,National film archive,https://ifiarchiveplayer.ie/,True,True,https://ifiarchiveplayer.ie/,IFI Archive Player,https://ifiarchiveplayer.ie/flour-millers-asssociation-launch-cookery-drive/,flour millers asssociation launch cookery drive,IFI Archive Player film record,Public film-page metadata exposed by the IFI Archive Player. The permalink represents a public viewing/metadata surface; MAR does not download or redistribute the audiovisual media and does not infer a licence to reproduce it.,
IFI Irish Film Archive,ifi-irish-film-archive,Ireland,Europe,IE-IFI-IFA,National film archive,https://ifiarchiveplayer.ie/,True,True,https://ifiarchiveplayer.ie/,IFI Archive Player,https://ifiarchiveplayer.ie/fluent-dysphasia/,fluent dysphasia,IFI Archive Player film record,Public film-page metadata exposed by the IFI Archive Player. The permalink represents a public viewing/metadata surface; MAR does not download or redistribute the audiovisual media and does not infer a licence to reproduce it.,
IFI Irish Film Archive,ifi-irish-film-archive,Ireland,Europe,IE-IFI-IFA,National film archive,https://ifiarchiveplayer.ie/,True,True,https://ifiarchiveplayer.ie/,IFI Archive Player,https://ifiarchiveplayer.ie/flying-toucans/,flying toucans,IFI Archive Player film record,Public film-page metadata exposed by the IFI Archive Player. The permalink represents a public viewing/metadata surface; MAR does not download or redistribute the audiovisual media and does not infer a licence to reproduce it.,
IFI Irish Film Archive,ifi-irish-film-archive,Ireland,Europe,IE-IFI-IFA,National film archive,https://ifiarchiveplayer.ie/,True,True,https://ifiarchiveplayer.ie/,IFI Archive Player,https://ifiarchiveplayer.ie/for-irelands-sake/,for irelands sake,IFI Archive Player film record,Public film-page metadata exposed by the IFI Archive Player. The permalink represents a public viewing/metadata surface; MAR does not download or redistribute the audiovisual media and does not infer a licence to reproduce it.,
IFI Irish Film Archive,ifi-irish-film-archive,Ireland,Europe,IE-IFI-IFA,National film archive,https://ifiarchiveplayer.ie/,True,True,https://ifiarchiveplayer.ie/,IFI Archive Player,https://ifiarchiveplayer.ie/for-the-treaty/,for the treaty,IFI Archive Player film record,Public film-page metadata exposed by the IFI Archive Player. The permalink represents a public viewing/metadata surface; MAR does not download or redistribute the audiovisual media and does not infer a licence to reproduce it.,
IFI Irish Film Archive,ifi-irish-film-archive,Ireland,Europe,IE-IFI-IFA,National film archive,https://ifiarchiveplayer.ie/,True,True,https://ifiarchiveplayer.ie/,IFI Archive Player,https://ifiarchiveplayer.ie/foreign-trade-body-visit-dundalk-brewery/,foreign trade body visit dundalk brewery,IFI Archive Player film record,Public film-page metadata exposed by the IFI Archive Player. The permalink represents a public viewing/metadata surface; MAR does not download or redistribute the audiovisual media and does not infer a licence to reproduce it.,
IFI Irish Film Archive,ifi-irish-film-archive,Ireland,Europe,IE-IFI-IFA,National film archive,https://ifiarchiveplayer.ie/,True,True,https://ifiarchiveplayer.ie/,IFI Archive Player,https://ifiarchiveplayer.ie/foreign-trade-group-tour-shannon/,foreign trade group tour shannon,IFI Archive Player film record,Public film-page metadata exposed by the IFI Archive Player. The permalink represents a public viewing/metadata surface; MAR does not download or redistribute the audiovisual media and does not infer a licence to reproduce it.,
IFI Irish Film Archive,ifi-irish-film-archive,Ireland,Europe,IE-IFI-IFA,National film archive,https://ifiarchiveplayer.ie/,True,True,https://ifiarchiveplayer.ie/,IFI Archive Player,https://ifiarchiveplayer.ie/forgery/,forgery,IFI Archive Player film record,Public film-page metadata exposed by the IFI Archive Player. The permalink represents a public viewing/metadata surface; MAR does not download or redistribute the audiovisual media and does not infer a licence to reproduce it.,
IFI Irish Film Archive,ifi-irish-film-archive,Ireland,Europe,IE-IFI-IFA,National film archive,https://ifiarchiveplayer.ie/,True,True,https://ifiarchiveplayer.ie/,IFI Archive Player,https://ifiarchiveplayer.ie/forgive-and-forget/,forgive and forget,IFI Archive Player film record,Public film-page metadata exposed by the IFI Archive Player. The permalink represents a public viewing/metadata surface; MAR does not download or redistribute the audiovisual media and does not infer a licence to reproduce it.,
IFI Irish Film Archive,ifi-irish-film-archive,Ireland,Europe,IE-IFI-IFA,National film archive,https://ifiarchiveplayer.ie/,True,True,https://ifiarchiveplayer.ie/,IFI Archive Player,https://ifiarchiveplayer.ie/foster-mother-for-a-foal/,foster mother for a foal,IFI Archive Player film record,Public film-page metadata exposed by the IFI Archive Player. The permalink represents a public viewing/metadata surface; MAR does not download or redistribute the audiovisual media and does not infer a licence to reproduce it.,
IFI Irish Film Archive,ifi-irish-film-archive,Ireland,Europe,IE-IFI-IFA,National film archive,https://ifiarchiveplayer.ie/,True,True,https://ifiarchiveplayer.ie/,IFI Archive Player,https://ifiarchiveplayer.ie/fourth-act/,fourth act,IFI Archive Player film record,Public film-page metadata exposed by the IFI Archive Player. The permalink represents a public viewing/metadata surface; MAR does not download or redistribute the audiovisual media and does not infer a licence to reproduce it.,
IFI Irish Film Archive,ifi-irish-film-archive,Ireland,Europe,IE-IFI-IFA,National film archive,https://ifiarchiveplayer.ie/,True,True,https://ifiarchiveplayer.ie/,IFI Archive Player,https://ifiarchiveplayer.ie/free-state-or-republic/,free state or republic,IFI Archive Player film record,Public film-page metadata exposed by the IFI Archive Player. The permalink represents a public viewing/metadata surface; MAR does not download or redistribute the audiovisual media and does not infer a licence to reproduce it.,
IFI Irish Film Archive,ifi-irish-film-archive,Ireland,Europe,IE-IFI-IFA,National film archive,https://ifiarchiveplayer.ie/,True,True,https://ifiarchiveplayer.ie/,IFI Archive Player,https://ifiarchiveplayer.ie/french-ambassador-opens-rouault-exhibition/,french ambassador opens rouault exhibition,IFI Archive Player film record,Public film-page metadata exposed by the IFI Archive Player. The permalink represents a public viewing/metadata surface; MAR does not download or redistribute the audiovisual media and does not infer a licence to reproduce it.,
IFI Irish Film Archive,ifi-irish-film-archive,Ireland,Europe,IE-IFI-IFA,National film archive,https://ifiarchiveplayer.ie/,True,True,https://ifiarchiveplayer.ie/,IFI Archive Player,https://ifiarchiveplayer.ie/french-fortnight-in-dublin/,french fortnight in dublin,IFI Archive Player film record,Public film-page metadata exposed by the IFI Archive Player. The permalink represents a public viewing/metadata surface; MAR does not download or redistribute the audiovisual media and does not infer a licence to reproduce it.,
IFI Irish Film Archive,ifi-irish-film-archive,Ireland,Europe,IE-IFI-IFA,National film archive,https://ifiarchiveplayer.ie/,True,True,https://ifiarchiveplayer.ie/,IFI Archive Player,https://ifiarchiveplayer.ie/from-darkness/,from darkness,IFI Archive Player film record,Public film-page metadata exposed by the IFI Archive Player. The permalink represents a public viewing/metadata surface; MAR does not download or redistribute the audiovisual media and does not infer a licence to reproduce it.,
IFI Irish Film Archive,ifi-irish-film-archive,Ireland,Europe,IE-IFI-IFA,National film archive,https://ifiarchiveplayer.ie/,True,True,https://ifiarchiveplayer.ie/,IFI Archive Player,https://ifiarchiveplayer.ie/fruit-15/,fruit 15,IFI Archive Player film record,Public film-page metadata exposed by the IFI Archive Player. The permalink represents a public viewing/metadata surface; MAR does not download or redistribute the audiovisual media and does not infer a licence to reproduce it.,
IFI Irish Film Archive,ifi-irish-film-archive,Ireland,Europe,IE-IFI-IFA,National film archive,https://ifiarchiveplayer.ie/,True,True,https://ifiarchiveplayer.ie/,IFI Archive Player,https://ifiarchiveplayer.ie/fumbling-towards-ecstasy/,fumbling towards ecstasy,IFI Archive Player film record,Public film-page metadata exposed by the IFI Archive Player. The permalink represents a public viewing/metadata surface; MAR does not download or redistribute the audiovisual media and does not infer a licence to reproduce it.,
IFI Irish Film Archive,ifi-irish-film-archive,Ireland,Europe,IE-IFI-IFA,National film archive,https://ifiarchiveplayer.ie/,True,True,https://ifiarchiveplayer.ie/,IFI Archive Player,https://ifiarchiveplayer.ie/fundraising-and-manufacturing/,fundraising and manufacturing,IFI Archive Player film record,Public film-page metadata exposed by the IFI Archive Player. The permalink represents a public viewing/metadata surface; MAR does not download or redistribute the audiovisual media and does not infer a licence to reproduce it.,
IFI Irish Film Archive,ifi-irish-film-archive,Ireland,Europe,IE-IFI-IFA,National film archive,https://ifiarchiveplayer.ie/,True,True,https://ifiarchiveplayer.ie/,IFI Archive Player,https://ifiarchiveplayer.ie/funeral-of-michael-collins/,funeral of michael collins,IFI Archive Player film record,Public film-page metadata exposed by the IFI Archive Player. The permalink represents a public viewing/metadata surface; MAR does not download or redistribute the audiovisual media and does not infer a licence to reproduce it.,
IFI Irish Film Archive,ifi-irish-film-archive,Ireland,Europe,IE-IFI-IFA,National film archive,https://ifiarchiveplayer.ie/,True,True,https://ifiarchiveplayer.ie/,IFI Archive Player,https://ifiarchiveplayer.ie/funeral-of-mr-cathal-brugha/,funeral of mr cathal brugha,IFI Archive Player film record,Public film-page metadata exposed by the IFI Archive Player. The permalink represents a public viewing/metadata surface; MAR does not download or redistribute the audiovisual media and does not infer a licence to reproduce it.,
IFI Irish Film Archive,ifi-irish-film-archive,Ireland,Europe,IE-IFI-IFA,National film archive,https://ifiarchiveplayer.ie/,True,True,https://ifiarchiveplayer.ie/,IFI Archive Player,https://ifiarchiveplayer.ie/funeral-victims-of-gun-running-dublin/,funeral victims of gun running dublin,IFI Archive Player film record,Public film-page metadata exposed by the IFI Archive Player. The permalink represents a public viewing/metadata surface; MAR does not download or redistribute the audiovisual media and does not infer a licence to reproduce it.,
IFI Irish Film Archive,ifi-irish-film-archive,Ireland,Europe,IE-IFI-IFA,National film archive,https://ifiarchiveplayer.ie/,True,True,https://ifiarchiveplayer.ie/,IFI Archive Player,https://ifiarchiveplayer.ie/furs-of-the-future-at-chinchilla-show/,furs of the future at chinchilla show,IFI Archive Player film record,Public film-page metadata exposed by the IFI Archive Player. The permalink represents a public viewing/metadata surface; MAR does not download or redistribute the audiovisual media and does not infer a licence to reproduce it.,
IFI Irish Film Archive,ifi-irish-film-archive,Ireland,Europe,IE-IFI-IFA,National film archive,https://ifiarchiveplayer.ie/,True,True,https://ifiarchiveplayer.ie/,IFI Archive Player,https://ifiarchiveplayer.ie/further-pictures-of-irish-peace/,further pictures of irish peace,IFI Archive Player film record,Public film-page metadata exposed by the IFI Archive Player. The permalink represents a public viewing/metadata surface; MAR does not download or redistribute the audiovisual media and does not infer a licence to reproduce it.,
IFI Irish Film Archive,ifi-irish-film-archive,Ireland,Europe,IE-IFI-IFA,National film archive,https://ifiarchiveplayer.ie/,True,True,https://ifiarchiveplayer.ie/,IFI Archive Player,https://ifiarchiveplayer.ie/gaa-hurling-1957/,gaa hurling 1957,IFI Archive Player film record,Public film-page metadata exposed by the IFI Archive Player. The permalink represents a public viewing/metadata surface; MAR does not download or redistribute the audiovisual media and does not infer a licence to reproduce it.,
IFI Irish Film Archive,ifi-irish-film-archive,Ireland,Europe,IE-IFI-IFA,National film archive,https://ifiarchiveplayer.ie/,True,True,https://ifiarchiveplayer.ie/,IFI Archive Player,https://ifiarchiveplayer.ie/gael-linn-camogie-cup-leinster-beat-ulster/,gael linn camogie cup leinster beat ulster,IFI Archive Player film record,Public film-page metadata exposed by the IFI Archive Player. The permalink represents a public viewing/metadata surface; MAR does not download or redistribute the audiovisual media and does not infer a licence to reproduce it.,
IFI Irish Film Archive,ifi-irish-film-archive,Ireland,Europe,IE-IFI-IFA,National film archive,https://ifiarchiveplayer.ie/,True,True,https://ifiarchiveplayer.ie/,IFI Archive Player,https://ifiarchiveplayer.ie/gael-linn-scholarships-dublin-children-off-to-gaeltacht/,gael linn scholarships dublin children off to gaeltacht,IFI Archive Player film record,Public film-page metadata exposed by the IFI Archive Player. The permalink represents a public viewing/metadata surface; MAR does not download or redistribute the audiovisual media and does not infer a licence to reproduce it.,
IFI Irish Film Archive,ifi-irish-film-archive,Ireland,Europe,IE-IFI-IFA,National film archive,https://ifiarchiveplayer.ie/,True,True,https://ifiarchiveplayer.ie/,IFI Archive Player,https://ifiarchiveplayer.ie/galtee-midnight-feast/,galtee midnight feast,IFI Archive Player film record,Public film-page metadata exposed by the IFI Archive Player. The permalink represents a public viewing/metadata surface; MAR does not download or redistribute the audiovisual media and does not infer a licence to reproduce it.,
IFI Irish Film Archive,ifi-irish-film-archive,Ireland,Europe,IE-IFI-IFA,National film archive,https://ifiarchiveplayer.ie/,True,True,https://ifiarchiveplayer.ie/,IFI Archive Player,https://ifiarchiveplayer.ie/galway-blazers-point-to-point-arthur-miller-john-huston/,galway blazers point to point arthur miller john huston,IFI Archive Player film record,Public film-page metadata exposed by the IFI Archive Player. The permalink represents a public viewing/metadata surface; MAR does not download or redistribute the audiovisual media and does not infer a licence to reproduce it.,
IFI Irish Film Archive,ifi-irish-film-archive,Ireland,Europe,IE-IFI-IFA,National film archive,https://ifiarchiveplayer.ie/,True,True,https://ifiarchiveplayer.ie/,IFI Archive Player,https://ifiarchiveplayer.ie/galway-oyster-festival/,galway oyster festival,IFI Archive Player film record,Public film-page metadata exposed by the IFI Archive Player. The permalink represents a public viewing/metadata surface; MAR does not download or redistribute the audiovisual media and does not infer a licence to reproduce it.,
IFI Irish Film Archive,ifi-irish-film-archive,Ireland,Europe,IE-IFI-IFA,National film archive,https://ifiarchiveplayer.ie/,True,True,https://ifiarchiveplayer.ie/,IFI Archive Player,https://ifiarchiveplayer.ie/gaol-for-a-kiss/,gaol for a kiss,IFI Archive Player film record,Public film-page metadata exposed by the IFI Archive Player. The permalink represents a public viewing/metadata surface; MAR does not download or redistribute the audiovisual media and does not infer a licence to reproduce it.,
IFI Irish Film Archive,ifi-irish-film-archive,Ireland,Europe,IE-IFI-IFA,National film archive,https://ifiarchiveplayer.ie/,True,True,https://ifiarchiveplayer.ie/,IFI Archive Player,https://ifiarchiveplayer.ie/gardai-depot-auction/,gardai depot auction,IFI Archive Player film record,Public film-page metadata exposed by the IFI Archive Player. The permalink represents a public viewing/metadata surface; MAR does not download or redistribute the audiovisual media and does not infer a licence to reproduce it.,
IFI Irish Film Archive,ifi-irish-film-archive,Ireland,Europe,IE-IFI-IFA,National film archive,https://ifiarchiveplayer.ie/,True,True,https://ifiarchiveplayer.ie/,IFI Archive Player,https://ifiarchiveplayer.ie/gault/,gault,IFI Archive Player film record,Public film-page metadata exposed by the IFI Archive Player. The permalink represents a public viewing/metadata surface; MAR does not download or redistribute the audiovisual media and does not infer a licence to reproduce it.,
IFI Irish Film Archive,ifi-irish-film-archive,Ireland,Europe,IE-IFI-IFA,National film archive,https://ifiarchiveplayer.ie/,True,True,https://ifiarchiveplayer.ie/,IFI Archive Player,https://ifiarchiveplayer.ie/geist/,geist,IFI Archive Player film record,Public film-page metadata exposed by the IFI Archive Player. The permalink represents a public viewing/metadata surface; MAR does not download or redistribute the audiovisual media and does not infer a licence to reproduce it.,
IFI Irish Film Archive,ifi-irish-film-archive,Ireland,Europe,IE-IFI-IFA,National film archive,https://ifiarchiveplayer.ie/,True,True,https://ifiarchiveplayer.ie/,IFI Archive Player,https://ifiarchiveplayer.ie/general-michael-collins/,general michael collins,IFI Archive Player film record,Public film-page metadata exposed by the IFI Archive Player. The permalink represents a public viewing/metadata surface; MAR does not download or redistribute the audiovisual media and does not infer a licence to reproduce it.,
IFI Irish Film Archive,ifi-irish-film-archive,Ireland,Europe,IE-IFI-IFA,National film archive,https://ifiarchiveplayer.ie/,True,True,https://ifiarchiveplayer.ie/,IFI Archive Player,https://ifiarchiveplayer.ie/giant-rabbit/,giant rabbit,IFI Archive Player film record,Public film-page metadata exposed by the IFI Archive Player. The permalink represents a public viewing/metadata surface; MAR does not download or redistribute the audiovisual media and does not infer a licence to reproduce it.,
IFI Irish Film Archive,ifi-irish-film-archive,Ireland,Europe,IE-IFI-IFA,National film archive,https://ifiarchiveplayer.ie/,True,True,https://ifiarchiveplayer.ie/,IFI Archive Player,https://ifiarchiveplayer.ie/gift-of-bull-sent-to-pope/,gift of bull sent to pope,IFI Archive Player film record,Public film-page metadata exposed by the IFI Archive Player. The permalink represents a public viewing/metadata surface; MAR does not download or redistribute the audiovisual media and does not infer a licence to reproduce it.,
IFI Irish Film Archive,ifi-irish-film-archive,Ireland,Europe,IE-IFI-IFA,National film archive,https://ifiarchiveplayer.ie/,True,True,https://ifiarchiveplayer.ie/,IFI Archive Player,https://ifiarchiveplayer.ie/give-up-yer-aul-sins/,give up yer aul sins,IFI Archive Player film record,Public film-page metadata exposed by the IFI Archive Player. The permalink represents a public viewing/metadata surface; MAR does not download or redistribute the audiovisual media and does not infer a licence to reproduce it.,
IFI Irish Film Archive,ifi-irish-film-archive,Ireland,Europe,IE-IFI-IFA,National film archive,https://ifiarchiveplayer.ie/,True,True,https://ifiarchiveplayer.ie/,IFI Archive Player,https://ifiarchiveplayer.ie/glade/,glade,IFI Archive Player film record,Public film-page metadata exposed by the IFI Archive Player. The permalink represents a public viewing/metadata surface; MAR does not download or redistribute the audiovisual media and does not infer a licence to reproduce it.,
IFI Irish Film Archive,ifi-irish-film-archive,Ireland,Europe,IE-IFI-IFA,National film archive,https://ifiarchiveplayer.ie/,True,True,https://ifiarchiveplayer.ie/,IFI Archive Player,https://ifiarchiveplayer.ie/glamour-of-galway/,glamour of galway,IFI Archive Player film record,Public film-page metadata exposed by the IFI Archive Player. The permalink represents a public viewing/metadata surface; MAR does not download or redistribute the audiovisual media and does not infer a licence to reproduce it.,
IFI Irish Film Archive,ifi-irish-film-archive,Ireland,Europe,IE-IFI-IFA,National film archive,https://ifiarchiveplayer.ie/,True,True,https://ifiarchiveplayer.ie/,IFI Archive Player,https://ifiarchiveplayer.ie/gloucester-street-lenny-abrahamson/,gloucester street lenny abrahamson,IFI Archive Player film record,Public film-page metadata exposed by the IFI Archive Player. The permalink represents a public viewing/metadata surface; MAR does not download or redistribute the audiovisual media and does not infer a licence to reproduce it.,
IFI Irish Film Archive,ifi-irish-film-archive,Ireland,Europe,IE-IFI-IFA,National film archive,https://ifiarchiveplayer.ie/,True,True,https://ifiarchiveplayer.ie/,IFI Archive Player,https://ifiarchiveplayer.ie/going-down-well/,going down well,IFI Archive Player film record,Public film-page metadata exposed by the IFI Archive Player. The permalink represents a public viewing/metadata surface; MAR does not download or redistribute the audiovisual media and does not infer a licence to reproduce it.,
IFI Irish Film Archive,ifi-irish-film-archive,Ireland,Europe,IE-IFI-IFA,National film archive,https://ifiarchiveplayer.ie/,True,True,https://ifiarchiveplayer.ie/,IFI Archive Player,https://ifiarchiveplayer.ie/golden-vale-easi-singles/,golden vale easi singles,IFI Archive Player film record,Public film-page metadata exposed by the IFI Archive Player. The permalink represents a public viewing/metadata surface; MAR does not download or redistribute the audiovisual media and does not infer a licence to reproduce it.,
IFI Irish Film Archive,ifi-irish-film-archive,Ireland,Europe,IE-IFI-IFA,National film archive,https://ifiarchiveplayer.ie/,True,True,https://ifiarchiveplayer.ie/,IFI Archive Player,https://ifiarchiveplayer.ie/golf-in-ireland/,golf in ireland,IFI Archive Player film record,Public film-page metadata exposed by the IFI Archive Player. The permalink represents a public viewing/metadata surface; MAR does not download or redistribute the audiovisual media and does not infer a licence to reproduce it.,
IFI Irish Film Archive,ifi-irish-film-archive,Ireland,Europe,IE-IFI-IFA,National film archive,https://ifiarchiveplayer.ie/,True,True,https://ifiarchiveplayer.ie/,IFI Archive Player,https://ifiarchiveplayer.ie/good/,good,IFI Archive Player film record,Public film-page metadata exposed by the IFI Archive Player. The permalink represents a public viewing/metadata surface; MAR does not download or redistribute the audiovisual media and does not infer a licence to reproduce it.,
IFI Irish Film Archive,ifi-irish-film-archive,Ireland,Europe,IE-IFI-IFA,National film archive,https://ifiarchiveplayer.ie/,True,True,https://ifiarchiveplayer.ie/,IFI Archive Player,https://ifiarchiveplayer.ie/good-old-days/,good old days,IFI Archive Player film record,Public film-page metadata exposed by the IFI Archive Player. The permalink represents a public viewing/metadata surface; MAR does not download or redistribute the audiovisual media and does not infer a licence to reproduce it.,
IFI Irish Film Archive,ifi-irish-film-archive,Ireland,Europe,IE-IFI-IFA,National film archive,https://ifiarchiveplayer.ie/,True,True,https://ifiarchiveplayer.ie/,IFI Archive Player,https://ifiarchiveplayer.ie/goodbye-darling/,goodbye darling,IFI Archive Player film record,Public film-page metadata exposed by the IFI Archive Player. The permalink represents a public viewing/metadata surface; MAR does not download or redistribute the audiovisual media and does not infer a licence to reproduce it.,
IFI Irish Film Archive,ifi-irish-film-archive,Ireland,Europe,IE-IFI-IFA,National film archive,https://ifiarchiveplayer.ie/,True,True,https://ifiarchiveplayer.ie/,IFI Archive Player,https://ifiarchiveplayer.ie/goodness/,goodness,IFI Archive Player film record,Public film-page metadata exposed by the IFI Archive Player. The permalink represents a public viewing/metadata surface; MAR does not download or redistribute the audiovisual media and does not infer a licence to reproduce it.,
IFI Irish Film Archive,ifi-irish-film-archive,Ireland,Europe,IE-IFI-IFA,National film archive,https://ifiarchiveplayer.ie/,True,True,https://ifiarchiveplayer.ie/,IFI Archive Player,https://ifiarchiveplayer.ie/gormanstown-castle-water-polo-stars-in-training/,gormanstown castle water polo stars in training,IFI Archive Player film record,Public film-page metadata exposed by the IFI Archive Player. The permalink represents a public viewing/metadata surface; MAR does not download or redistribute the audiovisual media and does not infer a licence to reproduce it.,
IFI Irish Film Archive,ifi-irish-film-archive,Ireland,Europe,IE-IFI-IFA,National film archive,https://ifiarchiveplayer.ie/,True,True,https://ifiarchiveplayer.ie/,IFI Archive Player,https://ifiarchiveplayer.ie/government-announces-proposed-demolition-of-ballymun-flat-complex/,government announces proposed demolition of ballymun flat complex,IFI Archive Player film record,Public film-page metadata exposed by the IFI Archive Player. The permalink represents a public viewing/metadata surface; MAR does not download or redistribute the audiovisual media and does not infer a licence to reproduce it.,
IFI Irish Film Archive,ifi-irish-film-archive,Ireland,Europe,IE-IFI-IFA,National film archive,https://ifiarchiveplayer.ie/,True,True,https://ifiarchiveplayer.ie/,IFI Archive Player,https://ifiarchiveplayer.ie/governments-answer-to-de-valera/,governments answer to de valera,IFI Archive Player film record,Public film-page metadata exposed by the IFI Archive Player. The permalink represents a public viewing/metadata surface; MAR does not download or redistribute the audiovisual media and does not infer a licence to reproduce it.,
IFI Irish Film Archive,ifi-irish-film-archive,Ireland,Europe,IE-IFI-IFA,National film archive,https://ifiarchiveplayer.ie/,True,True,https://ifiarchiveplayer.ie/,IFI Archive Player,https://ifiarchiveplayer.ie/grandpa-speak-to-me-in-russian/,grandpa speak to me in russian,IFI Archive Player film record,Public film-page metadata exposed by the IFI Archive Player. The permalink represents a public viewing/metadata surface; MAR does not download or redistribute the audiovisual media and does not infer a licence to reproduce it.,
IFI Irish Film Archive,ifi-irish-film-archive,Ireland,Europe,IE-IFI-IFA,National film archive,https://ifiarchiveplayer.ie/,True,True,https://ifiarchiveplayer.ie/,IFI Archive Player,https://ifiarchiveplayer.ie/granite-and-chalk/,granite and chalk,IFI Archive Player film record,Public film-page metadata exposed by the IFI Archive Player. The permalink represents a public viewing/metadata surface; MAR does not download or redistribute the audiovisual media and does not infer a licence to reproduce it.,
IFI Irish Film Archive,ifi-irish-film-archive,Ireland,Europe,IE-IFI-IFA,National film archive,https://ifiarchiveplayer.ie/,True,True,https://ifiarchiveplayer.ie/,IFI Archive Player,https://ifiarchiveplayer.ie/granny-ogrimms-sleeping-beauty/,granny ogrimms sleeping beauty,IFI Archive Player film record,Public film-page metadata exposed by the IFI Archive Player. The permalink represents a public viewing/metadata surface; MAR does not download or redistribute the audiovisual media and does not infer a licence to reproduce it.,
IFI Irish Film Archive,ifi-irish-film-archive,Ireland,Europe,IE-IFI-IFA,National film archive,https://ifiarchiveplayer.ie/,True,True,https://ifiarchiveplayer.ie/,IFI Archive Player,https://ifiarchiveplayer.ie/guerrilla-warfare-in-ireland/,guerrilla warfare in ireland,IFI Archive Player film record,Public film-page metadata exposed by the IFI Archive Player. The permalink represents a public viewing/metadata surface; MAR does not download or redistribute the audiovisual media and does not infer a licence to reproduce it.,
IFI Irish Film Archive,ifi-irish-film-archive,Ireland,Europe,IE-IFI-IFA,National film archive,https://ifiarchiveplayer.ie/,True,True,https://ifiarchiveplayer.ie/,IFI Archive Player,https://ifiarchiveplayer.ie/guide-to-food/,guide to food,IFI Archive Player film record,Public film-page metadata exposed by the IFI Archive Player. The permalink represents a public viewing/metadata surface; MAR does not download or redistribute the audiovisual media and does not infer a licence to reproduce it.,
IFI Irish Film Archive,ifi-irish-film-archive,Ireland,Europe,IE-IFI-IFA,National film archive,https://ifiarchiveplayer.ie/,True,True,https://ifiarchiveplayer.ie/,IFI Archive Player,https://ifiarchiveplayer.ie/guinness-cinema/,guinness cinema,IFI Archive Player film record,Public film-page metadata exposed by the IFI Archive Player. The permalink represents a public viewing/metadata surface; MAR does not download or redistribute the audiovisual media and does not infer a licence to reproduce it.,
IFI Irish Film Archive,ifi-irish-film-archive,Ireland,Europe,IE-IFI-IFA,National film archive,https://ifiarchiveplayer.ie/,True,True,https://ifiarchiveplayer.ie/,IFI Archive Player,https://ifiarchiveplayer.ie/guinness-international/,guinness international,IFI Archive Player film record,Public film-page metadata exposed by the IFI Archive Player. The permalink represents a public viewing/metadata surface; MAR does not download or redistribute the audiovisual media and does not infer a licence to reproduce it.,
IFI Irish Film Archive,ifi-irish-film-archive,Ireland,Europe,IE-IFI-IFA,National film archive,https://ifiarchiveplayer.ie/,True,True,https://ifiarchiveplayer.ie/,IFI Archive Player,https://ifiarchiveplayer.ie/guinness-machine/,guinness machine,IFI Archive Player film record,Public film-page metadata exposed by the IFI Archive Player. The permalink represents a public viewing/metadata surface; MAR does not download or redistribute the audiovisual media and does not infer a licence to reproduce it.,
IFI Irish Film Archive,ifi-irish-film-archive,Ireland,Europe,IE-IFI-IFA,National film archive,https://ifiarchiveplayer.ie/,True,True,https://ifiarchiveplayer.ie/,IFI Archive Player,https://ifiarchiveplayer.ie/guinness-strength/,guinness strength,IFI Archive Player film record,Public film-page metadata exposed by the IFI Archive Player. The permalink represents a public viewing/metadata surface; MAR does not download or redistribute the audiovisual media and does not infer a licence to reproduce it.,
IFI Irish Film Archive,ifi-irish-film-archive,Ireland,Europe,IE-IFI-IFA,National film archive,https://ifiarchiveplayer.ie/,True,True,https://ifiarchiveplayer.ie/,IFI Archive Player,https://ifiarchiveplayer.ie/gun-dog-championship/,gun dog championship,IFI Archive Player film record,Public film-page metadata exposed by the IFI Archive Player. The permalink represents a public viewing/metadata surface; MAR does not download or redistribute the audiovisual media and does not infer a licence to reproduce it.,
IFI Irish Film Archive,ifi-irish-film-archive,Ireland,Europe,IE-IFI-IFA,National film archive,https://ifiarchiveplayer.ie/,True,True,https://ifiarchiveplayer.ie/,IFI Archive Player,https://ifiarchiveplayer.ie/hail-glorious-saint-patrick/,hail glorious saint patrick,IFI Archive Player film record,Public film-page metadata exposed by the IFI Archive Player. The permalink represents a public viewing/metadata surface; MAR does not download or redistribute the audiovisual media and does not infer a licence to reproduce it.,
IFI Irish Film Archive,ifi-irish-film-archive,Ireland,Europe,IE-IFI-IFA,National film archive,https://ifiarchiveplayer.ie/,True,True,https://ifiarchiveplayer.ie/,IFI Archive Player,https://ifiarchiveplayer.ie/hallowed-fire-the-art-of-evie-hone/,hallowed fire the art of evie hone,IFI Archive Player film record,Public film-page metadata exposed by the IFI Archive Player. The permalink represents a public viewing/metadata surface; MAR does not download or redistribute the audiovisual media and does not infer a licence to reproduce it.,
IFI Irish Film Archive,ifi-irish-film-archive,Ireland,Europe,IE-IFI-IFA,National film archive,https://ifiarchiveplayer.ie/,True,True,https://ifiarchiveplayer.ie/,IFI Archive Player,https://ifiarchiveplayer.ie/halpins-tea-up-and-down/,halpins tea up and down,IFI Archive Player film record,Public film-page metadata exposed by the IFI Archive Player. The permalink represents a public viewing/metadata surface; MAR does not download or redistribute the audiovisual media and does not infer a licence to reproduce it.,
IFI Irish Film Archive,ifi-irish-film-archive,Ireland,Europe,IE-IFI-IFA,National film archive,https://ifiarchiveplayer.ie/,True,True,https://ifiarchiveplayer.ie/,IFI Archive Player,https://ifiarchiveplayer.ie/happy-couple/,happy couple,IFI Archive Player film record,Public film-page metadata exposed by the IFI Archive Player. The permalink represents a public viewing/metadata surface; MAR does not download or redistribute the audiovisual media and does not infer a licence to reproduce it.,
IFI Irish Film Archive,ifi-irish-film-archive,Ireland,Europe,IE-IFI-IFA,National film archive,https://ifiarchiveplayer.ie/,True,True,https://ifiarchiveplayer.ie/,IFI Archive Player,https://ifiarchiveplayer.ie/harp/,harp,IFI Archive Player film record,Public film-page metadata exposed by the IFI Archive Player. The permalink represents a public viewing/metadata surface; MAR does not download or redistribute the audiovisual media and does not infer a licence to reproduce it.,
IFI Irish Film Archive,ifi-irish-film-archive,Ireland,Europe,IE-IFI-IFA,National film archive,https://ifiarchiveplayer.ie/,True,True,https://ifiarchiveplayer.ie/,IFI Archive Player,https://ifiarchiveplayer.ie/hat-march/,hat march,IFI Archive Player film record,Public film-page metadata exposed by the IFI Archive Player. The permalink represents a public viewing/metadata surface; MAR does not download or redistribute the audiovisual media and does not infer a licence to reproduce it.,
IFI Irish Film Archive,ifi-irish-film-archive,Ireland,Europe,IE-IFI-IFA,National film archive,https://ifiarchiveplayer.ie/,True,True,https://ifiarchiveplayer.ie/,IFI Archive Player,https://ifiarchiveplayer.ie/head-test/,head test,IFI Archive Player film record,Public film-page metadata exposed by the IFI Archive Player. The permalink represents a public viewing/metadata surface; MAR does not download or redistribute the audiovisual media and does not infer a licence to reproduce it.,
IFI Irish Film Archive,ifi-irish-film-archive,Ireland,Europe,IE-IFI-IFA,National film archive,https://ifiarchiveplayer.ie/,True,True,https://ifiarchiveplayer.ie/,IFI Archive Player,https://ifiarchiveplayer.ie/heroes-honoured/,heroes honoured,IFI Archive Player film record,Public film-page metadata exposed by the IFI Archive Player. The permalink represents a public viewing/metadata surface; MAR does not download or redistribute the audiovisual media and does not infer a licence to reproduce it.,
IFI Irish Film Archive,ifi-irish-film-archive,Ireland,Europe,IE-IFI-IFA,National film archive,https://ifiarchiveplayer.ie/,True,True,https://ifiarchiveplayer.ie/,IFI Archive Player,https://ifiarchiveplayer.ie/hibernian-insurance/,hibernian insurance,IFI Archive Player film record,Public film-page metadata exposed by the IFI Archive Player. The permalink represents a public viewing/metadata surface; MAR does not download or redistribute the audiovisual media and does not infer a licence to reproduce it.,
IFI Irish Film Archive,ifi-irish-film-archive,Ireland,Europe,IE-IFI-IFA,National film archive,https://ifiarchiveplayer.ie/,True,True,https://ifiarchiveplayer.ie/,IFI Archive Player,https://ifiarchiveplayer.ie/hidden-treasures-1/,hidden treasures 1,IFI Archive Player film record,Public film-page metadata exposed by the IFI Archive Player. The permalink represents a public viewing/metadata surface; MAR does not download or redistribute the audiovisual media and does not infer a licence to reproduce it.,
IFI Irish Film Archive,ifi-irish-film-archive,Ireland,Europe,IE-IFI-IFA,National film archive,https://ifiarchiveplayer.ie/,True,True,https://ifiarchiveplayer.ie/,IFI Archive Player,https://ifiarchiveplayer.ie/hidden-treasures-2/,hidden treasures 2,IFI Archive Player film record,Public film-page metadata exposed by the IFI Archive Player. The permalink represents a public viewing/metadata surface; MAR does not download or redistribute the audiovisual media and does not infer a licence to reproduce it.,
IFI Irish Film Archive,ifi-irish-film-archive,Ireland,Europe,IE-IFI-IFA,National film archive,https://ifiarchiveplayer.ie/,True,True,https://ifiarchiveplayer.ie/,IFI Archive Player,https://ifiarchiveplayer.ie/hidden-treasures-3/,hidden treasures 3,IFI Archive Player film record,Public film-page metadata exposed by the IFI Archive Player. The permalink represents a public viewing/metadata surface; MAR does not download or redistribute the audiovisual media and does not infer a licence to reproduce it.,
IFI Irish Film Archive,ifi-irish-film-archive,Ireland,Europe,IE-IFI-IFA,National film archive,https://ifiarchiveplayer.ie/,True,True,https://ifiarchiveplayer.ie/,IFI Archive Player,https://ifiarchiveplayer.ie/hidden-treasures-4/,hidden treasures 4,IFI Archive Player film record,Public film-page metadata exposed by the IFI Archive Player. The permalink represents a public viewing/metadata surface; MAR does not download or redistribute the audiovisual media and does not infer a licence to reproduce it.,
IFI Irish Film Archive,ifi-irish-film-archive,Ireland,Europe,IE-IFI-IFA,National film archive,https://ifiarchiveplayer.ie/,True,True,https://ifiarchiveplayer.ie/,IFI Archive Player,https://ifiarchiveplayer.ie/high-jinks-on-water-skies/,high jinks on water skies,IFI Archive Player film record,Public film-page metadata exposed by the IFI Archive Player. The permalink represents a public viewing/metadata surface; MAR does not download or redistribute the audiovisual media and does not infer a licence to reproduce it.,
IFI Irish Film Archive,ifi-irish-film-archive,Ireland,Europe,IE-IFI-IFA,National film archive,https://ifiarchiveplayer.ie/,True,True,https://ifiarchiveplayer.ie/,IFI Archive Player,https://ifiarchiveplayer.ie/hill-climb-car-race-at-kilpedder/,hill climb car race at kilpedder,IFI Archive Player film record,Public film-page metadata exposed by the IFI Archive Player. The permalink represents a public viewing/metadata surface; MAR does not download or redistribute the audiovisual media and does not infer a licence to reproduce it.,
IFI Irish Film Archive,ifi-irish-film-archive,Ireland,Europe,IE-IFI-IFA,National film archive,https://ifiarchiveplayer.ie/,True,True,https://ifiarchiveplayer.ie/,IFI Archive Player,https://ifiarchiveplayer.ie/his-grace-the-archbishop-of-dublin/,his grace the archbishop of dublin,IFI Archive Player film record,Public film-page metadata exposed by the IFI Archive Player. The permalink represents a public viewing/metadata surface; MAR does not download or redistribute the audiovisual media and does not infer a licence to reproduce it.,
IFI Irish Film Archive,ifi-irish-film-archive,Ireland,Europe,IE-IFI-IFA,National film archive,https://ifiarchiveplayer.ie/,True,True,https://ifiarchiveplayer.ie/,IFI Archive Player,https://ifiarchiveplayer.ie/his-mother/,his mother,IFI Archive Player film record,Public film-page metadata exposed by the IFI Archive Player. The permalink represents a public viewing/metadata surface; MAR does not download or redistribute the audiovisual media and does not infer a licence to reproduce it.,
IFI Irish Film Archive,ifi-irish-film-archive,Ireland,Europe,IE-IFI-IFA,National film archive,https://ifiarchiveplayer.ie/,True,True,https://ifiarchiveplayer.ie/,IFI Archive Player,https://ifiarchiveplayer.ie/historic-pictures/,historic pictures,IFI Archive Player film record,Public film-page metadata exposed by the IFI Archive Player. The permalink represents a public viewing/metadata surface; MAR does not download or redistribute the audiovisual media and does not infer a licence to reproduce it.,
IFI Irish Film Archive,ifi-irish-film-archive,Ireland,Europe,IE-IFI-IFA,National film archive,https://ifiarchiveplayer.ie/,True,True,https://ifiarchiveplayer.ie/,IFI Archive Player,https://ifiarchiveplayer.ie/historic-unionist-conference-at-liverpool/,historic unionist conference at liverpool,IFI Archive Player film record,Public film-page metadata exposed by the IFI Archive Player. The permalink represents a public viewing/metadata surface; MAR does not download or redistribute the audiovisual media and does not infer a licence to reproduce it.,
IFI Irish Film Archive,ifi-irish-film-archive,Ireland,Europe,IE-IFI-IFA,National film archive,https://ifiarchiveplayer.ie/,True,True,https://ifiarchiveplayer.ie/,IFI Archive Player,https://ifiarchiveplayer.ie/historical-material-republican-loans/,historical material republican loans,IFI Archive Player film record,Public film-page metadata exposed by the IFI Archive Player. The permalink represents a public viewing/metadata surface; MAR does not download or redistribute the audiovisual media and does not infer a licence to reproduce it.,
IFI Irish Film Archive,ifi-irish-film-archive,Ireland,Europe,IE-IFI-IFA,National film archive,https://ifiarchiveplayer.ie/,True,True,https://ifiarchiveplayer.ie/,IFI Archive Player,https://ifiarchiveplayer.ie/history-cinema/,history cinema,IFI Archive Player film record,Public film-page metadata exposed by the IFI Archive Player. The permalink represents a public viewing/metadata surface; MAR does not download or redistribute the audiovisual media and does not infer a licence to reproduce it.,
IFI Irish Film Archive,ifi-irish-film-archive,Ireland,Europe,IE-IFI-IFA,National film archive,https://ifiarchiveplayer.ie/,True,True,https://ifiarchiveplayer.ie/,IFI Archive Player,https://ifiarchiveplayer.ie/hoffmans-fireworks/,hoffmans fireworks,IFI Archive Player film record,Public film-page metadata exposed by the IFI Archive Player. The permalink represents a public viewing/metadata surface; MAR does not download or redistribute the audiovisual media and does not infer a licence to reproduce it.,
IFI Irish Film Archive,ifi-irish-film-archive,Ireland,Europe,IE-IFI-IFA,National film archive,https://ifiarchiveplayer.ie/,True,True,https://ifiarchiveplayer.ie/,IFI Archive Player,https://ifiarchiveplayer.ie/hoffmans-speedboat/,hoffmans speedboat,IFI Archive Player film record,Public film-page metadata exposed by the IFI Archive Player. The permalink represents a public viewing/metadata surface; MAR does not download or redistribute the audiovisual media and does not infer a licence to reproduce it.,
IFI Irish Film Archive,ifi-irish-film-archive,Ireland,Europe,IE-IFI-IFA,National film archive,https://ifiarchiveplayer.ie/,True,True,https://ifiarchiveplayer.ie/,IFI Archive Player,https://ifiarchiveplayer.ie/hold-on-tight/,hold on tight,IFI Archive Player film record,Public film-page metadata exposed by the IFI Archive Player. The permalink represents a public viewing/metadata surface; MAR does not download or redistribute the audiovisual media and does not infer a licence to reproduce it.,
IFI Irish Film Archive,ifi-irish-film-archive,Ireland,Europe,IE-IFI-IFA,National film archive,https://ifiarchiveplayer.ie/,True,True,https://ifiarchiveplayer.ie/,IFI Archive Player,https://ifiarchiveplayer.ie/holiday/,holiday,IFI Archive Player film record,Public film-page metadata exposed by the IFI Archive Player. The permalink represents a public viewing/metadata surface; MAR does not download or redistribute the audiovisual media and does not infer a licence to reproduce it.,
IFI Irish Film Archive,ifi-irish-film-archive,Ireland,Europe,IE-IFI-IFA,National film archive,https://ifiarchiveplayer.ie/,True,True,https://ifiarchiveplayer.ie/,IFI Archive Player,https://ifiarchiveplayer.ie/holiday-on-the-shannon/,holiday on the shannon,IFI Archive Player film record,Public film-page metadata exposed by the IFI Archive Player. The permalink represents a public viewing/metadata surface; MAR does not download or redistribute the audiovisual media and does not infer a licence to reproduce it.,
IFI Irish Film Archive,ifi-irish-film-archive,Ireland,Europe,IE-IFI-IFA,National film archive,https://ifiarchiveplayer.ie/,True,True,https://ifiarchiveplayer.ie/,IFI Archive Player,https://ifiarchiveplayer.ie/home/,home,IFI Archive Player film record,Public film-page metadata exposed by the IFI Archive Player. The permalink represents a public viewing/metadata surface; MAR does not download or redistribute the audiovisual media and does not infer a licence to reproduce it.,
IFI Irish Film Archive,ifi-irish-film-archive,Ireland,Europe,IE-IFI-IFA,National film archive,https://ifiarchiveplayer.ie/,True,True,https://ifiarchiveplayer.ie/,IFI Archive Player,https://ifiarchiveplayer.ie/home-sweet-home/,home sweet home,IFI Archive Player film record,Public film-page metadata exposed by the IFI Archive Player. The permalink represents a public viewing/metadata surface; MAR does not download or redistribute the audiovisual media and does not infer a licence to reproduce it.,
IFI Irish Film Archive,ifi-irish-film-archive,Ireland,Europe,IE-IFI-IFA,National film archive,https://ifiarchiveplayer.ie/,True,True,https://ifiarchiveplayer.ie/,IFI Archive Player,https://ifiarchiveplayer.ie/home-sweet-jail/,home sweet jail,IFI Archive Player film record,Public film-page metadata exposed by the IFI Archive Player. The permalink represents a public viewing/metadata surface; MAR does not download or redistribute the audiovisual media and does not infer a licence to reproduce it.,
IFI Irish Film Archive,ifi-irish-film-archive,Ireland,Europe,IE-IFI-IFA,National film archive,https://ifiarchiveplayer.ie/,True,True,https://ifiarchiveplayer.ie/,IFI Archive Player,https://ifiarchiveplayer.ie/hop-farm/,hop farm,IFI Archive Player film record,Public film-page metadata exposed by the IFI Archive Player. The permalink represents a public viewing/metadata surface; MAR does not download or redistribute the audiovisual media and does not infer a licence to reproduce it.,
IFI Irish Film Archive,ifi-irish-film-archive,Ireland,Europe,IE-IFI-IFA,National film archive,https://ifiarchiveplayer.ie/,True,True,https://ifiarchiveplayer.ie/,IFI Archive Player,https://ifiarchiveplayer.ie/horse-sense/,horse sense,IFI Archive Player film record,Public film-page metadata exposed by the IFI Archive Player. The permalink represents a public viewing/metadata surface; MAR does not download or redistribute the audiovisual media and does not infer a licence to reproduce it.,
IFI Irish Film Archive,ifi-irish-film-archive,Ireland,Europe,IE-IFI-IFA,National film archive,https://ifiarchiveplayer.ie/,True,True,https://ifiarchiveplayer.ie/,IFI Archive Player,https://ifiarchiveplayer.ie/hospitality-courses/,hospitality courses,IFI Archive Player film record,Public film-page metadata exposed by the IFI Archive Player. The permalink represents a public viewing/metadata surface; MAR does not download or redistribute the audiovisual media and does not infer a licence to reproduce it.,
IFI Irish Film Archive,ifi-irish-film-archive,Ireland,Europe,IE-IFI-IFA,National film archive,https://ifiarchiveplayer.ie/,True,True,https://ifiarchiveplayer.ie/,IFI Archive Player,https://ifiarchiveplayer.ie/house-party/,house party,IFI Archive Player film record,Public film-page metadata exposed by the IFI Archive Player. The permalink represents a public viewing/metadata surface; MAR does not download or redistribute the audiovisual media and does not infer a licence to reproduce it.,
IFI Irish Film Archive,ifi-irish-film-archive,Ireland,Europe,IE-IFI-IFA,National film archive,https://ifiarchiveplayer.ie/,True,True,https://ifiarchiveplayer.ie/,IFI Archive Player,https://ifiarchiveplayer.ie/housing-discrimination/,housing discrimination,IFI Archive Player film record,Public film-page metadata exposed by the IFI Archive Player. The permalink represents a public viewing/metadata surface; MAR does not download or redistribute the audiovisual media and does not infer a licence to reproduce it.,
IFI Irish Film Archive,ifi-irish-film-archive,Ireland,Europe,IE-IFI-IFA,National film archive,https://ifiarchiveplayer.ie/,True,True,https://ifiarchiveplayer.ie/,IFI Archive Player,https://ifiarchiveplayer.ie/housing-discrimination-2/,housing discrimination 2,IFI Archive Player film record,Public film-page metadata exposed by the IFI Archive Player. The permalink represents a public viewing/metadata surface; MAR does not download or redistribute the audiovisual media and does not infer a licence to reproduce it.,
IFI Irish Film Archive,ifi-irish-film-archive,Ireland,Europe,IE-IFI-IFA,National film archive,https://ifiarchiveplayer.ie/,True,True,https://ifiarchiveplayer.ie/,IFI Archive Player,https://ifiarchiveplayer.ie/hunting-in-full-swing-in-irish-free-state/,hunting in full swing in irish free state,IFI Archive Player film record,Public film-page metadata exposed by the IFI Archive Player. The permalink represents a public viewing/metadata surface; MAR does not download or redistribute the audiovisual media and does not infer a licence to reproduce it.,
IFI Irish Film Archive,ifi-irish-film-archive,Ireland,Europe,IE-IFI-IFA,National film archive,https://ifiarchiveplayer.ie/,True,True,https://ifiarchiveplayer.ie/,IFI Archive Player,https://ifiarchiveplayer.ie/hurling/,hurling,IFI Archive Player film record,Public film-page metadata exposed by the IFI Archive Player. The permalink represents a public viewing/metadata surface; MAR does not download or redistribute the audiovisual media and does not infer a licence to reproduce it.,
IFI Irish Film Archive,ifi-irish-film-archive,Ireland,Europe,IE-IFI-IFA,National film archive,https://ifiarchiveplayer.ie/,True,True,https://ifiarchiveplayer.ie/,IFI Archive Player,https://ifiarchiveplayer.ie/hurling-nihongaels-setanta/,hurling nihongaels setanta,IFI Archive Player film record,Public film-page metadata exposed by the IFI Archive Player. The permalink represents a public viewing/metadata surface; MAR does not download or redistribute the audiovisual media and does not infer a licence to reproduce it.,
IFI Irish Film Archive,ifi-irish-film-archive,Ireland,Europe,IE-IFI-IFA,National film archive,https://ifiarchiveplayer.ie/,True,True,https://ifiarchiveplayer.ie/,IFI Archive Player,https://ifiarchiveplayer.ie/huzzar-vodka/,huzzar vodka,IFI Archive Player film record,Public film-page metadata exposed by the IFI Archive Player. The permalink represents a public viewing/metadata surface; MAR does not download or redistribute the audiovisual media and does not infer a licence to reproduce it.,
IFI Irish Film Archive,ifi-irish-film-archive,Ireland,Europe,IE-IFI-IFA,National film archive,https://ifiarchiveplayer.ie/,True,True,https://ifiarchiveplayer.ie/,IFI Archive Player,https://ifiarchiveplayer.ie/i-am/,i am,IFI Archive Player film record,Public film-page metadata exposed by the IFI Archive Player. The permalink represents a public viewing/metadata surface; MAR does not download or redistribute the audiovisual media and does not infer a licence to reproduce it.,
IFI Irish Film Archive,ifi-irish-film-archive,Ireland,Europe,IE-IFI-IFA,National film archive,https://ifiarchiveplayer.ie/,True,True,https://ifiarchiveplayer.ie/,IFI Archive Player,https://ifiarchiveplayer.ie/i-want-peace/,i want peace,IFI Archive Player film record,Public film-page metadata exposed by the IFI Archive Player. The permalink represents a public viewing/metadata surface; MAR does not download or redistribute the audiovisual media and does not infer a licence to reproduce it.,
IFI Irish Film Archive,ifi-irish-film-archive,Ireland,Europe,IE-IFI-IFA,National film archive,https://ifiarchiveplayer.ie/,True,True,https://ifiarchiveplayer.ie/,IFI Archive Player,https://ifiarchiveplayer.ie/ica-congress-discusses-rural-water-supplies/,ica congress discusses rural water supplies,IFI Archive Player film record,Public film-page metadata exposed by the IFI Archive Player. The permalink represents a public viewing/metadata surface; MAR does not download or redistribute the audiovisual media and does not infer a licence to reproduce it.,
IFI Irish Film Archive,ifi-irish-film-archive,Ireland,Europe,IE-IFI-IFA,National film archive,https://ifiarchiveplayer.ie/,True,True,https://ifiarchiveplayer.ie/,IFI Archive Player,https://ifiarchiveplayer.ie/ica-members-at-novel-cookery-course/,ica members at novel cookery course,IFI Archive Player film record,Public film-page metadata exposed by the IFI Archive Player. The permalink represents a public viewing/metadata surface; MAR does not download or redistribute the audiovisual media and does not infer a licence to reproduce it.,
IFI Irish Film Archive,ifi-irish-film-archive,Ireland,Europe,IE-IFI-IFA,National film archive,https://ifiarchiveplayer.ie/,True,True,https://ifiarchiveplayer.ie/,IFI Archive Player,https://ifiarchiveplayer.ie/if-these-walls-could-talk/,if these walls could talk,IFI Archive Player film record,Public film-page metadata exposed by the IFI Archive Player. The permalink represents a public viewing/metadata surface; MAR does not download or redistribute the audiovisual media and does not infer a licence to reproduce it.,
IFI Irish Film Archive,ifi-irish-film-archive,Ireland,Europe,IE-IFI-IFA,National film archive,https://ifiarchiveplayer.ie/,True,True,https://ifiarchiveplayer.ie/,IFI Archive Player,https://ifiarchiveplayer.ie/ifi-player-filmmaker-playlist-lenny-abrahamson/,ifi player filmmaker playlist lenny abrahamson,IFI Archive Player film record,Public film-page metadata exposed by the IFI Archive Player. The permalink represents a public viewing/metadata surface; MAR does not download or redistribute the audiovisual media and does not infer a licence to reproduce it.,
IFI Irish Film Archive,ifi-irish-film-archive,Ireland,Europe,IE-IFI-IFA,National film archive,https://ifiarchiveplayer.ie/,True,True,https://ifiarchiveplayer.ie/,IFI Archive Player,https://ifiarchiveplayer.ie/ike-in-wexford/,ike in wexford,IFI Archive Player film record,Public film-page metadata exposed by the IFI Archive Player. The permalink represents a public viewing/metadata surface; MAR does not download or redistribute the audiovisual media and does not infer a licence to reproduce it.,
IFI Irish Film Archive,ifi-irish-film-archive,Ireland,Europe,IE-IFI-IFA,National film archive,https://ifiarchiveplayer.ie/,True,True,https://ifiarchiveplayer.ie/,IFI Archive Player,https://ifiarchiveplayer.ie/impressive-religious-ceremony/,impressive religious ceremony,IFI Archive Player film record,Public film-page metadata exposed by the IFI Archive Player. The permalink represents a public viewing/metadata surface; MAR does not download or redistribute the audiovisual media and does not infer a licence to reproduce it.,
IFI Irish Film Archive,ifi-irish-film-archive,Ireland,Europe,IE-IFI-IFA,National film archive,https://ifiarchiveplayer.ie/,True,True,https://ifiarchiveplayer.ie/,IFI Archive Player,https://ifiarchiveplayer.ie/imprint-bernard-maclaverty/,imprint bernard maclaverty,IFI Archive Player film record,Public film-page metadata exposed by the IFI Archive Player. The permalink represents a public viewing/metadata surface; MAR does not download or redistribute the audiovisual media and does not infer a licence to reproduce it.,
IFI Irish Film Archive,ifi-irish-film-archive,Ireland,Europe,IE-IFI-IFA,National film archive,https://ifiarchiveplayer.ie/,True,True,https://ifiarchiveplayer.ie/,IFI Archive Player,https://ifiarchiveplayer.ie/imprint-brendan-kennelly/,imprint brendan kennelly,IFI Archive Player film record,Public film-page metadata exposed by the IFI Archive Player. The permalink represents a public viewing/metadata surface; MAR does not download or redistribute the audiovisual media and does not infer a licence to reproduce it.,
IFI Irish Film Archive,ifi-irish-film-archive,Ireland,Europe,IE-IFI-IFA,National film archive,https://ifiarchiveplayer.ie/,True,True,https://ifiarchiveplayer.ie/,IFI Archive Player,https://ifiarchiveplayer.ie/imprint-colm-toibin/,imprint colm toibin,IFI Archive Player film record,Public film-page metadata exposed by the IFI Archive Player. The permalink represents a public viewing/metadata surface; MAR does not download or redistribute the audiovisual media and does not infer a licence to reproduce it.,
IFI Irish Film Archive,ifi-irish-film-archive,Ireland,Europe,IE-IFI-IFA,National film archive,https://ifiarchiveplayer.ie/,True,True,https://ifiarchiveplayer.ie/,IFI Archive Player,https://ifiarchiveplayer.ie/imprint-dermot-bolger/,imprint dermot bolger,IFI Archive Player film record,Public film-page metadata exposed by the IFI Archive Player. The permalink represents a public viewing/metadata surface; MAR does not download or redistribute the audiovisual media and does not infer a licence to reproduce it.,
IFI Irish Film Archive,ifi-irish-film-archive,Ireland,Europe,IE-IFI-IFA,National film archive,https://ifiarchiveplayer.ie/,True,True,https://ifiarchiveplayer.ie/,IFI Archive Player,https://ifiarchiveplayer.ie/imprint-doris-lessing/,imprint doris lessing,IFI Archive Player film record,Public film-page metadata exposed by the IFI Archive Player. The permalink represents a public viewing/metadata surface; MAR does not download or redistribute the audiovisual media and does not infer a licence to reproduce it.,
IFI Irish Film Archive,ifi-irish-film-archive,Ireland,Europe,IE-IFI-IFA,National film archive,https://ifiarchiveplayer.ie/,True,True,https://ifiarchiveplayer.ie/,IFI Archive Player,https://ifiarchiveplayer.ie/imprint-eavan-boland/,imprint eavan boland,IFI Archive Player film record,Public film-page metadata exposed by the IFI Archive Player. The permalink represents a public viewing/metadata surface; MAR does not download or redistribute the audiovisual media and does not infer a licence to reproduce it.,
IFI Irish Film Archive,ifi-irish-film-archive,Ireland,Europe,IE-IFI-IFA,National film archive,https://ifiarchiveplayer.ie/,True,True,https://ifiarchiveplayer.ie/,IFI Archive Player,https://ifiarchiveplayer.ie/imprint-edward-said/,imprint edward said,IFI Archive Player film record,Public film-page metadata exposed by the IFI Archive Player. The permalink represents a public viewing/metadata surface; MAR does not download or redistribute the audiovisual media and does not infer a licence to reproduce it.,
IFI Irish Film Archive,ifi-irish-film-archive,Ireland,Europe,IE-IFI-IFA,National film archive,https://ifiarchiveplayer.ie/,True,True,https://ifiarchiveplayer.ie/,IFI Archive Player,https://ifiarchiveplayer.ie/imprint-gore-vidal/,imprint gore vidal,IFI Archive Player film record,Public film-page metadata exposed by the IFI Archive Player. The permalink represents a public viewing/metadata surface; MAR does not download or redistribute the audiovisual media and does not infer a licence to reproduce it.,
IFI Irish Film Archive,ifi-irish-film-archive,Ireland,Europe,IE-IFI-IFA,National film archive,https://ifiarchiveplayer.ie/,True,True,https://ifiarchiveplayer.ie/,IFI Archive Player,https://ifiarchiveplayer.ie/imprint-hugh-leonard/,imprint hugh leonard,IFI Archive Player film record,Public film-page metadata exposed by the IFI Archive Player. The permalink represents a public viewing/metadata surface; MAR does not download or redistribute the audiovisual media and does not infer a licence to reproduce it.,
IFI Irish Film Archive,ifi-irish-film-archive,Ireland,Europe,IE-IFI-IFA,National film archive,https://ifiarchiveplayer.ie/,True,True,https://ifiarchiveplayer.ie/,IFI Archive Player,https://ifiarchiveplayer.ie/imprint-intro/,imprint intro,IFI Archive Player film record,Public film-page metadata exposed by the IFI Archive Player. The permalink represents a public viewing/metadata surface; MAR does not download or redistribute the audiovisual media and does not infer a licence to reproduce it.,
IFI Irish Film Archive,ifi-irish-film-archive,Ireland,Europe,IE-IFI-IFA,National film archive,https://ifiarchiveplayer.ie/,True,True,https://ifiarchiveplayer.ie/,IFI Archive Player,https://ifiarchiveplayer.ie/imprint-jennifer-johnston/,imprint jennifer johnston,IFI Archive Player film record,Public film-page metadata exposed by the IFI Archive Player. The permalink represents a public viewing/metadata surface; MAR does not download or redistribute the audiovisual media and does not infer a licence to reproduce it.,
IFI Irish Film Archive,ifi-irish-film-archive,Ireland,Europe,IE-IFI-IFA,National film archive,https://ifiarchiveplayer.ie/,True,True,https://ifiarchiveplayer.ie/,IFI Archive Player,https://ifiarchiveplayer.ie/imprint-jg-ballard/,imprint jg ballard,IFI Archive Player film record,Public film-page metadata exposed by the IFI Archive Player. The permalink represents a public viewing/metadata surface; MAR does not download or redistribute the audiovisual media and does not infer a licence to reproduce it.,
IFI Irish Film Archive,ifi-irish-film-archive,Ireland,Europe,IE-IFI-IFA,National film archive,https://ifiarchiveplayer.ie/,True,True,https://ifiarchiveplayer.ie/,IFI Archive Player,https://ifiarchiveplayer.ie/imprint-john-montague/,imprint john montague,IFI Archive Player film record,Public film-page metadata exposed by the IFI Archive Player. The permalink represents a public viewing/metadata surface; MAR does not download or redistribute the audiovisual media and does not infer a licence to reproduce it.,
IFI Irish Film Archive,ifi-irish-film-archive,Ireland,Europe,IE-IFI-IFA,National film archive,https://ifiarchiveplayer.ie/,True,True,https://ifiarchiveplayer.ie/,IFI Archive Player,https://ifiarchiveplayer.ie/imprint-joseph-oconnor/,imprint joseph oconnor,IFI Archive Player film record,Public film-page metadata exposed by the IFI Archive Player. The permalink represents a public viewing/metadata surface; MAR does not download or redistribute the audiovisual media and does not infer a licence to reproduce it.,
IFI Irish Film Archive,ifi-irish-film-archive,Ireland,Europe,IE-IFI-IFA,National film archive,https://ifiarchiveplayer.ie/,True,True,https://ifiarchiveplayer.ie/,IFI Archive Player,https://ifiarchiveplayer.ie/imprint-leland-bardwell/,imprint leland bardwell,IFI Archive Player film record,Public film-page metadata exposed by the IFI Archive Player. The permalink represents a public viewing/metadata surface; MAR does not download or redistribute the audiovisual media and does not infer a licence to reproduce it.,
IFI Irish Film Archive,ifi-irish-film-archive,Ireland,Europe,IE-IFI-IFA,National film archive,https://ifiarchiveplayer.ie/,True,True,https://ifiarchiveplayer.ie/,IFI Archive Player,https://ifiarchiveplayer.ie/imprint-margaret-atwood/,imprint margaret atwood,IFI Archive Player film record,Public film-page metadata exposed by the IFI Archive Player. The permalink represents a public viewing/metadata surface; MAR does not download or redistribute the audiovisual media and does not infer a licence to reproduce it.,
IFI Irish Film Archive,ifi-irish-film-archive,Ireland,Europe,IE-IFI-IFA,National film archive,https://ifiarchiveplayer.ie/,True,True,https://ifiarchiveplayer.ie/,IFI Archive Player,https://ifiarchiveplayer.ie/imprint-michael-longley/,imprint michael longley,IFI Archive Player film record,Public film-page metadata exposed by the IFI Archive Player. The permalink represents a public viewing/metadata surface; MAR does not download or redistribute the audiovisual media and does not infer a licence to reproduce it.,
IFI Irish Film Archive,ifi-irish-film-archive,Ireland,Europe,IE-IFI-IFA,National film archive,https://ifiarchiveplayer.ie/,True,True,https://ifiarchiveplayer.ie/,IFI Archive Player,https://ifiarchiveplayer.ie/imprint-nuala-ni-dhomnaill/,imprint nuala ni dhomnaill,IFI Archive Player film record,Public film-page metadata exposed by the IFI Archive Player. The permalink represents a public viewing/metadata surface; MAR does not download or redistribute the audiovisual media and does not infer a licence to reproduce it.,
IFI Irish Film Archive,ifi-irish-film-archive,Ireland,Europe,IE-IFI-IFA,National film archive,https://ifiarchiveplayer.ie/,True,True,https://ifiarchiveplayer.ie/,IFI Archive Player,https://ifiarchiveplayer.ie/imprint-paul-durcan/,imprint paul durcan,IFI Archive Player film record,Public film-page metadata exposed by the IFI Archive Player. The permalink represents a public viewing/metadata surface; MAR does not download or redistribute the audiovisual media and does not infer a licence to reproduce it.,
IFI Irish Film Archive,ifi-irish-film-archive,Ireland,Europe,IE-IFI-IFA,National film archive,https://ifiarchiveplayer.ie/,True,True,https://ifiarchiveplayer.ie/,IFI Archive Player,https://ifiarchiveplayer.ie/imprint-richard-ford/,imprint richard ford,IFI Archive Player film record,Public film-page metadata exposed by the IFI Archive Player. The permalink represents a public viewing/metadata surface; MAR does not download or redistribute the audiovisual media and does not infer a licence to reproduce it.,
IFI Irish Film Archive,ifi-irish-film-archive,Ireland,Europe,IE-IFI-IFA,National film archive,https://ifiarchiveplayer.ie/,True,True,https://ifiarchiveplayer.ie/,IFI Archive Player,https://ifiarchiveplayer.ie/imprint-thomas-kilroy/,imprint thomas kilroy,IFI Archive Player film record,Public film-page metadata exposed by the IFI Archive Player. The permalink represents a public viewing/metadata surface; MAR does not download or redistribute the audiovisual media and does not infer a licence to reproduce it.,
IFI Irish Film Archive,ifi-irish-film-archive,Ireland,Europe,IE-IFI-IFA,National film archive,https://ifiarchiveplayer.ie/,True,True,https://ifiarchiveplayer.ie/,IFI Archive Player,https://ifiarchiveplayer.ie/in-the-city/,in the city,IFI Archive Player film record,Public film-page metadata exposed by the IFI Archive Player. The permalink represents a public viewing/metadata surface; MAR does not download or redistribute the audiovisual media and does not infer a licence to reproduce it.,
IFI Irish Film Archive,ifi-irish-film-archive,Ireland,Europe,IE-IFI-IFA,National film archive,https://ifiarchiveplayer.ie/,True,True,https://ifiarchiveplayer.ie/,IFI Archive Player,https://ifiarchiveplayer.ie/in-the-country/,in the country,IFI Archive Player film record,Public film-page metadata exposed by the IFI Archive Player. The permalink represents a public viewing/metadata surface; MAR does not download or redistribute the audiovisual media and does not infer a licence to reproduce it.,
IFI Irish Film Archive,ifi-irish-film-archive,Ireland,Europe,IE-IFI-IFA,National film archive,https://ifiarchiveplayer.ie/,True,True,https://ifiarchiveplayer.ie/,IFI Archive Player,https://ifiarchiveplayer.ie/in-wicklow-hills-lenny-abrahamson/,in wicklow hills lenny abrahamson,IFI Archive Player film record,Public film-page metadata exposed by the IFI Archive Player. The permalink represents a public viewing/metadata surface; MAR does not download or redistribute the audiovisual media and does not infer a licence to reproduce it.,
IFI Irish Film Archive,ifi-irish-film-archive,Ireland,Europe,IE-IFI-IFA,National film archive,https://ifiarchiveplayer.ie/,True,True,https://ifiarchiveplayer.ie/,IFI Archive Player,https://ifiarchiveplayer.ie/inishturk-relieved-supplies-by-helicopter/,inishturk relieved supplies by helicopter,IFI Archive Player film record,Public film-page metadata exposed by the IFI Archive Player. The permalink represents a public viewing/metadata surface; MAR does not download or redistribute the audiovisual media and does not infer a licence to reproduce it.,
IFI Irish Film Archive,ifi-irish-film-archive,Ireland,Europe,IE-IFI-IFA,National film archive,https://ifiarchiveplayer.ie/,True,True,https://ifiarchiveplayer.ie/,IFI Archive Player,https://ifiarchiveplayer.ie/innovation-in-schoolrooms-prefabrication/,innovation in schoolrooms prefabrication,IFI Archive Player film record,Public film-page metadata exposed by the IFI Archive Player. The permalink represents a public viewing/metadata surface; MAR does not download or redistribute the audiovisual media and does not infer a licence to reproduce it.,
IFI Irish Film Archive,ifi-irish-film-archive,Ireland,Europe,IE-IFI-IFA,National film archive,https://ifiarchiveplayer.ie/,True,True,https://ifiarchiveplayer.ie/,IFI Archive Player,https://ifiarchiveplayer.ie/inter-county-badminton/,inter county badminton,IFI Archive Player film record,Public film-page metadata exposed by the IFI Archive Player. The permalink represents a public viewing/metadata surface; MAR does not download or redistribute the audiovisual media and does not infer a licence to reproduce it.,
IFI Irish Film Archive,ifi-irish-film-archive,Ireland,Europe,IE-IFI-IFA,National film archive,https://ifiarchiveplayer.ie/,True,True,https://ifiarchiveplayer.ie/,IFI Archive Player,https://ifiarchiveplayer.ie/international-boxing-germany-v-ireland/,international boxing germany v ireland,IFI Archive Player film record,Public film-page metadata exposed by the IFI Archive Player. The permalink represents a public viewing/metadata surface; MAR does not download or redistribute the audiovisual media and does not infer a licence to reproduce it.,
IFI Irish Film Archive,ifi-irish-film-archive,Ireland,Europe,IE-IFI-IFA,National film archive,https://ifiarchiveplayer.ie/,True,True,https://ifiarchiveplayer.ie/,IFI Archive Player,https://ifiarchiveplayer.ie/international-boxing-ireland-v-usa/,international boxing ireland v usa,IFI Archive Player film record,Public film-page metadata exposed by the IFI Archive Player. The permalink represents a public viewing/metadata surface; MAR does not download or redistribute the audiovisual media and does not infer a licence to reproduce it.,
IFI Irish Film Archive,ifi-irish-film-archive,Ireland,Europe,IE-IFI-IFA,National film archive,https://ifiarchiveplayer.ie/,True,True,https://ifiarchiveplayer.ie/,IFI Archive Player,https://ifiarchiveplayer.ie/international-exhibition-of-childrens-art/,international exhibition of childrens art,IFI Archive Player film record,Public film-page metadata exposed by the IFI Archive Player. The permalink represents a public viewing/metadata surface; MAR does not download or redistribute the audiovisual media and does not infer a licence to reproduce it.,
IFI Irish Film Archive,ifi-irish-film-archive,Ireland,Europe,IE-IFI-IFA,National film archive,https://ifiarchiveplayer.ie/,True,True,https://ifiarchiveplayer.ie/,IFI Archive Player,https://ifiarchiveplayer.ie/interprovincial-rowing-finals/,interprovincial rowing finals,IFI Archive Player film record,Public film-page metadata exposed by the IFI Archive Player. The permalink represents a public viewing/metadata surface; MAR does not download or redistribute the audiovisual media and does not infer a licence to reproduce it.,
IFI Irish Film Archive,ifi-irish-film-archive,Ireland,Europe,IE-IFI-IFA,National film archive,https://ifiarchiveplayer.ie/,True,True,https://ifiarchiveplayer.ie/,IFI Archive Player,https://ifiarchiveplayer.ie/into-the-abyss/,into the abyss,IFI Archive Player film record,Public film-page metadata exposed by the IFI Archive Player. The permalink represents a public viewing/metadata surface; MAR does not download or redistribute the audiovisual media and does not infer a licence to reproduce it.,
IFI Irish Film Archive,ifi-irish-film-archive,Ireland,Europe,IE-IFI-IFA,National film archive,https://ifiarchiveplayer.ie/,True,True,https://ifiarchiveplayer.ie/,IFI Archive Player,https://ifiarchiveplayer.ie/introduction-to-the-irish-free-state/,introduction to the irish free state,IFI Archive Player film record,Public film-page metadata exposed by the IFI Archive Player. The permalink represents a public viewing/metadata surface; MAR does not download or redistribute the audiovisual media and does not infer a licence to reproduce it.,
IFI Irish Film Archive,ifi-irish-film-archive,Ireland,Europe,IE-IFI-IFA,National film archive,https://ifiarchiveplayer.ie/,True,True,https://ifiarchiveplayer.ie/,IFI Archive Player,https://ifiarchiveplayer.ie/invasion-of-limerick/,invasion of limerick,IFI Archive Player film record,Public film-page metadata exposed by the IFI Archive Player. The permalink represents a public viewing/metadata surface; MAR does not download or redistribute the audiovisual media and does not infer a licence to reproduce it.,
IFI Irish Film Archive,ifi-irish-film-archive,Ireland,Europe,IE-IFI-IFA,National film archive,https://ifiarchiveplayer.ie/,True,True,https://ifiarchiveplayer.ie/,IFI Archive Player,https://ifiarchiveplayer.ie/ireland-france-student-exchange-scheme-by-caravelle-jet/,ireland france student exchange scheme by caravelle jet,IFI Archive Player film record,Public film-page metadata exposed by the IFI Archive Player. The permalink represents a public viewing/metadata surface; MAR does not download or redistribute the audiovisual media and does not infer a licence to reproduce it.,
IFI Irish Film Archive,ifi-irish-film-archive,Ireland,Europe,IE-IFI-IFA,National film archive,https://ifiarchiveplayer.ie/,True,True,https://ifiarchiveplayer.ie/,IFI Archive Player,https://ifiarchiveplayer.ie/ireland-healing-her-wounds/,ireland healing her wounds,IFI Archive Player film record,Public film-page metadata exposed by the IFI Archive Player. The permalink represents a public viewing/metadata surface; MAR does not download or redistribute the audiovisual media and does not infer a licence to reproduce it.,
IFI Irish Film Archive,ifi-irish-film-archive,Ireland,Europe,IE-IFI-IFA,National film archive,https://ifiarchiveplayer.ie/,True,True,https://ifiarchiveplayer.ie/,IFI Archive Player,https://ifiarchiveplayer.ie/ireland-in-a-horse-drawn-caravan/,ireland in a horse drawn caravan,IFI Archive Player film record,Public film-page metadata exposed by the IFI Archive Player. The permalink represents a public viewing/metadata surface; MAR does not download or redistribute the audiovisual media and does not infer a licence to reproduce it.,
IFI Irish Film Archive,ifi-irish-film-archive,Ireland,Europe,IE-IFI-IFA,National film archive,https://ifiarchiveplayer.ie/,True,True,https://ifiarchiveplayer.ie/,IFI Archive Player,https://ifiarchiveplayer.ie/ireland-in-spring/,ireland in spring,IFI Archive Player film record,Public film-page metadata exposed by the IFI Archive Player. The permalink represents a public viewing/metadata surface; MAR does not download or redistribute the audiovisual media and does not infer a licence to reproduce it.,
IFI Irish Film Archive,ifi-irish-film-archive,Ireland,Europe,IE-IFI-IFA,National film archive,https://ifiarchiveplayer.ie/,True,True,https://ifiarchiveplayer.ie/,IFI Archive Player,https://ifiarchiveplayer.ie/irelands-agony/,irelands agony,IFI Archive Player film record,Public film-page metadata exposed by the IFI Archive Player. The permalink represents a public viewing/metadata surface; MAR does not download or redistribute the audiovisual media and does not infer a licence to reproduce it.,
IFI Irish Film Archive,ifi-irish-film-archive,Ireland,Europe,IE-IFI-IFA,National film archive,https://ifiarchiveplayer.ie/,True,True,https://ifiarchiveplayer.ie/,IFI Archive Player,https://ifiarchiveplayer.ie/irelands-agony-2/,irelands agony 2,IFI Archive Player film record,Public film-page metadata exposed by the IFI Archive Player. The permalink represents a public viewing/metadata surface; MAR does not download or redistribute the audiovisual media and does not infer a licence to reproduce it.,
IFI Irish Film Archive,ifi-irish-film-archive,Ireland,Europe,IE-IFI-IFA,National film archive,https://ifiarchiveplayer.ie/,True,True,https://ifiarchiveplayer.ie/,IFI Archive Player,https://ifiarchiveplayer.ie/irelands-fate-decided-in-the-highlands/,irelands fate decided in the highlands,IFI Archive Player film record,Public film-page metadata exposed by the IFI Archive Player. The permalink represents a public viewing/metadata surface; MAR does not download or redistribute the audiovisual media and does not infer a licence to reproduce it.,
IFI Irish Film Archive,ifi-irish-film-archive,Ireland,Europe,IE-IFI-IFA,National film archive,https://ifiarchiveplayer.ie/,True,True,https://ifiarchiveplayer.ie/,IFI Archive Player,https://ifiarchiveplayer.ie/irelands-first-oil-fired-power-station/,irelands first oil fired power station,IFI Archive Player film record,Public film-page metadata exposed by the IFI Archive Player. The permalink represents a public viewing/metadata surface; MAR does not download or redistribute the audiovisual media and does not infer a licence to reproduce it.,
IFI Irish Film Archive,ifi-irish-film-archive,Ireland,Europe,IE-IFI-IFA,National film archive,https://ifiarchiveplayer.ie/,True,True,https://ifiarchiveplayer.ie/,IFI Archive Player,https://ifiarchiveplayer.ie/irelands-golden-west/,irelands golden west,IFI Archive Player film record,Public film-page metadata exposed by the IFI Archive Player. The permalink represents a public viewing/metadata surface; MAR does not download or redistribute the audiovisual media and does not infer a licence to reproduce it.,
IFI Irish Film Archive,ifi-irish-film-archive,Ireland,Europe,IE-IFI-IFA,National film archive,https://ifiarchiveplayer.ie/,True,True,https://ifiarchiveplayer.ie/,IFI Archive Player,https://ifiarchiveplayer.ie/irelands-great-new-harbour/,irelands great new harbour,IFI Archive Player film record,Public film-page metadata exposed by the IFI Archive Player. The permalink represents a public viewing/metadata surface; MAR does not download or redistribute the audiovisual media and does not infer a licence to reproduce it.,
IFI Irish Film Archive,ifi-irish-film-archive,Ireland,Europe,IE-IFI-IFA,National film archive,https://ifiarchiveplayer.ie/,True,True,https://ifiarchiveplayer.ie/,IFI Archive Player,https://ifiarchiveplayer.ie/irelands-holy-mount/,irelands holy mount,IFI Archive Player film record,Public film-page metadata exposed by the IFI Archive Player. The permalink represents a public viewing/metadata surface; MAR does not download or redistribute the audiovisual media and does not infer a licence to reproduce it.,
IFI Irish Film Archive,ifi-irish-film-archive,Ireland,Europe,IE-IFI-IFA,National film archive,https://ifiarchiveplayer.ie/,True,True,https://ifiarchiveplayer.ie/,IFI Archive Player,https://ifiarchiveplayer.ie/irish-amateur-ballroom-dancing-finals/,irish amateur ballroom dancing finals,IFI Archive Player film record,Public film-page metadata exposed by the IFI Archive Player. The permalink represents a public viewing/metadata surface; MAR does not download or redistribute the audiovisual media and does not infer a licence to reproduce it.,
IFI Irish Film Archive,ifi-irish-film-archive,Ireland,Europe,IE-IFI-IFA,National film archive,https://ifiarchiveplayer.ie/,True,True,https://ifiarchiveplayer.ie/,IFI Archive Player,https://ifiarchiveplayer.ie/irish-american-enterprise-new-bubblegum-factory/,irish american enterprise new bubblegum factory,IFI Archive Player film record,Public film-page metadata exposed by the IFI Archive Player. The permalink represents a public viewing/metadata surface; MAR does not download or redistribute the audiovisual media and does not infer a licence to reproduce it.,
IFI Irish Film Archive,ifi-irish-film-archive,Ireland,Europe,IE-IFI-IFA,National film archive,https://ifiarchiveplayer.ie/,True,True,https://ifiarchiveplayer.ie/,IFI Archive Player,https://ifiarchiveplayer.ie/irish-boxers-train-for-south-africa/,irish boxers train for south africa,IFI Archive Player film record,Public film-page metadata exposed by the IFI Archive Player. The permalink represents a public viewing/metadata surface; MAR does not download or redistribute the audiovisual media and does not infer a licence to reproduce it.,
IFI Irish Film Archive,ifi-irish-film-archive,Ireland,Europe,IE-IFI-IFA,National film archive,https://ifiarchiveplayer.ie/,True,True,https://ifiarchiveplayer.ie/,IFI Archive Player,https://ifiarchiveplayer.ie/irish-boy-story-of-sean/,irish boy story of sean,IFI Archive Player film record,Public film-page metadata exposed by the IFI Archive Player. The permalink represents a public viewing/metadata surface; MAR does not download or redistribute the audiovisual media and does not infer a licence to reproduce it.,
IFI Irish Film Archive,ifi-irish-film-archive,Ireland,Europe,IE-IFI-IFA,National film archive,https://ifiarchiveplayer.ie/,True,True,https://ifiarchiveplayer.ie/,IFI Archive Player,https://ifiarchiveplayer.ie/irish-catholic-ceremony-at-cashel-castle/,irish catholic ceremony at cashel castle,IFI Archive Player film record,Public film-page metadata exposed by the IFI Archive Player. The permalink represents a public viewing/metadata surface; MAR does not download or redistribute the audiovisual media and does not infer a licence to reproduce it.,
IFI Irish Film Archive,ifi-irish-film-archive,Ireland,Europe,IE-IFI-IFA,National film archive,https://ifiarchiveplayer.ie/,True,True,https://ifiarchiveplayer.ie/,IFI Archive Player,https://ifiarchiveplayer.ie/irish-catholic-church-insurance/,irish catholic church insurance,IFI Archive Player film record,Public film-page metadata exposed by the IFI Archive Player. The permalink represents a public viewing/metadata surface; MAR does not download or redistribute the audiovisual media and does not infer a licence to reproduce it.,
IFI Irish Film Archive,ifi-irish-film-archive,Ireland,Europe,IE-IFI-IFA,National film archive,https://ifiarchiveplayer.ie/,True,True,https://ifiarchiveplayer.ie/,IFI Archive Player,https://ifiarchiveplayer.ie/irish-ceremony-view-of-oconnell/,irish ceremony view of oconnell,IFI Archive Player film record,Public film-page metadata exposed by the IFI Archive Player. The permalink represents a public viewing/metadata surface; MAR does not download or redistribute the audiovisual media and does not infer a licence to reproduce it.,
IFI Irish Film Archive,ifi-irish-film-archive,Ireland,Europe,IE-IFI-IFA,National film archive,https://ifiarchiveplayer.ie/,True,True,https://ifiarchiveplayer.ie/,IFI Archive Player,https://ifiarchiveplayer.ie/irish-co-operative-gathers-peat/,irish co operative gathers peat,IFI Archive Player film record,Public film-page metadata exposed by the IFI Archive Player. The permalink represents a public viewing/metadata surface; MAR does not download or redistribute the audiovisual media and does not infer a licence to reproduce it.,
IFI Irish Film Archive,ifi-irish-film-archive,Ireland,Europe,IE-IFI-IFA,National film archive,https://ifiarchiveplayer.ie/,True,True,https://ifiarchiveplayer.ie/,IFI Archive Player,https://ifiarchiveplayer.ie/irish-coffee/,irish coffee,IFI Archive Player film record,Public film-page metadata exposed by the IFI Archive Player. The permalink represents a public viewing/metadata surface; MAR does not download or redistribute the audiovisual media and does not infer a licence to reproduce it.,
IFI Irish Film Archive,ifi-irish-film-archive,Ireland,Europe,IE-IFI-IFA,National film archive,https://ifiarchiveplayer.ie/,True,True,https://ifiarchiveplayer.ie/,IFI Archive Player,https://ifiarchiveplayer.ie/irish-crowds-welcome-markievicz-after-release/,irish crowds welcome markievicz after release,IFI Archive Player film record,Public film-page metadata exposed by the IFI Archive Player. The permalink represents a public viewing/metadata surface; MAR does not download or redistribute the audiovisual media and does not infer a licence to reproduce it.,
IFI Irish Film Archive,ifi-irish-film-archive,Ireland,Europe,IE-IFI-IFA,National film archive,https://ifiarchiveplayer.ie/,True,True,https://ifiarchiveplayer.ie/,IFI Archive Player,https://ifiarchiveplayer.ie/irish-food-committee/,irish food committee,IFI Archive Player film record,Public film-page metadata exposed by the IFI Archive Player. The permalink represents a public viewing/metadata surface; MAR does not download or redistribute the audiovisual media and does not infer a licence to reproduce it.,
IFI Irish Film Archive,ifi-irish-film-archive,Ireland,Europe,IE-IFI-IFA,National film archive,https://ifiarchiveplayer.ie/,True,True,https://ifiarchiveplayer.ie/,IFI Archive Player,https://ifiarchiveplayer.ie/irish-free-state/,irish free state,IFI Archive Player film record,Public film-page metadata exposed by the IFI Archive Player. The permalink represents a public viewing/metadata surface; MAR does not download or redistribute the audiovisual media and does not infer a licence to reproduce it.,
IFI Irish Film Archive,ifi-irish-film-archive,Ireland,Europe,IE-IFI-IFA,National film archive,https://ifiarchiveplayer.ie/,True,True,https://ifiarchiveplayer.ie/,IFI Archive Player,https://ifiarchiveplayer.ie/irish-gossamer/,irish gossamer,IFI Archive Player film record,Public film-page metadata exposed by the IFI Archive Player. The permalink represents a public viewing/metadata surface; MAR does not download or redistribute the audiovisual media and does not infer a licence to reproduce it.,
IFI Irish Film Archive,ifi-irish-film-archive,Ireland,Europe,IE-IFI-IFA,National film archive,https://ifiarchiveplayer.ie/,True,True,https://ifiarchiveplayer.ie/,IFI Archive Player,https://ifiarchiveplayer.ie/irish-hospital-sweepstakes-draw/,irish hospital sweepstakes draw,IFI Archive Player film record,Public film-page metadata exposed by the IFI Archive Player. The permalink represents a public viewing/metadata surface; MAR does not download or redistribute the audiovisual media and does not infer a licence to reproduce it.,
IFI Irish Film Archive,ifi-irish-film-archive,Ireland,Europe,IE-IFI-IFA,National film archive,https://ifiarchiveplayer.ie/,True,True,https://ifiarchiveplayer.ie/,IFI Archive Player,https://ifiarchiveplayer.ie/irish-hospital-sweepstakes-vault-advert/,irish hospital sweepstakes vault advert,IFI Archive Player film record,Public film-page metadata exposed by the IFI Archive Player. The permalink represents a public viewing/metadata surface; MAR does not download or redistribute the audiovisual media and does not infer a licence to reproduce it.,
IFI Irish Film Archive,ifi-irish-film-archive,Ireland,Europe,IE-IFI-IFA,National film archive,https://ifiarchiveplayer.ie/,True,True,https://ifiarchiveplayer.ie/,IFI Archive Player,https://ifiarchiveplayer.ie/irish-matches-weird/,irish matches weird,IFI Archive Player film record,Public film-page metadata exposed by the IFI Archive Player. The permalink represents a public viewing/metadata surface; MAR does not download or redistribute the audiovisual media and does not infer a licence to reproduce it.,
IFI Irish Film Archive,ifi-irish-film-archive,Ireland,Europe,IE-IFI-IFA,National film archive,https://ifiarchiveplayer.ie/,True,True,https://ifiarchiveplayer.ie/,IFI Archive Player,https://ifiarchiveplayer.ie/irish-national-army-sweeping-on/,irish national army sweeping on,IFI Archive Player film record,Public film-page metadata exposed by the IFI Archive Player. The permalink represents a public viewing/metadata surface; MAR does not download or redistribute the audiovisual media and does not infer a licence to reproduce it.,
IFI Irish Film Archive,ifi-irish-film-archive,Ireland,Europe,IE-IFI-IFA,National film archive,https://ifiarchiveplayer.ie/,True,True,https://ifiarchiveplayer.ie/,IFI Archive Player,https://ifiarchiveplayer.ie/irish-open-tennis-championships/,irish open tennis championships,IFI Archive Player film record,Public film-page metadata exposed by the IFI Archive Player. The permalink represents a public viewing/metadata surface; MAR does not download or redistribute the audiovisual media and does not infer a licence to reproduce it.,
IFI Irish Film Archive,ifi-irish-film-archive,Ireland,Europe,IE-IFI-IFA,National film archive,https://ifiarchiveplayer.ie/,True,True,https://ifiarchiveplayer.ie/,IFI Archive Player,https://ifiarchiveplayer.ie/irish-peace-conference/,irish peace conference,IFI Archive Player film record,Public film-page metadata exposed by the IFI Archive Player. The permalink represents a public viewing/metadata surface; MAR does not download or redistribute the audiovisual media and does not infer a licence to reproduce it.,
IFI Irish Film Archive,ifi-irish-film-archive,Ireland,Europe,IE-IFI-IFA,National film archive,https://ifiarchiveplayer.ie/,True,True,https://ifiarchiveplayer.ie/,IFI Archive Player,https://ifiarchiveplayer.ie/irish-peace-imperilled-by-extremists/,irish peace imperilled by extremists,IFI Archive Player film record,Public film-page metadata exposed by the IFI Archive Player. The permalink represents a public viewing/metadata surface; MAR does not download or redistribute the audiovisual media and does not infer a licence to reproduce it.,
IFI Irish Film Archive,ifi-irish-film-archive,Ireland,Europe,IE-IFI-IFA,National film archive,https://ifiarchiveplayer.ie/,True,True,https://ifiarchiveplayer.ie/,IFI Archive Player,https://ifiarchiveplayer.ie/irish-personalities/,irish personalities,IFI Archive Player film record,Public film-page metadata exposed by the IFI Archive Player. The permalink represents a public viewing/metadata surface; MAR does not download or redistribute the audiovisual media and does not infer a licence to reproduce it.,
IFI Irish Film Archive,ifi-irish-film-archive,Ireland,Europe,IE-IFI-IFA,National film archive,https://ifiarchiveplayer.ie/,True,True,https://ifiarchiveplayer.ie/,IFI Archive Player,https://ifiarchiveplayer.ie/irish-pigeon-derby/,irish pigeon derby,IFI Archive Player film record,Public film-page metadata exposed by the IFI Archive Player. The permalink represents a public viewing/metadata surface; MAR does not download or redistribute the audiovisual media and does not infer a licence to reproduce it.,
IFI Irish Film Archive,ifi-irish-film-archive,Ireland,Europe,IE-IFI-IFA,National film archive,https://ifiarchiveplayer.ie/,True,True,https://ifiarchiveplayer.ie/,IFI Archive Player,https://ifiarchiveplayer.ie/irish-president-in-america/,irish president in america,IFI Archive Player film record,Public film-page metadata exposed by the IFI Archive Player. The permalink represents a public viewing/metadata surface; MAR does not download or redistribute the audiovisual media and does not infer a licence to reproduce it.,
IFI Irish Film Archive,ifi-irish-film-archive,Ireland,Europe,IE-IFI-IFA,National film archive,https://ifiarchiveplayer.ie/,True,True,https://ifiarchiveplayer.ie/,IFI Archive Player,https://ifiarchiveplayer.ie/irish-rebels-new-terror/,irish rebels new terror,IFI Archive Player film record,Public film-page metadata exposed by the IFI Archive Player. The permalink represents a public viewing/metadata surface; MAR does not download or redistribute the audiovisual media and does not infer a licence to reproduce it.,
IFI Irish Film Archive,ifi-irish-film-archive,Ireland,Europe,IE-IFI-IFA,National film archive,https://ifiarchiveplayer.ie/,True,True,https://ifiarchiveplayer.ie/,IFI Archive Player,https://ifiarchiveplayer.ie/irish-republic-proclaimed/,irish republic proclaimed,IFI Archive Player film record,Public film-page metadata exposed by the IFI Archive Player. The permalink represents a public viewing/metadata surface; MAR does not download or redistribute the audiovisual media and does not infer a licence to reproduce it.,
IFI Irish Film Archive,ifi-irish-film-archive,Ireland,Europe,IE-IFI-IFA,National film archive,https://ifiarchiveplayer.ie/,True,True,https://ifiarchiveplayer.ie/,IFI Archive Player,https://ifiarchiveplayer.ie/irish-revolution-1922/,irish revolution 1922,IFI Archive Player film record,Public film-page metadata exposed by the IFI Archive Player. The permalink represents a public viewing/metadata surface; MAR does not download or redistribute the audiovisual media and does not infer a licence to reproduce it.,
IFI Irish Film Archive,ifi-irish-film-archive,Ireland,Europe,IE-IFI-IFA,National film archive,https://ifiarchiveplayer.ie/,True,True,https://ifiarchiveplayer.ie/,IFI Archive Player,https://ifiarchiveplayer.ie/irish-traditional-music-festival/,irish traditional music festival,IFI Archive Player film record,Public film-page metadata exposed by the IFI Archive Player. The permalink represents a public viewing/metadata surface; MAR does not download or redistribute the audiovisual media and does not infer a licence to reproduce it.,
IFI Irish Film Archive,ifi-irish-film-archive,Ireland,Europe,IE-IFI-IFA,National film archive,https://ifiarchiveplayer.ie/,True,True,https://ifiarchiveplayer.ie/,IFI Archive Player,https://ifiarchiveplayer.ie/irish-windows-for-johannesburg-cathedral/,irish windows for johannesburg cathedral,IFI Archive Player film record,Public film-page metadata exposed by the IFI Archive Player. The permalink represents a public viewing/metadata surface; MAR does not download or redistribute the audiovisual media and does not infer a licence to reproduce it.,
IFI Irish Film Archive,ifi-irish-film-archive,Ireland,Europe,IE-IFI-IFA,National film archive,https://ifiarchiveplayer.ie/,True,True,https://ifiarchiveplayer.ie/,IFI Archive Player,https://ifiarchiveplayer.ie/irishmen-in-papal-army/,irishmen in papal army,IFI Archive Player film record,Public film-page metadata exposed by the IFI Archive Player. The permalink represents a public viewing/metadata surface; MAR does not download or redistribute the audiovisual media and does not infer a licence to reproduce it.,
IFI Irish Film Archive,ifi-irish-film-archive,Ireland,Europe,IE-IFI-IFA,National film archive,https://ifiarchiveplayer.ie/,True,True,https://ifiarchiveplayer.ie/,IFI Archive Player,https://ifiarchiveplayer.ie/is-it-peace/,is it peace,IFI Archive Player film record,Public film-page metadata exposed by the IFI Archive Player. The permalink represents a public viewing/metadata surface; MAR does not download or redistribute the audiovisual media and does not infer a licence to reproduce it.,
IFI Irish Film Archive,ifi-irish-film-archive,Ireland,Europe,IE-IFI-IFA,National film archive,https://ifiarchiveplayer.ie/,True,True,https://ifiarchiveplayer.ie/,IFI Archive Player,https://ifiarchiveplayer.ie/is-it-the-dawn/,is it the dawn,IFI Archive Player film record,Public film-page metadata exposed by the IFI Archive Player. The permalink represents a public viewing/metadata surface; MAR does not download or redistribute the audiovisual media and does not infer a licence to reproduce it.,
IFI Irish Film Archive,ifi-irish-film-archive,Ireland,Europe,IE-IFI-IFA,National film archive,https://ifiarchiveplayer.ie/,True,True,https://ifiarchiveplayer.ie/,IFI Archive Player,https://ifiarchiveplayer.ie/island/,island,IFI Archive Player film record,Public film-page metadata exposed by the IFI Archive Player. The permalink represents a public viewing/metadata surface; MAR does not download or redistribute the audiovisual media and does not infer a licence to reproduce it.,
IFI Irish Film Archive,ifi-irish-film-archive,Ireland,Europe,IE-IFI-IFA,National film archive,https://ifiarchiveplayer.ie/,True,True,https://ifiarchiveplayer.ie/,IFI Archive Player,https://ifiarchiveplayer.ie/isnt-done/,isnt done,IFI Archive Player film record,Public film-page metadata exposed by the IFI Archive Player. The permalink represents a public viewing/metadata surface; MAR does not download or redistribute the audiovisual media and does not infer a licence to reproduce it.,
IFI Irish Film Archive,ifi-irish-film-archive,Ireland,Europe,IE-IFI-IFA,National film archive,https://ifiarchiveplayer.ie/,True,True,https://ifiarchiveplayer.ie/,IFI Archive Player,https://ifiarchiveplayer.ie/itgwu-irish-transport-and-general-workers-union-congress/,itgwu irish transport and general workers union congress,IFI Archive Player film record,Public film-page metadata exposed by the IFI Archive Player. The permalink represents a public viewing/metadata surface; MAR does not download or redistribute the audiovisual media and does not infer a licence to reproduce it.,
IFI Irish Film Archive,ifi-irish-film-archive,Ireland,Europe,IE-IFI-IFA,National film archive,https://ifiarchiveplayer.ie/,True,True,https://ifiarchiveplayer.ie/,IFI Archive Player,https://ifiarchiveplayer.ie/jack-of-all-maids/,jack of all maids,IFI Archive Player film record,Public film-page metadata exposed by the IFI Archive Player. The permalink represents a public viewing/metadata surface; MAR does not download or redistribute the audiovisual media and does not infer a licence to reproduce it.,
IFI Irish Film Archive,ifi-irish-film-archive,Ireland,Europe,IE-IFI-IFA,National film archive,https://ifiarchiveplayer.ie/,True,True,https://ifiarchiveplayer.ie/,IFI Archive Player,https://ifiarchiveplayer.ie/jacobs-busker/,jacobs busker,IFI Archive Player film record,Public film-page metadata exposed by the IFI Archive Player. The permalink represents a public viewing/metadata surface; MAR does not download or redistribute the audiovisual media and does not infer a licence to reproduce it.,
IFI Irish Film Archive,ifi-irish-film-archive,Ireland,Europe,IE-IFI-IFA,National film archive,https://ifiarchiveplayer.ie/,True,True,https://ifiarchiveplayer.ie/,IFI Archive Player,https://ifiarchiveplayer.ie/jacobs-club-shortcake/,jacobs club shortcake,IFI Archive Player film record,Public film-page metadata exposed by the IFI Archive Player. The permalink represents a public viewing/metadata surface; MAR does not download or redistribute the audiovisual media and does not infer a licence to reproduce it.,
IFI Irish Film Archive,ifi-irish-film-archive,Ireland,Europe,IE-IFI-IFA,National film archive,https://ifiarchiveplayer.ie/,True,True,https://ifiarchiveplayer.ie/,IFI Archive Player,https://ifiarchiveplayer.ie/jacobs-windmill/,jacobs windmill,IFI Archive Player film record,Public film-page metadata exposed by the IFI Archive Player. The permalink represents a public viewing/metadata surface; MAR does not download or redistribute the audiovisual media and does not infer a licence to reproduce it.,
IFI Irish Film Archive,ifi-irish-film-archive,Ireland,Europe,IE-IFI-IFA,National film archive,https://ifiarchiveplayer.ie/,True,True,https://ifiarchiveplayer.ie/,IFI Archive Player,https://ifiarchiveplayer.ie/jacques-esterel-french-fashion-show-in-dublin/,jacques esterel french fashion show in dublin,IFI Archive Player film record,Public film-page metadata exposed by the IFI Archive Player. The permalink represents a public viewing/metadata surface; MAR does not download or redistribute the audiovisual media and does not infer a licence to reproduce it.,
IFI Irish Film Archive,ifi-irish-film-archive,Ireland,Europe,IE-IFI-IFA,National film archive,https://ifiarchiveplayer.ie/,True,True,https://ifiarchiveplayer.ie/,IFI Archive Player,https://ifiarchiveplayer.ie/james/,james,IFI Archive Player film record,Public film-page metadata exposed by the IFI Archive Player. The permalink represents a public viewing/metadata surface; MAR does not download or redistribute the audiovisual media and does not infer a licence to reproduce it.,
IFI Irish Film Archive,ifi-irish-film-archive,Ireland,Europe,IE-IFI-IFA,National film archive,https://ifiarchiveplayer.ie/,True,True,https://ifiarchiveplayer.ie/,IFI Archive Player,https://ifiarchiveplayer.ie/james-bond-watch/,james bond watch,IFI Archive Player film record,Public film-page metadata exposed by the IFI Archive Player. The permalink represents a public viewing/metadata surface; MAR does not download or redistribute the audiovisual media and does not infer a licence to reproduce it.,
IFI Irish Film Archive,ifi-irish-film-archive,Ireland,Europe,IE-IFI-IFA,National film archive,https://ifiarchiveplayer.ie/,True,True,https://ifiarchiveplayer.ie/,IFI Archive Player,https://ifiarchiveplayer.ie/james-gandon-introduction/,james gandon introduction,IFI Archive Player film record,Public film-page metadata exposed by the IFI Archive Player. The permalink represents a public viewing/metadata surface; MAR does not download or redistribute the audiovisual media and does not infer a licence to reproduce it.,
IFI Irish Film Archive,ifi-irish-film-archive,Ireland,Europe,IE-IFI-IFA,National film archive,https://ifiarchiveplayer.ie/,True,True,https://ifiarchiveplayer.ie/,IFI Archive Player,https://ifiarchiveplayer.ie/james-gandon-shooting-style/,james gandon shooting style,IFI Archive Player film record,Public film-page metadata exposed by the IFI Archive Player. The permalink represents a public viewing/metadata surface; MAR does not download or redistribute the audiovisual media and does not infer a licence to reproduce it.,
IFI Irish Film Archive,ifi-irish-film-archive,Ireland,Europe,IE-IFI-IFA,National film archive,https://ifiarchiveplayer.ie/,True,True,https://ifiarchiveplayer.ie/,IFI Archive Player,https://ifiarchiveplayer.ie/james-mulholland-basketmaker/,james mulholland basketmaker,IFI Archive Player film record,Public film-page metadata exposed by the IFI Archive Player. The permalink represents a public viewing/metadata surface; MAR does not download or redistribute the audiovisual media and does not infer a licence to reproduce it.,
IFI Irish Film Archive,ifi-irish-film-archive,Ireland,Europe,IE-IFI-IFA,National film archive,https://ifiarchiveplayer.ie/,True,True,https://ifiarchiveplayer.ie/,IFI Archive Player,https://ifiarchiveplayer.ie/james_gandon/,james_gandon,IFI Archive Player film record,Public film-page metadata exposed by the IFI Archive Player. The permalink represents a public viewing/metadata surface; MAR does not download or redistribute the audiovisual media and does not infer a licence to reproduce it.,
IFI Irish Film Archive,ifi-irish-film-archive,Ireland,Europe,IE-IFI-IFA,National film archive,https://ifiarchiveplayer.ie/,True,True,https://ifiarchiveplayer.ie/,IFI Archive Player,https://ifiarchiveplayer.ie/japanese-goods-on-display/,japanese goods on display,IFI Archive Player film record,Public film-page metadata exposed by the IFI Archive Player. The permalink represents a public viewing/metadata surface; MAR does not download or redistribute the audiovisual media and does not infer a licence to reproduce it.,
IFI Irish Film Archive,ifi-irish-film-archive,Ireland,Europe,IE-IFI-IFA,National film archive,https://ifiarchiveplayer.ie/,True,True,https://ifiarchiveplayer.ie/,IFI Archive Player,https://ifiarchiveplayer.ie/jim-larkin/,jim larkin,IFI Archive Player film record,Public film-page metadata exposed by the IFI Archive Player. The permalink represents a public viewing/metadata surface; MAR does not download or redistribute the audiovisual media and does not infer a licence to reproduce it.,
IFI Irish Film Archive,ifi-irish-film-archive,Ireland,Europe,IE-IFI-IFA,National film archive,https://ifiarchiveplayer.ie/,True,True,https://ifiarchiveplayer.ie/,IFI Archive Player,https://ifiarchiveplayer.ie/john-henry-foley-legacy/,john henry foley legacy,IFI Archive Player film record,Public film-page metadata exposed by the IFI Archive Player. The permalink represents a public viewing/metadata surface; MAR does not download or redistribute the audiovisual media and does not infer a licence to reproduce it.,
IFI Irish Film Archive,ifi-irish-film-archive,Ireland,Europe,IE-IFI-IFA,National film archive,https://ifiarchiveplayer.ie/,True,True,https://ifiarchiveplayer.ie/,IFI Archive Player,https://ifiarchiveplayer.ie/john-henry-foley-political-statues/,john henry foley political statues,IFI Archive Player film record,Public film-page metadata exposed by the IFI Archive Player. The permalink represents a public viewing/metadata surface; MAR does not download or redistribute the audiovisual media and does not infer a licence to reproduce it.,
IFI Irish Film Archive,ifi-irish-film-archive,Ireland,Europe,IE-IFI-IFA,National film archive,https://ifiarchiveplayer.ie/,True,True,https://ifiarchiveplayer.ie/,IFI Archive Player,https://ifiarchiveplayer.ie/john-huston-becomes-an-irish-citizen/,john huston becomes an irish citizen,IFI Archive Player film record,Public film-page metadata exposed by the IFI Archive Player. The permalink represents a public viewing/metadata surface; MAR does not download or redistribute the audiovisual media and does not infer a licence to reproduce it.,
IFI Irish Film Archive,ifi-irish-film-archive,Ireland,Europe,IE-IFI-IFA,National film archive,https://ifiarchiveplayer.ie/,True,True,https://ifiarchiveplayer.ie/,IFI Archive Player,https://ifiarchiveplayer.ie/john_henry_foley/,john_henry_foley,IFI Archive Player film record,Public film-page metadata exposed by the IFI Archive Player. The permalink represents a public viewing/metadata surface; MAR does not download or redistribute the audiovisual media and does not infer a licence to reproduce it.,
IFI Irish Film Archive,ifi-irish-film-archive,Ireland,Europe,IE-IFI-IFA,National film archive,https://ifiarchiveplayer.ie/,True,True,https://ifiarchiveplayer.ie/,IFI Archive Player,https://ifiarchiveplayer.ie/join-us/,join us,IFI Archive Player film record,Public film-page metadata exposed by the IFI Archive Player. The permalink represents a public viewing/metadata surface; MAR does not download or redistribute the audiovisual media and does not infer a licence to reproduce it.,
IFI Irish Film Archive,ifi-irish-film-archive,Ireland,Europe,IE-IFI-IFA,National film archive,https://ifiarchiveplayer.ie/,True,True,https://ifiarchiveplayer.ie/,IFI Archive Player,https://ifiarchiveplayer.ie/journey/,journey,IFI Archive Player film record,Public film-page metadata exposed by the IFI Archive Player. The permalink represents a public viewing/metadata surface; MAR does not download or redistribute the audiovisual media and does not infer a licence to reproduce it.,
IFI Irish Film Archive,ifi-irish-film-archive,Ireland,Europe,IE-IFI-IFA,National film archive,https://ifiarchiveplayer.ie/,True,True,https://ifiarchiveplayer.ie/,IFI Archive Player,https://ifiarchiveplayer.ie/joyces-dublin/,joyces dublin,IFI Archive Player film record,Public film-page metadata exposed by the IFI Archive Player. The permalink represents a public viewing/metadata surface; MAR does not download or redistribute the audiovisual media and does not infer a licence to reproduce it.,
IFI Irish Film Archive,ifi-irish-film-archive,Ireland,Europe,IE-IFI-IFA,National film archive,https://ifiarchiveplayer.ie/,True,True,https://ifiarchiveplayer.ie/,IFI Archive Player,https://ifiarchiveplayer.ie/joyriders/,joyriders,IFI Archive Player film record,Public film-page metadata exposed by the IFI Archive Player. The permalink represents a public viewing/metadata surface; MAR does not download or redistribute the audiovisual media and does not infer a licence to reproduce it.,
IFI Irish Film Archive,ifi-irish-film-archive,Ireland,Europe,IE-IFI-IFA,National film archive,https://ifiarchiveplayer.ie/,True,True,https://ifiarchiveplayer.ie/,IFI Archive Player,https://ifiarchiveplayer.ie/judo-black-belts-awarded/,judo black belts awarded,IFI Archive Player film record,Public film-page metadata exposed by the IFI Archive Player. The permalink represents a public viewing/metadata surface; MAR does not download or redistribute the audiovisual media and does not infer a licence to reproduce it.,
IFI Irish Film Archive,ifi-irish-film-archive,Ireland,Europe,IE-IFI-IFA,National film archive,https://ifiarchiveplayer.ie/,True,True,https://ifiarchiveplayer.ie/,IFI Archive Player,https://ifiarchiveplayer.ie/junior-boxing-championships-lightweight-finals/,junior boxing championships lightweight finals,IFI Archive Player film record,Public film-page metadata exposed by the IFI Archive Player. The permalink represents a public viewing/metadata surface; MAR does not download or redistribute the audiovisual media and does not infer a licence to reproduce it.,
IFI Irish Film Archive,ifi-irish-film-archive,Ireland,Europe,IE-IFI-IFA,National film archive,https://ifiarchiveplayer.ie/,True,True,https://ifiarchiveplayer.ie/,IFI Archive Player,https://ifiarchiveplayer.ie/jwt-holidays-1971-italy/,jwt holidays 1971 italy,IFI Archive Player film record,Public film-page metadata exposed by the IFI Archive Player. The permalink represents a public viewing/metadata surface; MAR does not download or redistribute the audiovisual media and does not infer a licence to reproduce it.,
IFI Irish Film Archive,ifi-irish-film-archive,Ireland,Europe,IE-IFI-IFA,National film archive,https://ifiarchiveplayer.ie/,True,True,https://ifiarchiveplayer.ie/,IFI Archive Player,https://ifiarchiveplayer.ie/jwt-holidays-1971-majorca/,jwt holidays 1971 majorca,IFI Archive Player film record,Public film-page metadata exposed by the IFI Archive Player. The permalink represents a public viewing/metadata surface; MAR does not download or redistribute the audiovisual media and does not infer a licence to reproduce it.,
IFI Irish Film Archive,ifi-irish-film-archive,Ireland,Europe,IE-IFI-IFA,National film archive,https://ifiarchiveplayer.ie/,True,True,https://ifiarchiveplayer.ie/,IFI Archive Player,https://ifiarchiveplayer.ie/jwt-holidays-1972-destinations-2/,jwt holidays 1972 destinations 2,IFI Archive Player film record,Public film-page metadata exposed by the IFI Archive Player. The permalink represents a public viewing/metadata surface; MAR does not download or redistribute the audiovisual media and does not infer a licence to reproduce it.,
IFI Irish Film Archive,ifi-irish-film-archive,Ireland,Europe,IE-IFI-IFA,National film archive,https://ifiarchiveplayer.ie/,True,True,https://ifiarchiveplayer.ie/,IFI Archive Player,https://ifiarchiveplayer.ie/jwt-holidays-1972-destinations-3/,jwt holidays 1972 destinations 3,IFI Archive Player film record,Public film-page metadata exposed by the IFI Archive Player. The permalink represents a public viewing/metadata surface; MAR does not download or redistribute the audiovisual media and does not infer a licence to reproduce it.,
IFI Irish Film Archive,ifi-irish-film-archive,Ireland,Europe,IE-IFI-IFA,National film archive,https://ifiarchiveplayer.ie/,True,True,https://ifiarchiveplayer.ie/,IFI Archive Player,https://ifiarchiveplayer.ie/jwt-holidays-1973-destinations/,jwt holidays 1973 destinations,IFI Archive Player film record,Public film-page metadata exposed by the IFI Archive Player. The permalink represents a public viewing/metadata surface; MAR does not download or redistribute the audiovisual media and does not infer a licence to reproduce it.,
IFI Irish Film Archive,ifi-irish-film-archive,Ireland,Europe,IE-IFI-IFA,National film archive,https://ifiarchiveplayer.ie/,True,True,https://ifiarchiveplayer.ie/,IFI Archive Player,https://ifiarchiveplayer.ie/jwt-holidays-1975-destinations/,jwt holidays 1975 destinations,IFI Archive Player film record,Public film-page metadata exposed by the IFI Archive Player. The permalink represents a public viewing/metadata surface; MAR does not download or redistribute the audiovisual media and does not infer a licence to reproduce it.,
IFI Irish Film Archive,ifi-irish-film-archive,Ireland,Europe,IE-IFI-IFA,National film archive,https://ifiarchiveplayer.ie/,True,True,https://ifiarchiveplayer.ie/,IFI Archive Player,https://ifiarchiveplayer.ie/jwt-holidays-1976-destinations/,jwt holidays 1976 destinations,IFI Archive Player film record,Public film-page metadata exposed by the IFI Archive Player. The permalink represents a public viewing/metadata surface; MAR does not download or redistribute the audiovisual media and does not infer a licence to reproduce it.,
IFI Irish Film Archive,ifi-irish-film-archive,Ireland,Europe,IE-IFI-IFA,National film archive,https://ifiarchiveplayer.ie/,True,True,https://ifiarchiveplayer.ie/,IFI Archive Player,https://ifiarchiveplayer.ie/jwt-holidays-1977-ire-manc/,jwt holidays 1977 ire manc,IFI Archive Player film record,Public film-page metadata exposed by the IFI Archive Player. The permalink represents a public viewing/metadata surface; MAR does not download or redistribute the audiovisual media and does not infer a licence to reproduce it.,
IFI Irish Film Archive,ifi-irish-film-archive,Ireland,Europe,IE-IFI-IFA,National film archive,https://ifiarchiveplayer.ie/,True,True,https://ifiarchiveplayer.ie/,IFI Archive Player,https://ifiarchiveplayer.ie/jwt-holidays-1977-sv/,jwt holidays 1977 sv,IFI Archive Player film record,Public film-page metadata exposed by the IFI Archive Player. The permalink represents a public viewing/metadata surface; MAR does not download or redistribute the audiovisual media and does not infer a licence to reproduce it.,
IFI Irish Film Archive,ifi-irish-film-archive,Ireland,Europe,IE-IFI-IFA,National film archive,https://ifiarchiveplayer.ie/,True,True,https://ifiarchiveplayer.ie/,IFI Archive Player,https://ifiarchiveplayer.ie/jwt-holidays-1980-destinations/,jwt holidays 1980 destinations,IFI Archive Player film record,Public film-page metadata exposed by the IFI Archive Player. The permalink represents a public viewing/metadata surface; MAR does not download or redistribute the audiovisual media and does not infer a licence to reproduce it.,
IFI Irish Film Archive,ifi-irish-film-archive,Ireland,Europe,IE-IFI-IFA,National film archive,https://ifiarchiveplayer.ie/,True,True,https://ifiarchiveplayer.ie/,IFI Archive Player,https://ifiarchiveplayer.ie/jwt-holidays-1981-destinations/,jwt holidays 1981 destinations,IFI Archive Player film record,Public film-page metadata exposed by the IFI Archive Player. The permalink represents a public viewing/metadata surface; MAR does not download or redistribute the audiovisual media and does not infer a licence to reproduce it.,
IFI Irish Film Archive,ifi-irish-film-archive,Ireland,Europe,IE-IFI-IFA,National film archive,https://ifiarchiveplayer.ie/,True,True,https://ifiarchiveplayer.ie/,IFI Archive Player,https://ifiarchiveplayer.ie/jwt-holidays-sun-in-1981/,jwt holidays sun in 1981,IFI Archive Player film record,Public film-page metadata exposed by the IFI Archive Player. The permalink represents a public viewing/metadata surface; MAR does not download or redistribute the audiovisual media and does not infer a licence to reproduce it.,
IFI Irish Film Archive,ifi-irish-film-archive,Ireland,Europe,IE-IFI-IFA,National film archive,https://ifiarchiveplayer.ie/,True,True,https://ifiarchiveplayer.ie/,IFI Archive Player,https://ifiarchiveplayer.ie/kathleen-lynn-the-rebel-doctor/,kathleen lynn the rebel doctor,IFI Archive Player film record,Public film-page metadata exposed by the IFI Archive Player. The permalink represents a public viewing/metadata surface; MAR does not download or redistribute the audiovisual media and does not infer a licence to reproduce it.,
IFI Irish Film Archive,ifi-irish-film-archive,Ireland,Europe,IE-IFI-IFA,National film archive,https://ifiarchiveplayer.ie/,True,True,https://ifiarchiveplayer.ie/,IFI Archive Player,https://ifiarchiveplayer.ie/kay/,kay,IFI Archive Player film record,Public film-page metadata exposed by the IFI Archive Player. The permalink represents a public viewing/metadata surface; MAR does not download or redistribute the audiovisual media and does not infer a licence to reproduce it.,
IFI Irish Film Archive,ifi-irish-film-archive,Ireland,Europe,IE-IFI-IFA,National film archive,https://ifiarchiveplayer.ie/,True,True,https://ifiarchiveplayer.ie/,IFI Archive Player,https://ifiarchiveplayer.ie/keep-watching-the-skies/,keep watching the skies,IFI Archive Player film record,Public film-page metadata exposed by the IFI Archive Player. The permalink represents a public viewing/metadata surface; MAR does not download or redistribute the audiovisual media and does not infer a licence to reproduce it.,
IFI Irish Film Archive,ifi-irish-film-archive,Ireland,Europe,IE-IFI-IFA,National film archive,https://ifiarchiveplayer.ie/,True,True,https://ifiarchiveplayer.ie/,IFI Archive Player,https://ifiarchiveplayer.ie/keeping-warm-in-the-big-freeze/,keeping warm in the big freeze,IFI Archive Player film record,Public film-page metadata exposed by the IFI Archive Player. The permalink represents a public viewing/metadata surface; MAR does not download or redistribute the audiovisual media and does not infer a licence to reproduce it.,
IFI Irish Film Archive,ifi-irish-film-archive,Ireland,Europe,IE-IFI-IFA,National film archive,https://ifiarchiveplayer.ie/,True,True,https://ifiarchiveplayer.ie/,IFI Archive Player,https://ifiarchiveplayer.ie/kenmares-last-train/,kenmares last train,IFI Archive Player film record,Public film-page metadata exposed by the IFI Archive Player. The permalink represents a public viewing/metadata surface; MAR does not download or redistribute the audiovisual media and does not infer a licence to reproduce it.,
IFI Irish Film Archive,ifi-irish-film-archive,Ireland,Europe,IE-IFI-IFA,National film archive,https://ifiarchiveplayer.ie/,True,True,https://ifiarchiveplayer.ie/,IFI Archive Player,https://ifiarchiveplayer.ie/kerry-girl-wins-national-beauty-contest/,kerry girl wins national beauty contest,IFI Archive Player film record,Public film-page metadata exposed by the IFI Archive Player. The permalink represents a public viewing/metadata surface; MAR does not download or redistribute the audiovisual media and does not infer a licence to reproduce it.,
IFI Irish Film Archive,ifi-irish-film-archive,Ireland,Europe,IE-IFI-IFA,National film archive,https://ifiarchiveplayer.ie/,True,True,https://ifiarchiveplayer.ie/,IFI Archive Player,https://ifiarchiveplayer.ie/kerry-goes-to-listowel-races/,kerry goes to listowel races,IFI Archive Player film record,Public film-page metadata exposed by the IFI Archive Player. The permalink represents a public viewing/metadata surface; MAR does not download or redistribute the audiovisual media and does not infer a licence to reproduce it.,
IFI Irish Film Archive,ifi-irish-film-archive,Ireland,Europe,IE-IFI-IFA,National film archive,https://ifiarchiveplayer.ie/,True,True,https://ifiarchiveplayer.ie/,IFI Archive Player,https://ifiarchiveplayer.ie/kilfeacle-beagle-hunt-ball/,kilfeacle beagle hunt ball,IFI Archive Player film record,Public film-page metadata exposed by the IFI Archive Player. The permalink represents a public viewing/metadata surface; MAR does not download or redistribute the audiovisual media and does not infer a licence to reproduce it.,
IFI Irish Film Archive,ifi-irish-film-archive,Ireland,Europe,IE-IFI-IFA,National film archive,https://ifiarchiveplayer.ie/,True,True,https://ifiarchiveplayer.ie/,IFI Archive Player,https://ifiarchiveplayer.ie/killing-the-afternoon/,killing the afternoon,IFI Archive Player film record,Public film-page metadata exposed by the IFI Archive Player. The permalink represents a public viewing/metadata surface; MAR does not download or redistribute the audiovisual media and does not infer a licence to reproduce it.,
IFI Irish Film Archive,ifi-irish-film-archive,Ireland,Europe,IE-IFI-IFA,National film archive,https://ifiarchiveplayer.ie/,True,True,https://ifiarchiveplayer.ie/,IFI Archive Player,https://ifiarchiveplayer.ie/kiskadee-jungle/,kiskadee jungle,IFI Archive Player film record,Public film-page metadata exposed by the IFI Archive Player. The permalink represents a public viewing/metadata surface; MAR does not download or redistribute the audiovisual media and does not infer a licence to reproduce it.,
IFI Irish Film Archive,ifi-irish-film-archive,Ireland,Europe,IE-IFI-IFA,National film archive,https://ifiarchiveplayer.ie/,True,True,https://ifiarchiveplayer.ie/,IFI Archive Player,https://ifiarchiveplayer.ie/knorr-bread-sauce/,knorr bread sauce,IFI Archive Player film record,Public film-page metadata exposed by the IFI Archive Player. The permalink represents a public viewing/metadata surface; MAR does not download or redistribute the audiovisual media and does not infer a licence to reproduce it.,
IFI Irish Film Archive,ifi-irish-film-archive,Ireland,Europe,IE-IFI-IFA,National film archive,https://ifiarchiveplayer.ie/,True,True,https://ifiarchiveplayer.ie/,IFI Archive Player,https://ifiarchiveplayer.ie/knorr-good-housewife/,knorr good housewife,IFI Archive Player film record,Public film-page metadata exposed by the IFI Archive Player. The permalink represents a public viewing/metadata surface; MAR does not download or redistribute the audiovisual media and does not infer a licence to reproduce it.,
IFI Irish Film Archive,ifi-irish-film-archive,Ireland,Europe,IE-IFI-IFA,National film archive,https://ifiarchiveplayer.ie/,True,True,https://ifiarchiveplayer.ie/,IFI Archive Player,https://ifiarchiveplayer.ie/kosangas-cooker-dark/,kosangas cooker dark,IFI Archive Player film record,Public film-page metadata exposed by the IFI Archive Player. The permalink represents a public viewing/metadata surface; MAR does not download or redistribute the audiovisual media and does not infer a licence to reproduce it.,
IFI Irish Film Archive,ifi-irish-film-archive,Ireland,Europe,IE-IFI-IFA,National film archive,https://ifiarchiveplayer.ie/,True,True,https://ifiarchiveplayer.ie/,IFI Archive Player,https://ifiarchiveplayer.ie/kosangas-demonstration-man/,kosangas demonstration man,IFI Archive Player film record,Public film-page metadata exposed by the IFI Archive Player. The permalink represents a public viewing/metadata surface; MAR does not download or redistribute the audiovisual media and does not infer a licence to reproduce it.,
IFI Irish Film Archive,ifi-irish-film-archive,Ireland,Europe,IE-IFI-IFA,National film archive,https://ifiarchiveplayer.ie/,True,True,https://ifiarchiveplayer.ie/,IFI Archive Player,https://ifiarchiveplayer.ie/kosangas-free-trial/,kosangas free trial,IFI Archive Player film record,Public film-page metadata exposed by the IFI Archive Player. The permalink represents a public viewing/metadata surface; MAR does not download or redistribute the audiovisual media and does not infer a licence to reproduce it.,
IFI Irish Film Archive,ifi-irish-film-archive,Ireland,Europe,IE-IFI-IFA,National film archive,https://ifiarchiveplayer.ie/,True,True,https://ifiarchiveplayer.ie/,IFI Archive Player,https://ifiarchiveplayer.ie/kosangas-pie/,kosangas pie,IFI Archive Player film record,Public film-page metadata exposed by the IFI Archive Player. The permalink represents a public viewing/metadata surface; MAR does not download or redistribute the audiovisual media and does not infer a licence to reproduce it.,
IFI Irish Film Archive,ifi-irish-film-archive,Ireland,Europe,IE-IFI-IFA,National film archive,https://ifiarchiveplayer.ie/,True,True,https://ifiarchiveplayer.ie/,IFI Archive Player,https://ifiarchiveplayer.ie/kosangas-quick-clean/,kosangas quick clean,IFI Archive Player film record,Public film-page metadata exposed by the IFI Archive Player. The permalink represents a public viewing/metadata surface; MAR does not download or redistribute the audiovisual media and does not infer a licence to reproduce it.,
IFI Irish Film Archive,ifi-irish-film-archive,Ireland,Europe,IE-IFI-IFA,National film archive,https://ifiarchiveplayer.ie/,True,True,https://ifiarchiveplayer.ie/,IFI Archive Player,https://ifiarchiveplayer.ie/kosangas-seventies-style/,kosangas seventies style,IFI Archive Player film record,Public film-page metadata exposed by the IFI Archive Player. The permalink represents a public viewing/metadata surface; MAR does not download or redistribute the audiovisual media and does not infer a licence to reproduce it.,
IFI Irish Film Archive,ifi-irish-film-archive,Ireland,Europe,IE-IFI-IFA,National film archive,https://ifiarchiveplayer.ie/,True,True,https://ifiarchiveplayer.ie/,IFI Archive Player,https://ifiarchiveplayer.ie/kosangas-stove-ring/,kosangas stove ring,IFI Archive Player film record,Public film-page metadata exposed by the IFI Archive Player. The permalink represents a public viewing/metadata surface; MAR does not download or redistribute the audiovisual media and does not infer a licence to reproduce it.,
IFI Irish Film Archive,ifi-irish-film-archive,Ireland,Europe,IE-IFI-IFA,National film archive,https://ifiarchiveplayer.ie/,True,True,https://ifiarchiveplayer.ie/,IFI Archive Player,https://ifiarchiveplayer.ie/kosangas-super-ser/,kosangas super ser,IFI Archive Player film record,Public film-page metadata exposed by the IFI Archive Player. The permalink represents a public viewing/metadata surface; MAR does not download or redistribute the audiovisual media and does not infer a licence to reproduce it.,
IFI Irish Film Archive,ifi-irish-film-archive,Ireland,Europe,IE-IFI-IFA,National film archive,https://ifiarchiveplayer.ie/,True,True,https://ifiarchiveplayer.ie/,IFI Archive Player,https://ifiarchiveplayer.ie/kung-fool/,kung fool,IFI Archive Player film record,Public film-page metadata exposed by the IFI Archive Player. The permalink represents a public viewing/metadata surface; MAR does not download or redistribute the audiovisual media and does not infer a licence to reproduce it.,
IFI Irish Film Archive,ifi-irish-film-archive,Ireland,Europe,IE-IFI-IFA,National film archive,https://ifiarchiveplayer.ie/,True,True,https://ifiarchiveplayer.ie/,IFI Archive Player,https://ifiarchiveplayer.ie/ladies-golf-open-singles-tournament/,ladies golf open singles tournament,IFI Archive Player film record,Public film-page metadata exposed by the IFI Archive Player. The permalink represents a public viewing/metadata surface; MAR does not download or redistribute the audiovisual media and does not infer a licence to reproduce it.,
IFI Irish Film Archive,ifi-irish-film-archive,Ireland,Europe,IE-IFI-IFA,National film archive,https://ifiarchiveplayer.ie/,True,True,https://ifiarchiveplayer.ie/,IFI Archive Player,https://ifiarchiveplayer.ie/lambretta-club-of-ireland-annual-rally/,lambretta club of ireland annual rally,IFI Archive Player film record,Public film-page metadata exposed by the IFI Archive Player. The permalink represents a public viewing/metadata surface; MAR does not download or redistribute the audiovisual media and does not infer a licence to reproduce it.,
IFI Irish Film Archive,ifi-irish-film-archive,Ireland,Europe,IE-IFI-IFA,National film archive,https://ifiarchiveplayer.ie/,True,True,https://ifiarchiveplayer.ie/,IFI Archive Player,https://ifiarchiveplayer.ie/larne-harbour/,larne harbour,IFI Archive Player film record,Public film-page metadata exposed by the IFI Archive Player. The permalink represents a public viewing/metadata surface; MAR does not download or redistribute the audiovisual media and does not infer a licence to reproduce it.,
IFI Irish Film Archive,ifi-irish-film-archive,Ireland,Europe,IE-IFI-IFA,National film archive,https://ifiarchiveplayer.ie/,True,True,https://ifiarchiveplayer.ie/,IFI Archive Player,https://ifiarchiveplayer.ie/last-of-famous-aircraft-spitfires-retire/,last of famous aircraft spitfires retire,IFI Archive Player film record,Public film-page metadata exposed by the IFI Archive Player. The permalink represents a public viewing/metadata surface; MAR does not download or redistribute the audiovisual media and does not infer a licence to reproduce it.,
IFI Irish Film Archive,ifi-irish-film-archive,Ireland,Europe,IE-IFI-IFA,National film archive,https://ifiarchiveplayer.ie/,True,True,https://ifiarchiveplayer.ie/,IFI Archive Player,https://ifiarchiveplayer.ie/late-afternoon/,late afternoon,IFI Archive Player film record,Public film-page metadata exposed by the IFI Archive Player. The permalink represents a public viewing/metadata surface; MAR does not download or redistribute the audiovisual media and does not infer a licence to reproduce it.,
IFI Irish Film Archive,ifi-irish-film-archive,Ireland,Europe,IE-IFI-IFA,National film archive,https://ifiarchiveplayer.ie/,True,True,https://ifiarchiveplayer.ie/,IFI Archive Player,https://ifiarchiveplayer.ie/lawless-ireland/,lawless ireland,IFI Archive Player film record,Public film-page metadata exposed by the IFI Archive Player. The permalink represents a public viewing/metadata surface; MAR does not download or redistribute the audiovisual media and does not infer a licence to reproduce it.,
IFI Irish Film Archive,ifi-irish-film-archive,Ireland,Europe,IE-IFI-IFA,National film archive,https://ifiarchiveplayer.ie/,True,True,https://ifiarchiveplayer.ie/,IFI Archive Player,https://ifiarchiveplayer.ie/lease/,lease,IFI Archive Player film record,Public film-page metadata exposed by the IFI Archive Player. The permalink represents a public viewing/metadata surface; MAR does not download or redistribute the audiovisual media and does not infer a licence to reproduce it.,
IFI Irish Film Archive,ifi-irish-film-archive,Ireland,Europe,IE-IFI-IFA,National film archive,https://ifiarchiveplayer.ie/,True,True,https://ifiarchiveplayer.ie/,IFI Archive Player,https://ifiarchiveplayer.ie/leather-to-last/,leather to last,IFI Archive Player film record,Public film-page metadata exposed by the IFI Archive Player. The permalink represents a public viewing/metadata surface; MAR does not download or redistribute the audiovisual media and does not infer a licence to reproduce it.,
IFI Irish Film Archive,ifi-irish-film-archive,Ireland,Europe,IE-IFI-IFA,National film archive,https://ifiarchiveplayer.ie/,True,True,https://ifiarchiveplayer.ie/,IFI Archive Player,https://ifiarchiveplayer.ie/legend-of-the-lough/,legend of the lough,IFI Archive Player film record,Public film-page metadata exposed by the IFI Archive Player. The permalink represents a public viewing/metadata surface; MAR does not download or redistribute the audiovisual media and does not infer a licence to reproduce it.,
IFI Irish Film Archive,ifi-irish-film-archive,Ireland,Europe,IE-IFI-IFA,National film archive,https://ifiarchiveplayer.ie/,True,True,https://ifiarchiveplayer.ie/,IFI Archive Player,https://ifiarchiveplayer.ie/leinster-championship-rifle-shoot/,leinster championship rifle shoot,IFI Archive Player film record,Public film-page metadata exposed by the IFI Archive Player. The permalink represents a public viewing/metadata surface; MAR does not download or redistribute the audiovisual media and does not infer a licence to reproduce it.,
IFI Irish Film Archive,ifi-irish-film-archive,Ireland,Europe,IE-IFI-IFA,National film archive,https://ifiarchiveplayer.ie/,True,True,https://ifiarchiveplayer.ie/,IFI Archive Player,https://ifiarchiveplayer.ie/leinster-win-interprovincial-rowing/,leinster win interprovincial rowing,IFI Archive Player film record,Public film-page metadata exposed by the IFI Archive Player. The permalink represents a public viewing/metadata surface; MAR does not download or redistribute the audiovisual media and does not infer a licence to reproduce it.,
IFI Irish Film Archive,ifi-irish-film-archive,Ireland,Europe,IE-IFI-IFA,National film archive,https://ifiarchiveplayer.ie/,True,True,https://ifiarchiveplayer.ie/,IFI Archive Player,https://ifiarchiveplayer.ie/lemons-sweets-gems-advertisment/,lemons sweets gems advertisment,IFI Archive Player film record,Public film-page metadata exposed by the IFI Archive Player. The permalink represents a public viewing/metadata surface; MAR does not download or redistribute the audiovisual media and does not infer a licence to reproduce it.,
IFI Irish Film Archive,ifi-irish-film-archive,Ireland,Europe,IE-IFI-IFA,National film archive,https://ifiarchiveplayer.ie/,True,True,https://ifiarchiveplayer.ie/,IFI Archive Player,https://ifiarchiveplayer.ie/lemons-sweets-minuet-assortment-advertisment/,lemons sweets minuet assortment advertisment,IFI Archive Player film record,Public film-page metadata exposed by the IFI Archive Player. The permalink represents a public viewing/metadata surface; MAR does not download or redistribute the audiovisual media and does not infer a licence to reproduce it.,
IFI Irish Film Archive,ifi-irish-film-archive,Ireland,Europe,IE-IFI-IFA,National film archive,https://ifiarchiveplayer.ie/,True,True,https://ifiarchiveplayer.ie/,IFI Archive Player,https://ifiarchiveplayer.ie/lemons-sweets-nut-milk-toffee-advertisment/,lemons sweets nut milk toffee advertisment,IFI Archive Player film record,Public film-page metadata exposed by the IFI Archive Player. The permalink represents a public viewing/metadata surface; MAR does not download or redistribute the audiovisual media and does not infer a licence to reproduce it.,
IFI Irish Film Archive,ifi-irish-film-archive,Ireland,Europe,IE-IFI-IFA,National film archive,https://ifiarchiveplayer.ie/,True,True,https://ifiarchiveplayer.ie/,IFI Archive Player,https://ifiarchiveplayer.ie/liffey-faces/,liffey faces,IFI Archive Player film record,Public film-page metadata exposed by the IFI Archive Player. The permalink represents a public viewing/metadata surface; MAR does not download or redistribute the audiovisual media and does not infer a licence to reproduce it.,
IFI Irish Film Archive,ifi-irish-film-archive,Ireland,Europe,IE-IFI-IFA,National film archive,https://ifiarchiveplayer.ie/,True,True,https://ifiarchiveplayer.ie/,IFI Archive Player,https://ifiarchiveplayer.ie/lipservice/,lipservice,IFI Archive Player film record,Public film-page metadata exposed by the IFI Archive Player. The permalink represents a public viewing/metadata surface; MAR does not download or redistribute the audiovisual media and does not infer a licence to reproduce it.,
IFI Irish Film Archive,ifi-irish-film-archive,Ireland,Europe,IE-IFI-IFA,National film archive,https://ifiarchiveplayer.ie/,True,True,https://ifiarchiveplayer.ie/,IFI Archive Player,https://ifiarchiveplayer.ie/local/,local,IFI Archive Player film record,Public film-page metadata exposed by the IFI Archive Player. The permalink represents a public viewing/metadata surface; MAR does not download or redistribute the audiovisual media and does not infer a licence to reproduce it.,
IFI Irish Film Archive,ifi-irish-film-archive,Ireland,Europe,IE-IFI-IFA,National film archive,https://ifiarchiveplayer.ie/,True,True,https://ifiarchiveplayer.ie/,IFI Archive Player,https://ifiarchiveplayer.ie/logo/,logo,IFI Archive Player film record,Public film-page metadata exposed by the IFI Archive Player. The permalink represents a public viewing/metadata surface; MAR does not download or redistribute the audiovisual media and does not infer a licence to reproduce it.,
IFI Irish Film Archive,ifi-irish-film-archive,Ireland,Europe,IE-IFI-IFA,National film archive,https://ifiarchiveplayer.ie/,True,True,https://ifiarchiveplayer.ie/,IFI Archive Player,https://ifiarchiveplayer.ie/long-hard-road/,long hard road,IFI Archive Player film record,Public film-page metadata exposed by the IFI Archive Player. The permalink represents a public viewing/metadata surface; MAR does not download or redistribute the audiovisual media and does not infer a licence to reproduce it.,
IFI Irish Film Archive,ifi-irish-film-archive,Ireland,Europe,IE-IFI-IFA,National film archive,https://ifiarchiveplayer.ie/,True,True,https://ifiarchiveplayer.ie/,IFI Archive Player,https://ifiarchiveplayer.ie/longford-memorial/,longford memorial,IFI Archive Player film record,Public film-page metadata exposed by the IFI Archive Player. The permalink represents a public viewing/metadata surface; MAR does not download or redistribute the audiovisual media and does not infer a licence to reproduce it.,
IFI Irish Film Archive,ifi-irish-film-archive,Ireland,Europe,IE-IFI-IFA,National film archive,https://ifiarchiveplayer.ie/,True,True,https://ifiarchiveplayer.ie/,IFI Archive Player,https://ifiarchiveplayer.ie/looking-for-lundy/,looking for lundy,IFI Archive Player film record,Public film-page metadata exposed by the IFI Archive Player. The permalink represents a public viewing/metadata surface; MAR does not download or redistribute the audiovisual media and does not infer a licence to reproduce it.,
IFI Irish Film Archive,ifi-irish-film-archive,Ireland,Europe,IE-IFI-IFA,National film archive,https://ifiarchiveplayer.ie/,True,True,https://ifiarchiveplayer.ie/,IFI Archive Player,https://ifiarchiveplayer.ie/looking-on/,looking on,IFI Archive Player film record,Public film-page metadata exposed by the IFI Archive Player. The permalink represents a public viewing/metadata surface; MAR does not download or redistribute the audiovisual media and does not infer a licence to reproduce it.,
IFI Irish Film Archive,ifi-irish-film-archive,Ireland,Europe,IE-IFI-IFA,National film archive,https://ifiarchiveplayer.ie/,True,True,https://ifiarchiveplayer.ie/,IFI Archive Player,https://ifiarchiveplayer.ie/looking-on-joe-duffy/,looking on joe duffy,IFI Archive Player film record,Public film-page metadata exposed by the IFI Archive Player. The permalink represents a public viewing/metadata surface; MAR does not download or redistribute the audiovisual media and does not infer a licence to reproduce it.,
IFI Irish Film Archive,ifi-irish-film-archive,Ireland,Europe,IE-IFI-IFA,National film archive,https://ifiarchiveplayer.ie/,True,True,https://ifiarchiveplayer.ie/,IFI Archive Player,https://ifiarchiveplayer.ie/looking-on-mick-rafferty/,looking on mick rafferty,IFI Archive Player film record,Public film-page metadata exposed by the IFI Archive Player. The permalink represents a public viewing/metadata surface; MAR does not download or redistribute the audiovisual media and does not infer a licence to reproduce it.,
IFI Irish Film Archive,ifi-irish-film-archive,Ireland,Europe,IE-IFI-IFA,National film archive,https://ifiarchiveplayer.ie/,True,True,https://ifiarchiveplayer.ie/,IFI Archive Player,https://ifiarchiveplayer.ie/looking-on-u2-11-o-clock/,looking on u2 11 o clock,IFI Archive Player film record,Public film-page metadata exposed by the IFI Archive Player. The permalink represents a public viewing/metadata surface; MAR does not download or redistribute the audiovisual media and does not infer a licence to reproduce it.,
IFI Irish Film Archive,ifi-irish-film-archive,Ireland,Europe,IE-IFI-IFA,National film archive,https://ifiarchiveplayer.ie/,True,True,https://ifiarchiveplayer.ie/,IFI Archive Player,https://ifiarchiveplayer.ie/looking-on-u2-cat-dubh/,looking on u2 cat dubh,IFI Archive Player film record,Public film-page metadata exposed by the IFI Archive Player. The permalink represents a public viewing/metadata surface; MAR does not download or redistribute the audiovisual media and does not infer a licence to reproduce it.,
IFI Irish Film Archive,ifi-irish-film-archive,Ireland,Europe,IE-IFI-IFA,National film archive,https://ifiarchiveplayer.ie/,True,True,https://ifiarchiveplayer.ie/,IFI Archive Player,https://ifiarchiveplayer.ie/looking-on-u2-lets-twist-again/,looking on u2 lets twist again,IFI Archive Player film record,Public film-page metadata exposed by the IFI Archive Player. The permalink represents a public viewing/metadata surface; MAR does not download or redistribute the audiovisual media and does not infer a licence to reproduce it.,
IFI Irish Film Archive,ifi-irish-film-archive,Ireland,Europe,IE-IFI-IFA,National film archive,https://ifiarchiveplayer.ie/,True,True,https://ifiarchiveplayer.ie/,IFI Archive Player,https://ifiarchiveplayer.ie/lord-mayor-brady-lights-up-new-cinema-canopy/,lord mayor brady lights up new cinema canopy,IFI Archive Player film record,Public film-page metadata exposed by the IFI Archive Player. The permalink represents a public viewing/metadata surface; MAR does not download or redistribute the audiovisual media and does not infer a licence to reproduce it.,
IFI Irish Film Archive,ifi-irish-film-archive,Ireland,Europe,IE-IFI-IFA,National film archive,https://ifiarchiveplayer.ie/,True,True,https://ifiarchiveplayer.ie/,IFI Archive Player,https://ifiarchiveplayer.ie/lord-mayor-of-cork-dead/,lord mayor of cork dead,IFI Archive Player film record,Public film-page metadata exposed by the IFI Archive Player. The permalink represents a public viewing/metadata surface; MAR does not download or redistribute the audiovisual media and does not infer a licence to reproduce it.,
IFI Irish Film Archive,ifi-irish-film-archive,Ireland,Europe,IE-IFI-IFA,National film archive,https://ifiarchiveplayer.ie/,True,True,https://ifiarchiveplayer.ie/,IFI Archive Player,https://ifiarchiveplayer.ie/lord-wimbourne-in-ireland/,lord wimbourne in ireland,IFI Archive Player film record,Public film-page metadata exposed by the IFI Archive Player. The permalink represents a public viewing/metadata surface; MAR does not download or redistribute the audiovisual media and does not infer a licence to reproduce it.,
IFI Irish Film Archive,ifi-irish-film-archive,Ireland,Europe,IE-IFI-IFA,National film archive,https://ifiarchiveplayer.ie/,True,True,https://ifiarchiveplayer.ie/,IFI Archive Player,https://ifiarchiveplayer.ie/love-and-money/,love and money,IFI Archive Player film record,Public film-page metadata exposed by the IFI Archive Player. The permalink represents a public viewing/metadata surface; MAR does not download or redistribute the audiovisual media and does not infer a licence to reproduce it.,
IFI Irish Film Archive,ifi-irish-film-archive,Ireland,Europe,IE-IFI-IFA,National film archive,https://ifiarchiveplayer.ie/,True,True,https://ifiarchiveplayer.ie/,IFI Archive Player,https://ifiarchiveplayer.ie/lovely-legs-contest/,lovely legs contest,IFI Archive Player film record,Public film-page metadata exposed by the IFI Archive Player. The permalink represents a public viewing/metadata surface; MAR does not download or redistribute the audiovisual media and does not infer a licence to reproduce it.,
IFI Irish Film Archive,ifi-irish-film-archive,Ireland,Europe,IE-IFI-IFA,National film archive,https://ifiarchiveplayer.ie/,True,True,https://ifiarchiveplayer.ie/,IFI Archive Player,https://ifiarchiveplayer.ie/luxury-liner-at-dun-laoghaire/,luxury liner at dun laoghaire,IFI Archive Player film record,Public film-page metadata exposed by the IFI Archive Player. The permalink represents a public viewing/metadata surface; MAR does not download or redistribute the audiovisual media and does not infer a licence to reproduce it.,
IFI Irish Film Archive,ifi-irish-film-archive,Ireland,Europe,IE-IFI-IFA,National film archive,https://ifiarchiveplayer.ie/,True,True,https://ifiarchiveplayer.ie/,IFI Archive Player,https://ifiarchiveplayer.ie/luxury-liner-docks-at-dublin/,luxury liner docks at dublin,IFI Archive Player film record,Public film-page metadata exposed by the IFI Archive Player. The permalink represents a public viewing/metadata surface; MAR does not download or redistribute the audiovisual media and does not infer a licence to reproduce it.,
IFI Irish Film Archive,ifi-irish-film-archive,Ireland,Europe,IE-IFI-IFA,National film archive,https://ifiarchiveplayer.ie/,True,True,https://ifiarchiveplayer.ie/,IFI Archive Player,https://ifiarchiveplayer.ie/lying-in-state-of-odonovan-rossa-and-soldiers/,lying in state of odonovan rossa and soldiers,IFI Archive Player film record,Public film-page metadata exposed by the IFI Archive Player. The permalink represents a public viewing/metadata surface; MAR does not download or redistribute the audiovisual media and does not infer a licence to reproduce it.,
IFI Irish Film Archive,ifi-irish-film-archive,Ireland,Europe,IE-IFI-IFA,National film archive,https://ifiarchiveplayer.ie/,True,True,https://ifiarchiveplayer.ie/,IFI Archive Player,https://ifiarchiveplayer.ie/macardles-christmas/,macardles christmas,IFI Archive Player film record,Public film-page metadata exposed by the IFI Archive Player. The permalink represents a public viewing/metadata surface; MAR does not download or redistribute the audiovisual media and does not infer a licence to reproduce it.,
IFI Irish Film Archive,ifi-irish-film-archive,Ireland,Europe,IE-IFI-IFA,National film archive,https://ifiarchiveplayer.ie/,True,True,https://ifiarchiveplayer.ie/,IFI Archive Player,https://ifiarchiveplayer.ie/macardles-merry-christmas/,macardles merry christmas,IFI Archive Player film record,Public film-page metadata exposed by the IFI Archive Player. The permalink represents a public viewing/metadata surface; MAR does not download or redistribute the audiovisual media and does not infer a licence to reproduce it.,
IFI Irish Film Archive,ifi-irish-film-archive,Ireland,Europe,IE-IFI-IFA,National film archive,https://ifiarchiveplayer.ie/,True,True,https://ifiarchiveplayer.ie/,IFI Archive Player,https://ifiarchiveplayer.ie/macardles-no-1/,macardles no 1,IFI Archive Player film record,Public film-page metadata exposed by the IFI Archive Player. The permalink represents a public viewing/metadata surface; MAR does not download or redistribute the audiovisual media and does not infer a licence to reproduce it.,
IFI Irish Film Archive,ifi-irish-film-archive,Ireland,Europe,IE-IFI-IFA,National film archive,https://ifiarchiveplayer.ie/,True,True,https://ifiarchiveplayer.ie/,IFI Archive Player,https://ifiarchiveplayer.ie/macardles-opposities/,macardles opposities,IFI Archive Player film record,Public film-page metadata exposed by the IFI Archive Player. The permalink represents a public viewing/metadata surface; MAR does not download or redistribute the audiovisual media and does not infer a licence to reproduce it.,
IFI Irish Film Archive,ifi-irish-film-archive,Ireland,Europe,IE-IFI-IFA,National film archive,https://ifiarchiveplayer.ie/,True,True,https://ifiarchiveplayer.ie/,IFI Archive Player,https://ifiarchiveplayer.ie/macardles-tradition/,macardles tradition,IFI Archive Player film record,Public film-page metadata exposed by the IFI Archive Player. The permalink represents a public viewing/metadata surface; MAR does not download or redistribute the audiovisual media and does not infer a licence to reproduce it.,
IFI Irish Film Archive,ifi-irish-film-archive,Ireland,Europe,IE-IFI-IFA,National film archive,https://ifiarchiveplayer.ie/,True,True,https://ifiarchiveplayer.ie/,IFI Archive Player,https://ifiarchiveplayer.ie/magic-cooking-bags/,magic cooking bags,IFI Archive Player film record,Public film-page metadata exposed by the IFI Archive Player. The permalink represents a public viewing/metadata surface; MAR does not download or redistribute the audiovisual media and does not infer a licence to reproduce it.,
IFI Irish Film Archive,ifi-irish-film-archive,Ireland,Europe,IE-IFI-IFA,National film archive,https://ifiarchiveplayer.ie/,True,True,https://ifiarchiveplayer.ie/,IFI Archive Player,https://ifiarchiveplayer.ie/maguire-and-paterson-matches-dancing/,maguire and paterson matches dancing,IFI Archive Player film record,Public film-page metadata exposed by the IFI Archive Player. The permalink represents a public viewing/metadata surface; MAR does not download or redistribute the audiovisual media and does not infer a licence to reproduce it.,
IFI Irish Film Archive,ifi-irish-film-archive,Ireland,Europe,IE-IFI-IFA,National film archive,https://ifiarchiveplayer.ie/,True,True,https://ifiarchiveplayer.ie/,IFI Archive Player,https://ifiarchiveplayer.ie/maguire-and-paterson-matches-egypt/,maguire and paterson matches egypt,IFI Archive Player film record,Public film-page metadata exposed by the IFI Archive Player. The permalink represents a public viewing/metadata surface; MAR does not download or redistribute the audiovisual media and does not infer a licence to reproduce it.,
IFI Irish Film Archive,ifi-irish-film-archive,Ireland,Europe,IE-IFI-IFA,National film archive,https://ifiarchiveplayer.ie/,True,True,https://ifiarchiveplayer.ie/,IFI Archive Player,https://ifiarchiveplayer.ie/maguire-and-paterson-matches-la-caramatcha/,maguire and paterson matches la caramatcha,IFI Archive Player film record,Public film-page metadata exposed by the IFI Archive Player. The permalink represents a public viewing/metadata surface; MAR does not download or redistribute the audiovisual media and does not infer a licence to reproduce it.,
IFI Irish Film Archive,ifi-irish-film-archive,Ireland,Europe,IE-IFI-IFA,National film archive,https://ifiarchiveplayer.ie/,True,True,https://ifiarchiveplayer.ie/,IFI Archive Player,https://ifiarchiveplayer.ie/maidens-in-distress/,maidens in distress,IFI Archive Player film record,Public film-page metadata exposed by the IFI Archive Player. The permalink represents a public viewing/metadata surface; MAR does not download or redistribute the audiovisual media and does not infer a licence to reproduce it.,
IFI Irish Film Archive,ifi-irish-film-archive,Ireland,Europe,IE-IFI-IFA,National film archive,https://ifiarchiveplayer.ie/,True,True,https://ifiarchiveplayer.ie/,IFI Archive Player,https://ifiarchiveplayer.ie/mairead-farrell-armagh-prison/,mairead farrell armagh prison,IFI Archive Player film record,Public film-page metadata exposed by the IFI Archive Player. The permalink represents a public viewing/metadata surface; MAR does not download or redistribute the audiovisual media and does not infer a licence to reproduce it.,
IFI Irish Film Archive,ifi-irish-film-archive,Ireland,Europe,IE-IFI-IFA,National film archive,https://ifiarchiveplayer.ie/,True,True,https://ifiarchiveplayer.ie/,IFI Archive Player,https://ifiarchiveplayer.ie/mairead-farrell-republican-icon/,mairead farrell republican icon,IFI Archive Player film record,Public film-page metadata exposed by the IFI Archive Player. The permalink represents a public viewing/metadata surface; MAR does not download or redistribute the audiovisual media and does not infer a licence to reproduce it.,
IFI Irish Film Archive,ifi-irish-film-archive,Ireland,Europe,IE-IFI-IFA,National film archive,https://ifiarchiveplayer.ie/,True,True,https://ifiarchiveplayer.ie/,IFI Archive Player,https://ifiarchiveplayer.ie/mairead_farrell/,mairead_farrell,IFI Archive Player film record,Public film-page metadata exposed by the IFI Archive Player. The permalink represents a public viewing/metadata surface; MAR does not download or redistribute the audiovisual media and does not infer a licence to reproduce it.,
IFI Irish Film Archive,ifi-irish-film-archive,Ireland,Europe,IE-IFI-IFA,National film archive,https://ifiarchiveplayer.ie/,True,True,https://ifiarchiveplayer.ie/,IFI Archive Player,https://ifiarchiveplayer.ie/malayan-independence-ball/,malayan independence ball,IFI Archive Player film record,Public film-page metadata exposed by the IFI Archive Player. The permalink represents a public viewing/metadata surface; MAR does not download or redistribute the audiovisual media and does not infer a licence to reproduce it.,
IFI Irish Film Archive,ifi-irish-film-archive,Ireland,Europe,IE-IFI-IFA,National film archive,https://ifiarchiveplayer.ie/,True,True,https://ifiarchiveplayer.ie/,IFI Archive Player,https://ifiarchiveplayer.ie/man/,man,IFI Archive Player film record,Public film-page metadata exposed by the IFI Archive Player. The permalink represents a public viewing/metadata surface; MAR does not download or redistribute the audiovisual media and does not infer a licence to reproduce it.,
IFI Irish Film Archive,ifi-irish-film-archive,Ireland,Europe,IE-IFI-IFA,National film archive,https://ifiarchiveplayer.ie/,True,True,https://ifiarchiveplayer.ie/,IFI Archive Player,https://ifiarchiveplayer.ie/mansion-house-ideal-homes-exhibition/,mansion house ideal homes exhibition,IFI Archive Player film record,Public film-page metadata exposed by the IFI Archive Player. The permalink represents a public viewing/metadata surface; MAR does not download or redistribute the audiovisual media and does not infer a licence to reproduce it.,
IFI Irish Film Archive,ifi-irish-film-archive,Ireland,Europe,IE-IFI-IFA,National film archive,https://ifiarchiveplayer.ie/,True,True,https://ifiarchiveplayer.ie/,IFI Archive Player,https://ifiarchiveplayer.ie/marion-agus-an-banphrionsa/,marion agus an banphrionsa,IFI Archive Player film record,Public film-page metadata exposed by the IFI Archive Player. The permalink represents a public viewing/metadata surface; MAR does not download or redistribute the audiovisual media and does not infer a licence to reproduce it.,
IFI Irish Film Archive,ifi-irish-film-archive,Ireland,Europe,IE-IFI-IFA,National film archive,https://ifiarchiveplayer.ie/,True,True,https://ifiarchiveplayer.ie/,IFI Archive Player,https://ifiarchiveplayer.ie/martial-law-in-ireland/,martial law in ireland,IFI Archive Player film record,Public film-page metadata exposed by the IFI Archive Player. The permalink represents a public viewing/metadata surface; MAR does not download or redistribute the audiovisual media and does not infer a licence to reproduce it.,
IFI Irish Film Archive,ifi-irish-film-archive,Ireland,Europe,IE-IFI-IFA,National film archive,https://ifiarchiveplayer.ie/,True,True,https://ifiarchiveplayer.ie/,IFI Archive Player,https://ifiarchiveplayer.ie/maxwell-house-house-music/,maxwell house house music,IFI Archive Player film record,Public film-page metadata exposed by the IFI Archive Player. The permalink represents a public viewing/metadata surface; MAR does not download or redistribute the audiovisual media and does not infer a licence to reproduce it.,
IFI Irish Film Archive,ifi-irish-film-archive,Ireland,Europe,IE-IFI-IFA,National film archive,https://ifiarchiveplayer.ie/,True,True,https://ifiarchiveplayer.ie/,IFI Archive Player,https://ifiarchiveplayer.ie/maxwell-house-moving-house/,maxwell house moving house,IFI Archive Player film record,Public film-page metadata exposed by the IFI Archive Player. The permalink represents a public viewing/metadata surface; MAR does not download or redistribute the audiovisual media and does not infer a licence to reproduce it.,
IFI Irish Film Archive,ifi-irish-film-archive,Ireland,Europe,IE-IFI-IFA,National film archive,https://ifiarchiveplayer.ie/,True,True,https://ifiarchiveplayer.ie/,IFI Archive Player,https://ifiarchiveplayer.ie/maxwell-house-spice-jar/,maxwell house spice jar,IFI Archive Player film record,Public film-page metadata exposed by the IFI Archive Player. The permalink represents a public viewing/metadata surface; MAR does not download or redistribute the audiovisual media and does not infer a licence to reproduce it.,
IFI Irish Film Archive,ifi-irish-film-archive,Ireland,Europe,IE-IFI-IFA,National film archive,https://ifiarchiveplayer.ie/,True,True,https://ifiarchiveplayer.ie/,IFI Archive Player,https://ifiarchiveplayer.ie/mcvities-teddy-bear/,mcvities teddy bear,IFI Archive Player film record,Public film-page metadata exposed by the IFI Archive Player. The permalink represents a public viewing/metadata surface; MAR does not download or redistribute the audiovisual media and does not infer a licence to reproduce it.,
IFI Irish Film Archive,ifi-irish-film-archive,Ireland,Europe,IE-IFI-IFA,National film archive,https://ifiarchiveplayer.ie/,True,True,https://ifiarchiveplayer.ie/,IFI Archive Player,https://ifiarchiveplayer.ie/me-first/,me first,IFI Archive Player film record,Public film-page metadata exposed by the IFI Archive Player. The permalink represents a public viewing/metadata surface; MAR does not download or redistribute the audiovisual media and does not infer a licence to reproduce it.,
IFI Irish Film Archive,ifi-irish-film-archive,Ireland,Europe,IE-IFI-IFA,National film archive,https://ifiarchiveplayer.ie/,True,True,https://ifiarchiveplayer.ie/,IFI Archive Player,https://ifiarchiveplayer.ie/mec-motor-rally-trials-in-dun-laoghaire/,mec motor rally trials in dun laoghaire,IFI Archive Player film record,Public film-page metadata exposed by the IFI Archive Player. The permalink represents a public viewing/metadata surface; MAR does not download or redistribute the audiovisual media and does not infer a licence to reproduce it.,
IFI Irish Film Archive,ifi-irish-film-archive,Ireland,Europe,IE-IFI-IFA,National film archive,https://ifiarchiveplayer.ie/,True,True,https://ifiarchiveplayer.ie/,IFI Archive Player,https://ifiarchiveplayer.ie/meccano-make-your-own-world/,meccano make your own world,IFI Archive Player film record,Public film-page metadata exposed by the IFI Archive Player. The permalink represents a public viewing/metadata surface; MAR does not download or redistribute the audiovisual media and does not infer a licence to reproduce it.,
IFI Irish Film Archive,ifi-irish-film-archive,Ireland,Europe,IE-IFI-IFA,National film archive,https://ifiarchiveplayer.ie/,True,True,https://ifiarchiveplayer.ie/,IFI Archive Player,https://ifiarchiveplayer.ie/mechanic/,mechanic,IFI Archive Player film record,Public film-page metadata exposed by the IFI Archive Player. The permalink represents a public viewing/metadata surface; MAR does not download or redistribute the audiovisual media and does not infer a licence to reproduce it.,
IFI Irish Film Archive,ifi-irish-film-archive,Ireland,Europe,IE-IFI-IFA,National film archive,https://ifiarchiveplayer.ie/,True,True,https://ifiarchiveplayer.ie/,IFI Archive Player,https://ifiarchiveplayer.ie/medical-congress-delegates-visit-brewery/,medical congress delegates visit brewery,IFI Archive Player film record,Public film-page metadata exposed by the IFI Archive Player. The permalink represents a public viewing/metadata surface; MAR does not download or redistribute the audiovisual media and does not infer a licence to reproduce it.,
IFI Irish Film Archive,ifi-irish-film-archive,Ireland,Europe,IE-IFI-IFA,National film archive,https://ifiarchiveplayer.ie/,True,True,https://ifiarchiveplayer.ie/,IFI Archive Player,https://ifiarchiveplayer.ie/mi-wadi-orange-tree/,mi wadi orange tree,IFI Archive Player film record,Public film-page metadata exposed by the IFI Archive Player. The permalink represents a public viewing/metadata surface; MAR does not download or redistribute the audiovisual media and does not infer a licence to reproduce it.,
IFI Irish Film Archive,ifi-irish-film-archive,Ireland,Europe,IE-IFI-IFA,National film archive,https://ifiarchiveplayer.ie/,True,True,https://ifiarchiveplayer.ie/,IFI Archive Player,https://ifiarchiveplayer.ie/michael-collins/,michael collins,IFI Archive Player film record,Public film-page metadata exposed by the IFI Archive Player. The permalink represents a public viewing/metadata surface; MAR does not download or redistribute the audiovisual media and does not infer a licence to reproduce it.,
IFI Irish Film Archive,ifi-irish-film-archive,Ireland,Europe,IE-IFI-IFA,National film archive,https://ifiarchiveplayer.ie/,True,True,https://ifiarchiveplayer.ie/,IFI Archive Player,https://ifiarchiveplayer.ie/michael-collins-crowds/,michael collins crowds,IFI Archive Player film record,Public film-page metadata exposed by the IFI Archive Player. The permalink represents a public viewing/metadata surface; MAR does not download or redistribute the audiovisual media and does not infer a licence to reproduce it.,
IFI Irish Film Archive,ifi-irish-film-archive,Ireland,Europe,IE-IFI-IFA,National film archive,https://ifiarchiveplayer.ie/,True,True,https://ifiarchiveplayer.ie/,IFI Archive Player,https://ifiarchiveplayer.ie/milk-of-magnesia-boat/,milk of magnesia boat,IFI Archive Player film record,Public film-page metadata exposed by the IFI Archive Player. The permalink represents a public viewing/metadata surface; MAR does not download or redistribute the audiovisual media and does not infer a licence to reproduce it.,
IFI Irish Film Archive,ifi-irish-film-archive,Ireland,Europe,IE-IFI-IFA,National film archive,https://ifiarchiveplayer.ie/,True,True,https://ifiarchiveplayer.ie/,IFI Archive Player,https://ifiarchiveplayer.ie/milk-of-magnesia-tablets/,milk of magnesia tablets,IFI Archive Player film record,Public film-page metadata exposed by the IFI Archive Player. The permalink represents a public viewing/metadata surface; MAR does not download or redistribute the audiovisual media and does not infer a licence to reproduce it.,
IFI Irish Film Archive,ifi-irish-film-archive,Ireland,Europe,IE-IFI-IFA,National film archive,https://ifiarchiveplayer.ie/,True,True,https://ifiarchiveplayer.ie/,IFI Archive Player,https://ifiarchiveplayer.ie/minister-haughey-reviews-new-gardai-recruits/,minister haughey reviews new gardai recruits,IFI Archive Player film record,Public film-page metadata exposed by the IFI Archive Player. The permalink represents a public viewing/metadata surface; MAR does not download or redistribute the audiovisual media and does not infer a licence to reproduce it.,
IFI Irish Film Archive,ifi-irish-film-archive,Ireland,Europe,IE-IFI-IFA,National film archive,https://ifiarchiveplayer.ie/,True,True,https://ifiarchiveplayer.ie/,IFI Archive Player,https://ifiarchiveplayer.ie/miss-cinema-1963/,miss cinema 1963,IFI Archive Player film record,Public film-page metadata exposed by the IFI Archive Player. The permalink represents a public viewing/metadata surface; MAR does not download or redistribute the audiovisual media and does not infer a licence to reproduce it.,
IFI Irish Film Archive,ifi-irish-film-archive,Ireland,Europe,IE-IFI-IFA,National film archive,https://ifiarchiveplayer.ie/,True,True,https://ifiarchiveplayer.ie/,IFI Archive Player,https://ifiarchiveplayer.ie/miss-dublin-wins-beauty-contest/,miss dublin wins beauty contest,IFI Archive Player film record,Public film-page metadata exposed by the IFI Archive Player. The permalink represents a public viewing/metadata surface; MAR does not download or redistribute the audiovisual media and does not infer a licence to reproduce it.,
IFI Irish Film Archive,ifi-irish-film-archive,Ireland,Europe,IE-IFI-IFA,National film archive,https://ifiarchiveplayer.ie/,True,True,https://ifiarchiveplayer.ie/,IFI Archive Player,https://ifiarchiveplayer.ie/missing-green/,missing green,IFI Archive Player film record,Public film-page metadata exposed by the IFI Archive Player. The permalink represents a public viewing/metadata surface; MAR does not download or redistribute the audiovisual media and does not infer a licence to reproduce it.,
IFI Irish Film Archive,ifi-irish-film-archive,Ireland,Europe,IE-IFI-IFA,National film archive,https://ifiarchiveplayer.ie/,True,True,https://ifiarchiveplayer.ie/,IFI Archive Player,https://ifiarchiveplayer.ie/mists-of-time/,mists of time,IFI Archive Player film record,Public film-page metadata exposed by the IFI Archive Player. The permalink represents a public viewing/metadata surface; MAR does not download or redistribute the audiovisual media and does not infer a licence to reproduce it.,
IFI Irish Film Archive,ifi-irish-film-archive,Ireland,Europe,IE-IFI-IFA,National film archive,https://ifiarchiveplayer.ie/,True,True,https://ifiarchiveplayer.ie/,IFI Archive Player,https://ifiarchiveplayer.ie/mna-an-ira-1/,mna an ira 1,IFI Archive Player film record,Public film-page metadata exposed by the IFI Archive Player. The permalink represents a public viewing/metadata surface; MAR does not download or redistribute the audiovisual media and does not infer a licence to reproduce it.,
IFI Irish Film Archive,ifi-irish-film-archive,Ireland,Europe,IE-IFI-IFA,National film archive,https://ifiarchiveplayer.ie/,True,True,https://ifiarchiveplayer.ie/,IFI Archive Player,https://ifiarchiveplayer.ie/mna-an-ira-2/,mna an ira 2,IFI Archive Player film record,Public film-page metadata exposed by the IFI Archive Player. The permalink represents a public viewing/metadata surface; MAR does not download or redistribute the audiovisual media and does not infer a licence to reproduce it.,
IFI Irish Film Archive,ifi-irish-film-archive,Ireland,Europe,IE-IFI-IFA,National film archive,https://ifiarchiveplayer.ie/,True,True,https://ifiarchiveplayer.ie/,IFI Archive Player,https://ifiarchiveplayer.ie/mna-an-ira-3/,mna an ira 3,IFI Archive Player film record,Public film-page metadata exposed by the IFI Archive Player. The permalink represents a public viewing/metadata surface; MAR does not download or redistribute the audiovisual media and does not infer a licence to reproduce it.,
IFI Irish Film Archive,ifi-irish-film-archive,Ireland,Europe,IE-IFI-IFA,National film archive,https://ifiarchiveplayer.ie/,True,True,https://ifiarchiveplayer.ie/,IFI Archive Player,https://ifiarchiveplayer.ie/mna-an-ira-4/,mna an ira 4,IFI Archive Player film record,Public film-page metadata exposed by the IFI Archive Player. The permalink represents a public viewing/metadata surface; MAR does not download or redistribute the audiovisual media and does not infer a licence to reproduce it.,
IFI Irish Film Archive,ifi-irish-film-archive,Ireland,Europe,IE-IFI-IFA,National film archive,https://ifiarchiveplayer.ie/,True,True,https://ifiarchiveplayer.ie/,IFI Archive Player,https://ifiarchiveplayer.ie/mna-an-ira-5/,mna an ira 5,IFI Archive Player film record,Public film-page metadata exposed by the IFI Archive Player. The permalink represents a public viewing/metadata surface; MAR does not download or redistribute the audiovisual media and does not infer a licence to reproduce it.,
IFI Irish Film Archive,ifi-irish-film-archive,Ireland,Europe,IE-IFI-IFA,National film archive,https://ifiarchiveplayer.ie/,True,True,https://ifiarchiveplayer.ie/,IFI Archive Player,https://ifiarchiveplayer.ie/mna-an-ira-6/,mna an ira 6,IFI Archive Player film record,Public film-page metadata exposed by the IFI Archive Player. The permalink represents a public viewing/metadata surface; MAR does not download or redistribute the audiovisual media and does not infer a licence to reproduce it.,
IFI Irish Film Archive,ifi-irish-film-archive,Ireland,Europe,IE-IFI-IFA,National film archive,https://ifiarchiveplayer.ie/,True,True,https://ifiarchiveplayer.ie/,IFI Archive Player,https://ifiarchiveplayer.ie/modernisation/,modernisation,IFI Archive Player film record,Public film-page metadata exposed by the IFI Archive Player. The permalink represents a public viewing/metadata surface; MAR does not download or redistribute the audiovisual media and does not infer a licence to reproduce it.,
IFI Irish Film Archive,ifi-irish-film-archive,Ireland,Europe,IE-IFI-IFA,National film archive,https://ifiarchiveplayer.ie/,True,True,https://ifiarchiveplayer.ie/,IFI Archive Player,https://ifiarchiveplayer.ie/monsignor-reid-collection-castlerea-train-station/,monsignor reid collection castlerea train station,IFI Archive Player film record,Public film-page metadata exposed by the IFI Archive Player. The permalink represents a public viewing/metadata surface; MAR does not download or redistribute the audiovisual media and does not infer a licence to reproduce it.,
IFI Irish Film Archive,ifi-irish-film-archive,Ireland,Europe,IE-IFI-IFA,National film archive,https://ifiarchiveplayer.ie/,True,True,https://ifiarchiveplayer.ie/,IFI Archive Player,https://ifiarchiveplayer.ie/monsignor-reid-collection-holiday-in-england/,monsignor reid collection holiday in england,IFI Archive Player film record,Public film-page metadata exposed by the IFI Archive Player. The permalink represents a public viewing/metadata surface; MAR does not download or redistribute the audiovisual media and does not infer a licence to reproduce it.,
IFI Irish Film Archive,ifi-irish-film-archive,Ireland,Europe,IE-IFI-IFA,National film archive,https://ifiarchiveplayer.ie/,True,True,https://ifiarchiveplayer.ie/,IFI Archive Player,https://ifiarchiveplayer.ie/monsignor-reid-collection-holiday-in-highland-new-york/,monsignor reid collection holiday in highland new york,IFI Archive Player film record,Public film-page metadata exposed by the IFI Archive Player. The permalink represents a public viewing/metadata surface; MAR does not download or redistribute the audiovisual media and does not infer a licence to reproduce it.,
IFI Irish Film Archive,ifi-irish-film-archive,Ireland,Europe,IE-IFI-IFA,National film archive,https://ifiarchiveplayer.ie/,True,True,https://ifiarchiveplayer.ie/,IFI Archive Player,https://ifiarchiveplayer.ie/monsignor-reid-collection-limerick-city/,monsignor reid collection limerick city,IFI Archive Player film record,Public film-page metadata exposed by the IFI Archive Player. The permalink represents a public viewing/metadata surface; MAR does not download or redistribute the audiovisual media and does not infer a licence to reproduce it.,
IFI Irish Film Archive,ifi-irish-film-archive,Ireland,Europe,IE-IFI-IFA,National film archive,https://ifiarchiveplayer.ie/,True,True,https://ifiarchiveplayer.ie/,IFI Archive Player,https://ifiarchiveplayer.ie/monsignor-reid-collection-moments-in-ireland/,monsignor reid collection moments in ireland,IFI Archive Player film record,Public film-page metadata exposed by the IFI Archive Player. The permalink represents a public viewing/metadata surface; MAR does not download or redistribute the audiovisual media and does not infer a licence to reproduce it.,
IFI Irish Film Archive,ifi-irish-film-archive,Ireland,Europe,IE-IFI-IFA,National film archive,https://ifiarchiveplayer.ie/,True,True,https://ifiarchiveplayer.ie/,IFI Archive Player,https://ifiarchiveplayer.ie/monsignor-reid-collection-oconnell-street-dublin/,monsignor reid collection oconnell street dublin,IFI Archive Player film record,Public film-page metadata exposed by the IFI Archive Player. The permalink represents a public viewing/metadata surface; MAR does not download or redistribute the audiovisual media and does not infer a licence to reproduce it.,
IFI Irish Film Archive,ifi-irish-film-archive,Ireland,Europe,IE-IFI-IFA,National film archive,https://ifiarchiveplayer.ie/,True,True,https://ifiarchiveplayer.ie/,IFI Archive Player,https://ifiarchiveplayer.ie/monsignor-reid-collection-the-cliffs-of-moher/,monsignor reid collection the cliffs of moher,IFI Archive Player film record,Public film-page metadata exposed by the IFI Archive Player. The permalink represents a public viewing/metadata surface; MAR does not download or redistribute the audiovisual media and does not infer a licence to reproduce it.,
IFI Irish Film Archive,ifi-irish-film-archive,Ireland,Europe,IE-IFI-IFA,National film archive,https://ifiarchiveplayer.ie/,True,True,https://ifiarchiveplayer.ie/,IFI Archive Player,https://ifiarchiveplayer.ie/moonshine/,moonshine,IFI Archive Player film record,Public film-page metadata exposed by the IFI Archive Player. The permalink represents a public viewing/metadata surface; MAR does not download or redistribute the audiovisual media and does not infer a licence to reproduce it.,
IFI Irish Film Archive,ifi-irish-film-archive,Ireland,Europe,IE-IFI-IFA,National film archive,https://ifiarchiveplayer.ie/,True,True,https://ifiarchiveplayer.ie/,IFI Archive Player,https://ifiarchiveplayer.ie/mopping-up/,mopping up,IFI Archive Player film record,Public film-page metadata exposed by the IFI Archive Player. The permalink represents a public viewing/metadata surface; MAR does not download or redistribute the audiovisual media and does not infer a licence to reproduce it.,
IFI Irish Film Archive,ifi-irish-film-archive,Ireland,Europe,IE-IFI-IFA,National film archive,https://ifiarchiveplayer.ie/,True,True,https://ifiarchiveplayer.ie/,IFI Archive Player,https://ifiarchiveplayer.ie/more-than-half-a-million-mourners/,more than half a million mourners,IFI Archive Player film record,Public film-page metadata exposed by the IFI Archive Player. The permalink represents a public viewing/metadata surface; MAR does not download or redistribute the audiovisual media and does not infer a licence to reproduce it.,
IFI Irish Film Archive,ifi-irish-film-archive,Ireland,Europe,IE-IFI-IFA,National film archive,https://ifiarchiveplayer.ie/,True,True,https://ifiarchiveplayer.ie/,IFI Archive Player,https://ifiarchiveplayer.ie/mosaic-concert/,mosaic concert,IFI Archive Player film record,Public film-page metadata exposed by the IFI Archive Player. The permalink represents a public viewing/metadata surface; MAR does not download or redistribute the audiovisual media and does not infer a licence to reproduce it.,
IFI Irish Film Archive,ifi-irish-film-archive,Ireland,Europe,IE-IFI-IFA,National film archive,https://ifiarchiveplayer.ie/,True,True,https://ifiarchiveplayer.ie/,IFI Archive Player,https://ifiarchiveplayer.ie/mosney-stars-entertain-orphans/,mosney stars entertain orphans,IFI Archive Player film record,Public film-page metadata exposed by the IFI Archive Player. The permalink represents a public viewing/metadata surface; MAR does not download or redistribute the audiovisual media and does not infer a licence to reproduce it.,
IFI Irish Film Archive,ifi-irish-film-archive,Ireland,Europe,IE-IFI-IFA,National film archive,https://ifiarchiveplayer.ie/,True,True,https://ifiarchiveplayer.ie/,IFI Archive Player,https://ifiarchiveplayer.ie/motor-cycling-skerries-100/,motor cycling skerries 100,IFI Archive Player film record,Public film-page metadata exposed by the IFI Archive Player. The permalink represents a public viewing/metadata surface; MAR does not download or redistribute the audiovisual media and does not infer a licence to reproduce it.,
IFI Irish Film Archive,ifi-irish-film-archive,Ireland,Europe,IE-IFI-IFA,National film archive,https://ifiarchiveplayer.ie/,True,True,https://ifiarchiveplayer.ie/,IFI Archive Player,https://ifiarchiveplayer.ie/motorcycling-grasstrack-race-meeting/,motorcycling grasstrack race meeting,IFI Archive Player film record,Public film-page metadata exposed by the IFI Archive Player. The permalink represents a public viewing/metadata surface; MAR does not download or redistribute the audiovisual media and does not infer a licence to reproduce it.,
IFI Irish Film Archive,ifi-irish-film-archive,Ireland,Europe,IE-IFI-IFA,National film archive,https://ifiarchiveplayer.ie/,True,True,https://ifiarchiveplayer.ie/,IFI Archive Player,https://ifiarchiveplayer.ie/motorcyclists-splash-in-stapleton-cup/,motorcyclists splash in stapleton cup,IFI Archive Player film record,Public film-page metadata exposed by the IFI Archive Player. The permalink represents a public viewing/metadata surface; MAR does not download or redistribute the audiovisual media and does not infer a licence to reproduce it.,
IFI Irish Film Archive,ifi-irish-film-archive,Ireland,Europe,IE-IFI-IFA,National film archive,https://ifiarchiveplayer.ie/,True,True,https://ifiarchiveplayer.ie/,IFI Archive Player,https://ifiarchiveplayer.ie/mount-merrion-horse-show/,mount merrion horse show,IFI Archive Player film record,Public film-page metadata exposed by the IFI Archive Player. The permalink represents a public viewing/metadata surface; MAR does not download or redistribute the audiovisual media and does not infer a licence to reproduce it.,
IFI Irish Film Archive,ifi-irish-film-archive,Ireland,Europe,IE-IFI-IFA,National film archive,https://ifiarchiveplayer.ie/,True,True,https://ifiarchiveplayer.ie/,IFI Archive Player,https://ifiarchiveplayer.ie/moving-crib-tells-christmas-story/,moving crib tells christmas story,IFI Archive Player film record,Public film-page metadata exposed by the IFI Archive Player. The permalink represents a public viewing/metadata surface; MAR does not download or redistribute the audiovisual media and does not infer a licence to reproduce it.,
IFI Irish Film Archive,ifi-irish-film-archive,Ireland,Europe,IE-IFI-IFA,National film archive,https://ifiarchiveplayer.ie/,True,True,https://ifiarchiveplayer.ie/,IFI Archive Player,https://ifiarchiveplayer.ie/moving-production-of-passion-play/,moving production of passion play,IFI Archive Player film record,Public film-page metadata exposed by the IFI Archive Player. The permalink represents a public viewing/metadata surface; MAR does not download or redistribute the audiovisual media and does not infer a licence to reproduce it.,
IFI Irish Film Archive,ifi-irish-film-archive,Ireland,Europe,IE-IFI-IFA,National film archive,https://ifiarchiveplayer.ie/,True,True,https://ifiarchiveplayer.ie/,IFI Archive Player,https://ifiarchiveplayer.ie/mr-alfred-lord-mayor-of-dublin/,mr alfred lord mayor of dublin,IFI Archive Player film record,Public film-page metadata exposed by the IFI Archive Player. The permalink represents a public viewing/metadata surface; MAR does not download or redistribute the audiovisual media and does not infer a licence to reproduce it.,
IFI Irish Film Archive,ifi-irish-film-archive,Ireland,Europe,IE-IFI-IFA,National film archive,https://ifiarchiveplayer.ie/,True,True,https://ifiarchiveplayer.ie/,IFI Archive Player,https://ifiarchiveplayer.ie/mr-careless-goes-to-town/,mr careless goes to town,IFI Archive Player film record,Public film-page metadata exposed by the IFI Archive Player. The permalink represents a public viewing/metadata surface; MAR does not download or redistribute the audiovisual media and does not infer a licence to reproduce it.,
IFI Irish Film Archive,ifi-irish-film-archive,Ireland,Europe,IE-IFI-IFA,National film archive,https://ifiarchiveplayer.ie/,True,True,https://ifiarchiveplayer.ie/,IFI Archive Player,https://ifiarchiveplayer.ie/mr-yeats-the-beastly-coins/,mr yeats the beastly coins,IFI Archive Player film record,Public film-page metadata exposed by the IFI Archive Player. The permalink represents a public viewing/metadata surface; MAR does not download or redistribute the audiovisual media and does not infer a licence to reproduce it.,
IFI Irish Film Archive,ifi-irish-film-archive,Ireland,Europe,IE-IFI-IFA,National film archive,https://ifiarchiveplayer.ie/,True,True,https://ifiarchiveplayer.ie/,IFI Archive Player,https://ifiarchiveplayer.ie/muscles-for-everyone/,muscles for everyone,IFI Archive Player film record,Public film-page metadata exposed by the IFI Archive Player. The permalink represents a public viewing/metadata surface; MAR does not download or redistribute the audiovisual media and does not infer a licence to reproduce it.,
IFI Irish Film Archive,ifi-irish-film-archive,Ireland,Europe,IE-IFI-IFA,National film archive,https://ifiarchiveplayer.ie/,True,True,https://ifiarchiveplayer.ie/,IFI Archive Player,https://ifiarchiveplayer.ie/musgrave-tea-matchmaker/,musgrave tea matchmaker,IFI Archive Player film record,Public film-page metadata exposed by the IFI Archive Player. The permalink represents a public viewing/metadata surface; MAR does not download or redistribute the audiovisual media and does not infer a licence to reproduce it.,
IFI Irish Film Archive,ifi-irish-film-archive,Ireland,Europe,IE-IFI-IFA,National film archive,https://ifiarchiveplayer.ie/,True,True,https://ifiarchiveplayer.ie/,IFI Archive Player,https://ifiarchiveplayer.ie/musgraves-tea-consistent/,musgraves tea consistent,IFI Archive Player film record,Public film-page metadata exposed by the IFI Archive Player. The permalink represents a public viewing/metadata surface; MAR does not download or redistribute the audiovisual media and does not infer a licence to reproduce it.,
IFI Irish Film Archive,ifi-irish-film-archive,Ireland,Europe,IE-IFI-IFA,National film archive,https://ifiarchiveplayer.ie/,True,True,https://ifiarchiveplayer.ie/,IFI Archive Player,https://ifiarchiveplayer.ie/musgraves-tea-happy-reunion/,musgraves tea happy reunion,IFI Archive Player film record,Public film-page metadata exposed by the IFI Archive Player. The permalink represents a public viewing/metadata surface; MAR does not download or redistribute the audiovisual media and does not infer a licence to reproduce it.,
IFI Irish Film Archive,ifi-irish-film-archive,Ireland,Europe,IE-IFI-IFA,National film archive,https://ifiarchiveplayer.ie/,True,True,https://ifiarchiveplayer.ie/,IFI Archive Player,https://ifiarchiveplayer.ie/my-life-for-ireland/,my life for ireland,IFI Archive Player film record,Public film-page metadata exposed by the IFI Archive Player. The permalink represents a public viewing/metadata surface; MAR does not download or redistribute the audiovisual media and does not infer a licence to reproduce it.,
IFI Irish Film Archive,ifi-irish-film-archive,Ireland,Europe,IE-IFI-IFA,National film archive,https://ifiarchiveplayer.ie/,True,True,https://ifiarchiveplayer.ie/,IFI Archive Player,https://ifiarchiveplayer.ie/naas-races-blessington-handicap-chase/,naas races blessington handicap chase,IFI Archive Player film record,Public film-page metadata exposed by the IFI Archive Player. The permalink represents a public viewing/metadata surface; MAR does not download or redistribute the audiovisual media and does not infer a licence to reproduce it.,
IFI Irish Film Archive,ifi-irish-film-archive,Ireland,Europe,IE-IFI-IFA,National film archive,https://ifiarchiveplayer.ie/,True,True,https://ifiarchiveplayer.ie/,IFI Archive Player,https://ifiarchiveplayer.ie/national-stadium-bantam-weight-fights-hamrock-beats-noone/,national stadium bantam weight fights hamrock beats noone,IFI Archive Player film record,Public film-page metadata exposed by the IFI Archive Player. The permalink represents a public viewing/metadata surface; MAR does not download or redistribute the audiovisual media and does not infer a licence to reproduce it.,
IFI Irish Film Archive,ifi-irish-film-archive,Ireland,Europe,IE-IFI-IFA,National film archive,https://ifiarchiveplayer.ie/,True,True,https://ifiarchiveplayer.ie/,IFI Archive Player,https://ifiarchiveplayer.ie/natural-festival/,natural festival,IFI Archive Player film record,Public film-page metadata exposed by the IFI Archive Player. The permalink represents a public viewing/metadata surface; MAR does not download or redistribute the audiovisual media and does not infer a licence to reproduce it.,
IFI Irish Film Archive,ifi-irish-film-archive,Ireland,Europe,IE-IFI-IFA,National film archive,https://ifiarchiveplayer.ie/,True,True,https://ifiarchiveplayer.ie/,IFI Archive Player,https://ifiarchiveplayer.ie/natural-party/,natural party,IFI Archive Player film record,Public film-page metadata exposed by the IFI Archive Player. The permalink represents a public viewing/metadata surface; MAR does not download or redistribute the audiovisual media and does not infer a licence to reproduce it.,
IFI Irish Film Archive,ifi-irish-film-archive,Ireland,Europe,IE-IFI-IFA,National film archive,https://ifiarchiveplayer.ie/,True,True,https://ifiarchiveplayer.ie/,IFI Archive Player,https://ifiarchiveplayer.ie/natural-race/,natural race,IFI Archive Player film record,Public film-page metadata exposed by the IFI Archive Player. The permalink represents a public viewing/metadata surface; MAR does not download or redistribute the audiovisual media and does not infer a licence to reproduce it.,
IFI Irish Film Archive,ifi-irish-film-archive,Ireland,Europe,IE-IFI-IFA,National film archive,https://ifiarchiveplayer.ie/,True,True,https://ifiarchiveplayer.ie/,IFI Archive Player,https://ifiarchiveplayer.ie/nebelung/,nebelung,IFI Archive Player film record,Public film-page metadata exposed by the IFI Archive Player. The permalink represents a public viewing/metadata surface; MAR does not download or redistribute the audiovisual media and does not infer a licence to reproduce it.,
IFI Irish Film Archive,ifi-irish-film-archive,Ireland,Europe,IE-IFI-IFA,National film archive,https://ifiarchiveplayer.ie/,True,True,https://ifiarchiveplayer.ie/,IFI Archive Player,https://ifiarchiveplayer.ie/new-1000-hp-diesel-engines-for-cie/,new 1000 hp diesel engines for cie,IFI Archive Player film record,Public film-page metadata exposed by the IFI Archive Player. The permalink represents a public viewing/metadata surface; MAR does not download or redistribute the audiovisual media and does not infer a licence to reproduce it.,
IFI Irish Film Archive,ifi-irish-film-archive,Ireland,Europe,IE-IFI-IFA,National film archive,https://ifiarchiveplayer.ie/,True,True,https://ifiarchiveplayer.ie/,IFI Archive Player,https://ifiarchiveplayer.ie/new-american-ambassador-arrives-in-cobh/,new american ambassador arrives in cobh,IFI Archive Player film record,Public film-page metadata exposed by the IFI Archive Player. The permalink represents a public viewing/metadata surface; MAR does not download or redistribute the audiovisual media and does not infer a licence to reproduce it.,
IFI Irish Film Archive,ifi-irish-film-archive,Ireland,Europe,IE-IFI-IFA,National film archive,https://ifiarchiveplayer.ie/,True,True,https://ifiarchiveplayer.ie/,IFI Archive Player,https://ifiarchiveplayer.ie/new-bi-ship-launched-by-kathleen-lemass/,new bi ship launched by kathleen lemass,IFI Archive Player film record,Public film-page metadata exposed by the IFI Archive Player. The permalink represents a public viewing/metadata surface; MAR does not download or redistribute the audiovisual media and does not infer a licence to reproduce it.,
IFI Irish Film Archive,ifi-irish-film-archive,Ireland,Europe,IE-IFI-IFA,National film archive,https://ifiarchiveplayer.ie/,True,True,https://ifiarchiveplayer.ie/,IFI Archive Player,https://ifiarchiveplayer.ie/new-boy/,new boy,IFI Archive Player film record,Public film-page metadata exposed by the IFI Archive Player. The permalink represents a public viewing/metadata surface; MAR does not download or redistribute the audiovisual media and does not infer a licence to reproduce it.,
IFI Irish Film Archive,ifi-irish-film-archive,Ireland,Europe,IE-IFI-IFA,National film archive,https://ifiarchiveplayer.ie/,True,True,https://ifiarchiveplayer.ie/,IFI Archive Player,https://ifiarchiveplayer.ie/new-cork-dockyard/,new cork dockyard,IFI Archive Player film record,Public film-page metadata exposed by the IFI Archive Player. The permalink represents a public viewing/metadata surface; MAR does not download or redistribute the audiovisual media and does not infer a licence to reproduce it.,
IFI Irish Film Archive,ifi-irish-film-archive,Ireland,Europe,IE-IFI-IFA,National film archive,https://ifiarchiveplayer.ie/,True,True,https://ifiarchiveplayer.ie/,IFI Archive Player,https://ifiarchiveplayer.ie/new-look-for-air-hostesses/,new look for air hostesses,IFI Archive Player film record,Public film-page metadata exposed by the IFI Archive Player. The permalink represents a public viewing/metadata surface; MAR does not download or redistribute the audiovisual media and does not infer a licence to reproduce it.,
IFI Irish Film Archive,ifi-irish-film-archive,Ireland,Europe,IE-IFI-IFA,National film archive,https://ifiarchiveplayer.ie/,True,True,https://ifiarchiveplayer.ie/,IFI Archive Player,https://ifiarchiveplayer.ie/new-look-for-old-cabs-latest-addition/,new look for old cabs latest addition,IFI Archive Player film record,Public film-page metadata exposed by the IFI Archive Player. The permalink represents a public viewing/metadata surface; MAR does not download or redistribute the audiovisual media and does not infer a licence to reproduce it.,
IFI Irish Film Archive,ifi-irish-film-archive,Ireland,Europe,IE-IFI-IFA,National film archive,https://ifiarchiveplayer.ie/,True,True,https://ifiarchiveplayer.ie/,IFI Archive Player,https://ifiarchiveplayer.ie/new-ross-national-ploughing-championships/,new ross national ploughing championships,IFI Archive Player film record,Public film-page metadata exposed by the IFI Archive Player. The permalink represents a public viewing/metadata surface; MAR does not download or redistribute the audiovisual media and does not infer a licence to reproduce it.,
IFI Irish Film Archive,ifi-irish-film-archive,Ireland,Europe,IE-IFI-IFA,National film archive,https://ifiarchiveplayer.ie/,True,True,https://ifiarchiveplayer.ie/,IFI Archive Player,https://ifiarchiveplayer.ie/new-trademark-for-donegal-tweed/,new trademark for donegal tweed,IFI Archive Player film record,Public film-page metadata exposed by the IFI Archive Player. The permalink represents a public viewing/metadata surface; MAR does not download or redistribute the audiovisual media and does not infer a licence to reproduce it.,
IFI Irish Film Archive,ifi-irish-film-archive,Ireland,Europe,IE-IFI-IFA,National film archive,https://ifiarchiveplayer.ie/,True,True,https://ifiarchiveplayer.ie/,IFI Archive Player,https://ifiarchiveplayer.ie/new-year-sale-fever/,new year sale fever,IFI Archive Player film record,Public film-page metadata exposed by the IFI Archive Player. The permalink represents a public viewing/metadata surface; MAR does not download or redistribute the audiovisual media and does not infer a licence to reproduce it.,
IFI Irish Film Archive,ifi-irish-film-archive,Ireland,Europe,IE-IFI-IFA,National film archive,https://ifiarchiveplayer.ie/,True,True,https://ifiarchiveplayer.ie/,IFI Archive Player,https://ifiarchiveplayer.ie/new-years-coursing-at-nenagh/,new years coursing at nenagh,IFI Archive Player film record,Public film-page metadata exposed by the IFI Archive Player. The permalink represents a public viewing/metadata surface; MAR does not download or redistribute the audiovisual media and does not infer a licence to reproduce it.,
IFI Irish Film Archive,ifi-irish-film-archive,Ireland,Europe,IE-IFI-IFA,National film archive,https://ifiarchiveplayer.ie/,True,True,https://ifiarchiveplayer.ie/,IFI Archive Player,https://ifiarchiveplayer.ie/new-york-irish-airline-office-opened-on-5th-avenue/,new york irish airline office opened on 5th avenue,IFI Archive Player film record,Public film-page metadata exposed by the IFI Archive Player. The permalink represents a public viewing/metadata surface; MAR does not download or redistribute the audiovisual media and does not infer a licence to reproduce it.,
IFI Irish Film Archive,ifi-irish-film-archive,Ireland,Europe,IE-IFI-IFA,National film archive,https://ifiarchiveplayer.ie/,True,True,https://ifiarchiveplayer.ie/,IFI Archive Player,https://ifiarchiveplayer.ie/newtownards-ulster-table-tennis-championships/,newtownards ulster table tennis championships,IFI Archive Player film record,Public film-page metadata exposed by the IFI Archive Player. The permalink represents a public viewing/metadata surface; MAR does not download or redistribute the audiovisual media and does not infer a licence to reproduce it.,
IFI Irish Film Archive,ifi-irish-film-archive,Ireland,Europe,IE-IFI-IFA,National film archive,https://ifiarchiveplayer.ie/,True,True,https://ifiarchiveplayer.ie/,IFI Archive Player,https://ifiarchiveplayer.ie/nigerian-independence-ball/,nigerian independence ball,IFI Archive Player film record,Public film-page metadata exposed by the IFI Archive Player. The permalink represents a public viewing/metadata surface; MAR does not download or redistribute the audiovisual media and does not infer a licence to reproduce it.,
IFI Irish Film Archive,ifi-irish-film-archive,Ireland,Europe,IE-IFI-IFA,National film archive,https://ifiarchiveplayer.ie/,True,True,https://ifiarchiveplayer.ie/,IFI Archive Player,https://ifiarchiveplayer.ie/nilfisk/,nilfisk,IFI Archive Player film record,Public film-page metadata exposed by the IFI Archive Player. The permalink represents a public viewing/metadata surface; MAR does not download or redistribute the audiovisual media and does not infer a licence to reproduce it.,
IFI Irish Film Archive,ifi-irish-film-archive,Ireland,Europe,IE-IFI-IFA,National film archive,https://ifiarchiveplayer.ie/,True,True,https://ifiarchiveplayer.ie/,IFI Archive Player,https://ifiarchiveplayer.ie/no-demand/,no demand,IFI Archive Player film record,Public film-page metadata exposed by the IFI Archive Player. The permalink represents a public viewing/metadata surface; MAR does not download or redistribute the audiovisual media and does not infer a licence to reproduce it.,
IFI Irish Film Archive,ifi-irish-film-archive,Ireland,Europe,IE-IFI-IFA,National film archive,https://ifiarchiveplayer.ie/,True,True,https://ifiarchiveplayer.ie/,IFI Archive Player,https://ifiarchiveplayer.ie/no-strings/,no strings,IFI Archive Player film record,Public film-page metadata exposed by the IFI Archive Player. The permalink represents a public viewing/metadata surface; MAR does not download or redistribute the audiovisual media and does not infer a licence to reproduce it.,
IFI Irish Film Archive,ifi-irish-film-archive,Ireland,Europe,IE-IFI-IFA,National film archive,https://ifiarchiveplayer.ie/,True,True,https://ifiarchiveplayer.ie/,IFI Archive Player,https://ifiarchiveplayer.ie/noisy-party/,noisy party,IFI Archive Player film record,Public film-page metadata exposed by the IFI Archive Player. The permalink represents a public viewing/metadata surface; MAR does not download or redistribute the audiovisual media and does not infer a licence to reproduce it.,
IFI Irish Film Archive,ifi-irish-film-archive,Ireland,Europe,IE-IFI-IFA,National film archive,https://ifiarchiveplayer.ie/,True,True,https://ifiarchiveplayer.ie/,IFI Archive Player,https://ifiarchiveplayer.ie/north-kilkenny-point-to-point/,north kilkenny point to point,IFI Archive Player film record,Public film-page metadata exposed by the IFI Archive Player. The permalink represents a public viewing/metadata surface; MAR does not download or redistribute the audiovisual media and does not infer a licence to reproduce it.,
IFI Irish Film Archive,ifi-irish-film-archive,Ireland,Europe,IE-IFI-IFA,National film archive,https://ifiarchiveplayer.ie/,True,True,https://ifiarchiveplayer.ie/,IFI Archive Player,https://ifiarchiveplayer.ie/not-a-bad-christmas/,not a bad christmas,IFI Archive Player film record,Public film-page metadata exposed by the IFI Archive Player. The permalink represents a public viewing/metadata surface; MAR does not download or redistribute the audiovisual media and does not infer a licence to reproduce it.,
IFI Irish Film Archive,ifi-irish-film-archive,Ireland,Europe,IE-IFI-IFA,National film archive,https://ifiarchiveplayer.ie/,True,True,https://ifiarchiveplayer.ie/,IFI Archive Player,https://ifiarchiveplayer.ie/novel-road-safety-campaign/,novel road safety campaign,IFI Archive Player film record,Public film-page metadata exposed by the IFI Archive Player. The permalink represents a public viewing/metadata surface; MAR does not download or redistribute the audiovisual media and does not infer a licence to reproduce it.,
IFI Irish Film Archive,ifi-irish-film-archive,Ireland,Europe,IE-IFI-IFA,National film archive,https://ifiarchiveplayer.ie/,True,True,https://ifiarchiveplayer.ie/,IFI Archive Player,https://ifiarchiveplayer.ie/novena/,novena,IFI Archive Player film record,Public film-page metadata exposed by the IFI Archive Player. The permalink represents a public viewing/metadata surface; MAR does not download or redistribute the audiovisual media and does not infer a licence to reproduce it.,
IFI Irish Film Archive,ifi-irish-film-archive,Ireland,Europe,IE-IFI-IFA,National film archive,https://ifiarchiveplayer.ie/,True,True,https://ifiarchiveplayer.ie/,IFI Archive Player,https://ifiarchiveplayer.ie/nypd-nude/,nypd nude,IFI Archive Player film record,Public film-page metadata exposed by the IFI Archive Player. The permalink represents a public viewing/metadata surface; MAR does not download or redistribute the audiovisual media and does not infer a licence to reproduce it.,
IFI Irish Film Archive,ifi-irish-film-archive,Ireland,Europe,IE-IFI-IFA,National film archive,https://ifiarchiveplayer.ie/,True,True,https://ifiarchiveplayer.ie/,IFI Archive Player,https://ifiarchiveplayer.ie/occasional-officers-see-gael-linn-project-bundoran/,occasional officers see gael linn project bundoran,IFI Archive Player film record,Public film-page metadata exposed by the IFI Archive Player. The permalink represents a public viewing/metadata surface; MAR does not download or redistribute the audiovisual media and does not infer a licence to reproduce it.,
IFI Irish Film Archive,ifi-irish-film-archive,Ireland,Europe,IE-IFI-IFA,National film archive,https://ifiarchiveplayer.ie/,True,True,https://ifiarchiveplayer.ie/,IFI Archive Player,https://ifiarchiveplayer.ie/ocras/,ocras,IFI Archive Player film record,Public film-page metadata exposed by the IFI Archive Player. The permalink represents a public viewing/metadata surface; MAR does not download or redistribute the audiovisual media and does not infer a licence to reproduce it.,
IFI Irish Film Archive,ifi-irish-film-archive,Ireland,Europe,IE-IFI-IFA,National film archive,https://ifiarchiveplayer.ie/,True,True,https://ifiarchiveplayer.ie/,IFI Archive Player,https://ifiarchiveplayer.ie/odlums-christmas/,odlums christmas,IFI Archive Player film record,Public film-page metadata exposed by the IFI Archive Player. The permalink represents a public viewing/metadata surface; MAR does not download or redistribute the audiovisual media and does not infer a licence to reproduce it.,
IFI Irish Film Archive,ifi-irish-film-archive,Ireland,Europe,IE-IFI-IFA,National film archive,https://ifiarchiveplayer.ie/,True,True,https://ifiarchiveplayer.ie/,IFI Archive Player,https://ifiarchiveplayer.ie/odlums-cream-flour/,odlums cream flour,IFI Archive Player film record,Public film-page metadata exposed by the IFI Archive Player. The permalink represents a public viewing/metadata surface; MAR does not download or redistribute the audiovisual media and does not infer a licence to reproduce it.,
IFI Irish Film Archive,ifi-irish-film-archive,Ireland,Europe,IE-IFI-IFA,National film archive,https://ifiarchiveplayer.ie/,True,True,https://ifiarchiveplayer.ie/,IFI Archive Player,https://ifiarchiveplayer.ie/odlums-flour-power/,odlums flour power,IFI Archive Player film record,Public film-page metadata exposed by the IFI Archive Player. The permalink represents a public viewing/metadata surface; MAR does not download or redistribute the audiovisual media and does not infer a licence to reproduce it.,
IFI Irish Film Archive,ifi-irish-film-archive,Ireland,Europe,IE-IFI-IFA,National film archive,https://ifiarchiveplayer.ie/,True,True,https://ifiarchiveplayer.ie/,IFI Archive Player,https://ifiarchiveplayer.ie/odlums-heaven-only-knows/,odlums heaven only knows,IFI Archive Player film record,Public film-page metadata exposed by the IFI Archive Player. The permalink represents a public viewing/metadata surface; MAR does not download or redistribute the audiovisual media and does not infer a licence to reproduce it.,
IFI Irish Film Archive,ifi-irish-film-archive,Ireland,Europe,IE-IFI-IFA,National film archive,https://ifiarchiveplayer.ie/,True,True,https://ifiarchiveplayer.ie/,IFI Archive Player,https://ifiarchiveplayer.ie/odlums-patricia-sullivan/,odlums patricia sullivan,IFI Archive Player film record,Public film-page metadata exposed by the IFI Archive Player. The permalink represents a public viewing/metadata surface; MAR does not download or redistribute the audiovisual media and does not infer a licence to reproduce it.,
IFI Irish Film Archive,ifi-irish-film-archive,Ireland,Europe,IE-IFI-IFA,National film archive,https://ifiarchiveplayer.ie/,True,True,https://ifiarchiveplayer.ie/,IFI Archive Player,https://ifiarchiveplayer.ie/odlums-self-raising/,odlums self raising,IFI Archive Player film record,Public film-page metadata exposed by the IFI Archive Player. The permalink represents a public viewing/metadata surface; MAR does not download or redistribute the audiovisual media and does not infer a licence to reproduce it.,
IFI Irish Film Archive,ifi-irish-film-archive,Ireland,Europe,IE-IFI-IFA,National film archive,https://ifiarchiveplayer.ie/,True,True,https://ifiarchiveplayer.ie/,IFI Archive Player,https://ifiarchiveplayer.ie/odorono-american-woman/,odorono american woman,IFI Archive Player film record,Public film-page metadata exposed by the IFI Archive Player. The permalink represents a public viewing/metadata surface; MAR does not download or redistribute the audiovisual media and does not infer a licence to reproduce it.,
IFI Irish Film Archive,ifi-irish-film-archive,Ireland,Europe,IE-IFI-IFA,National film archive,https://ifiarchiveplayer.ie/,True,True,https://ifiarchiveplayer.ie/,IFI Archive Player,https://ifiarchiveplayer.ie/odorono-like-a-girl/,odorono like a girl,IFI Archive Player film record,Public film-page metadata exposed by the IFI Archive Player. The permalink represents a public viewing/metadata surface; MAR does not download or redistribute the audiovisual media and does not infer a licence to reproduce it.,
IFI Irish Film Archive,ifi-irish-film-archive,Ireland,Europe,IE-IFI-IFA,National film archive,https://ifiarchiveplayer.ie/,True,True,https://ifiarchiveplayer.ie/,IFI Archive Player,https://ifiarchiveplayer.ie/off-beat/,off beat,IFI Archive Player film record,Public film-page metadata exposed by the IFI Archive Player. The permalink represents a public viewing/metadata surface; MAR does not download or redistribute the audiovisual media and does not infer a licence to reproduce it.,
IFI Irish Film Archive,ifi-irish-film-archive,Ireland,Europe,IE-IFI-IFA,National film archive,https://ifiarchiveplayer.ie/,True,True,https://ifiarchiveplayer.ie/,IFI Archive Player,https://ifiarchiveplayer.ie/oireachtas-week-gatherings/,oireachtas week gatherings,IFI Archive Player film record,Public film-page metadata exposed by the IFI Archive Player. The permalink represents a public viewing/metadata surface; MAR does not download or redistribute the audiovisual media and does not infer a licence to reproduce it.,
IFI Irish Film Archive,ifi-irish-film-archive,Ireland,Europe,IE-IFI-IFA,National film archive,https://ifiarchiveplayer.ie/,True,True,https://ifiarchiveplayer.ie/,IFI Archive Player,https://ifiarchiveplayer.ie/oisin-son-of-fionn-mac-cumhaill/,oisin son of fionn mac cumhaill,IFI Archive Player film record,Public film-page metadata exposed by the IFI Archive Player. The permalink represents a public viewing/metadata surface; MAR does not download or redistribute the audiovisual media and does not infer a licence to reproduce it.,
IFI Irish Film Archive,ifi-irish-film-archive,Ireland,Europe,IE-IFI-IFA,National film archive,https://ifiarchiveplayer.ie/,True,True,https://ifiarchiveplayer.ie/,IFI Archive Player,https://ifiarchiveplayer.ie/old-fangs/,old fangs,IFI Archive Player film record,Public film-page metadata exposed by the IFI Archive Player. The permalink represents a public viewing/metadata surface; MAR does not download or redistribute the audiovisual media and does not infer a licence to reproduce it.,
IFI Irish Film Archive,ifi-irish-film-archive,Ireland,Europe,IE-IFI-IFA,National film archive,https://ifiarchiveplayer.ie/,True,True,https://ifiarchiveplayer.ie/,IFI Archive Player,https://ifiarchiveplayer.ie/open-cast-mining-with-worlds-largest-excavator/,open cast mining with worlds largest excavator,IFI Archive Player film record,Public film-page metadata exposed by the IFI Archive Player. The permalink represents a public viewing/metadata surface; MAR does not download or redistribute the audiovisual media and does not infer a licence to reproduce it.,
IFI Irish Film Archive,ifi-irish-film-archive,Ireland,Europe,IE-IFI-IFA,National film archive,https://ifiarchiveplayer.ie/,True,True,https://ifiarchiveplayer.ie/,IFI Archive Player,https://ifiarchiveplayer.ie/orangemen-demonstrate/,orangemen demonstrate,IFI Archive Player film record,Public film-page metadata exposed by the IFI Archive Player. The permalink represents a public viewing/metadata surface; MAR does not download or redistribute the audiovisual media and does not infer a licence to reproduce it.,
IFI Irish Film Archive,ifi-irish-film-archive,Ireland,Europe,IE-IFI-IFA,National film archive,https://ifiarchiveplayer.ie/,True,True,https://ifiarchiveplayer.ie/,IFI Archive Player,https://ifiarchiveplayer.ie/orchestra-2/,orchestra 2,IFI Archive Player film record,Public film-page metadata exposed by the IFI Archive Player. The permalink represents a public viewing/metadata surface; MAR does not download or redistribute the audiovisual media and does not infer a licence to reproduce it.,
IFI Irish Film Archive,ifi-irish-film-archive,Ireland,Europe,IE-IFI-IFA,National film archive,https://ifiarchiveplayer.ie/,True,True,https://ifiarchiveplayer.ie/,IFI Archive Player,https://ifiarchiveplayer.ie/our-boys-stories/,our boys stories,IFI Archive Player film record,Public film-page metadata exposed by the IFI Archive Player. The permalink represents a public viewing/metadata surface; MAR does not download or redistribute the audiovisual media and does not infer a licence to reproduce it.,
IFI Irish Film Archive,ifi-irish-film-archive,Ireland,Europe,IE-IFI-IFA,National film archive,https://ifiarchiveplayer.ie/,True,True,https://ifiarchiveplayer.ie/,IFI Archive Player,https://ifiarchiveplayer.ie/our-congo-dead-the-last-journey/,our congo dead the last journey,IFI Archive Player film record,Public film-page metadata exposed by the IFI Archive Player. The permalink represents a public viewing/metadata surface; MAR does not download or redistribute the audiovisual media and does not infer a licence to reproduce it.,
IFI Irish Film Archive,ifi-irish-film-archive,Ireland,Europe,IE-IFI-IFA,National film archive,https://ifiarchiveplayer.ie/,True,True,https://ifiarchiveplayer.ie/,IFI Archive Player,https://ifiarchiveplayer.ie/our-neighbours-children/,our neighbours children,IFI Archive Player film record,Public film-page metadata exposed by the IFI Archive Player. The permalink represents a public viewing/metadata surface; MAR does not download or redistribute the audiovisual media and does not infer a licence to reproduce it.,
IFI Irish Film Archive,ifi-irish-film-archive,Ireland,Europe,IE-IFI-IFA,National film archive,https://ifiarchiveplayer.ie/,True,True,https://ifiarchiveplayer.ie/,IFI Archive Player,https://ifiarchiveplayer.ie/over-sixty/,over sixty,IFI Archive Player film record,Public film-page metadata exposed by the IFI Archive Player. The permalink represents a public viewing/metadata surface; MAR does not download or redistribute the audiovisual media and does not infer a licence to reproduce it.,
IFI Irish Film Archive,ifi-irish-film-archive,Ireland,Europe,IE-IFI-IFA,National film archive,https://ifiarchiveplayer.ie/,True,True,https://ifiarchiveplayer.ie/,IFI Archive Player,https://ifiarchiveplayer.ie/paisti-ag-obair/,paisti ag obair,IFI Archive Player film record,Public film-page metadata exposed by the IFI Archive Player. The permalink represents a public viewing/metadata surface; MAR does not download or redistribute the audiovisual media and does not infer a licence to reproduce it.,
IFI Irish Film Archive,ifi-irish-film-archive,Ireland,Europe,IE-IFI-IFA,National film archive,https://ifiarchiveplayer.ie/,True,True,https://ifiarchiveplayer.ie/,IFI Archive Player,https://ifiarchiveplayer.ie/panto-time-cinderella-comes-to-crumlin/,panto time cinderella comes to crumlin,IFI Archive Player film record,Public film-page metadata exposed by the IFI Archive Player. The permalink represents a public viewing/metadata surface; MAR does not download or redistribute the audiovisual media and does not infer a licence to reproduce it.,
IFI Irish Film Archive,ifi-irish-film-archive,Ireland,Europe,IE-IFI-IFA,National film archive,https://ifiarchiveplayer.ie/,True,True,https://ifiarchiveplayer.ie/,IFI Archive Player,https://ifiarchiveplayer.ie/parade/,parade,IFI Archive Player film record,Public film-page metadata exposed by the IFI Archive Player. The permalink represents a public viewing/metadata surface; MAR does not download or redistribute the audiovisual media and does not infer a licence to reproduce it.,
IFI Irish Film Archive,ifi-irish-film-archive,Ireland,Europe,IE-IFI-IFA,National film archive,https://ifiarchiveplayer.ie/,True,True,https://ifiarchiveplayer.ie/,IFI Archive Player,https://ifiarchiveplayer.ie/pat-collins-introduction/,pat collins introduction,IFI Archive Player film record,Public film-page metadata exposed by the IFI Archive Player. The permalink represents a public viewing/metadata surface; MAR does not download or redistribute the audiovisual media and does not infer a licence to reproduce it.,
IFI Irish Film Archive,ifi-irish-film-archive,Ireland,Europe,IE-IFI-IFA,National film archive,https://ifiarchiveplayer.ie/,True,True,https://ifiarchiveplayer.ie/,IFI Archive Player,https://ifiarchiveplayer.ie/patrick-kavanagh-grand-canal/,patrick kavanagh grand canal,IFI Archive Player film record,Public film-page metadata exposed by the IFI Archive Player. The permalink represents a public viewing/metadata surface; MAR does not download or redistribute the audiovisual media and does not infer a licence to reproduce it.,
IFI Irish Film Archive,ifi-irish-film-archive,Ireland,Europe,IE-IFI-IFA,National film archive,https://ifiarchiveplayer.ie/,True,True,https://ifiarchiveplayer.ie/,IFI Archive Player,https://ifiarchiveplayer.ie/patrick-kavanagh-jimmy-kelly/,patrick kavanagh jimmy kelly,IFI Archive Player film record,Public film-page metadata exposed by the IFI Archive Player. The permalink represents a public viewing/metadata surface; MAR does not download or redistribute the audiovisual media and does not infer a licence to reproduce it.,
IFI Irish Film Archive,ifi-irish-film-archive,Ireland,Europe,IE-IFI-IFA,National film archive,https://ifiarchiveplayer.ie/,True,True,https://ifiarchiveplayer.ie/,IFI Archive Player,https://ifiarchiveplayer.ie/patrick-kavanagh-paul-durcan/,patrick kavanagh paul durcan,IFI Archive Player film record,Public film-page metadata exposed by the IFI Archive Player. The permalink represents a public viewing/metadata surface; MAR does not download or redistribute the audiovisual media and does not infer a licence to reproduce it.,
IFI Irish Film Archive,ifi-irish-film-archive,Ireland,Europe,IE-IFI-IFA,National film archive,https://ifiarchiveplayer.ie/,True,True,https://ifiarchiveplayer.ie/,IFI Archive Player,https://ifiarchiveplayer.ie/patrick-kavanagh-theo-dorgan/,patrick kavanagh theo dorgan,IFI Archive Player film record,Public film-page metadata exposed by the IFI Archive Player. The permalink represents a public viewing/metadata surface; MAR does not download or redistribute the audiovisual media and does not infer a licence to reproduce it.,
IFI Irish Film Archive,ifi-irish-film-archive,Ireland,Europe,IE-IFI-IFA,National film archive,https://ifiarchiveplayer.ie/,True,True,https://ifiarchiveplayer.ie/,IFI Archive Player,https://ifiarchiveplayer.ie/patrick-scott-cinematography/,patrick scott cinematography,IFI Archive Player film record,Public film-page metadata exposed by the IFI Archive Player. The permalink represents a public viewing/metadata surface; MAR does not download or redistribute the audiovisual media and does not infer a licence to reproduce it.,
IFI Irish Film Archive,ifi-irish-film-archive,Ireland,Europe,IE-IFI-IFA,National film archive,https://ifiarchiveplayer.ie/,True,True,https://ifiarchiveplayer.ie/,IFI Archive Player,https://ifiarchiveplayer.ie/patrick-scott-outtakes-cats/,patrick scott outtakes cats,IFI Archive Player film record,Public film-page metadata exposed by the IFI Archive Player. The permalink represents a public viewing/metadata surface; MAR does not download or redistribute the audiovisual media and does not infer a licence to reproduce it.,
IFI Irish Film Archive,ifi-irish-film-archive,Ireland,Europe,IE-IFI-IFA,National film archive,https://ifiarchiveplayer.ie/,True,True,https://ifiarchiveplayer.ie/,IFI Archive Player,https://ifiarchiveplayer.ie/patrick-scott-the-making/,patrick scott the making,IFI Archive Player film record,Public film-page metadata exposed by the IFI Archive Player. The permalink represents a public viewing/metadata surface; MAR does not download or redistribute the audiovisual media and does not infer a licence to reproduce it.,
IFI Irish Film Archive,ifi-irish-film-archive,Ireland,Europe,IE-IFI-IFA,National film archive,https://ifiarchiveplayer.ie/,True,True,https://ifiarchiveplayer.ie/,IFI Archive Player,https://ifiarchiveplayer.ie/patrick_kavanagh/,patrick_kavanagh,IFI Archive Player film record,Public film-page metadata exposed by the IFI Archive Player. The permalink represents a public viewing/metadata surface; MAR does not download or redistribute the audiovisual media and does not infer a licence to reproduce it.,
IFI Irish Film Archive,ifi-irish-film-archive,Ireland,Europe,IE-IFI-IFA,National film archive,https://ifiarchiveplayer.ie/,True,True,https://ifiarchiveplayer.ie/,IFI Archive Player,https://ifiarchiveplayer.ie/patrick_scott/,patrick_scott,IFI Archive Player film record,Public film-page metadata exposed by the IFI Archive Player. The permalink represents a public viewing/metadata surface; MAR does not download or redistribute the audiovisual media and does not infer a licence to reproduce it.,
IFI Irish Film Archive,ifi-irish-film-archive,Ireland,Europe,IE-IFI-IFA,National film archive,https://ifiarchiveplayer.ie/,True,True,https://ifiarchiveplayer.ie/,IFI Archive Player,https://ifiarchiveplayer.ie/peace-council-at-the-palace-pathe/,peace council at the palace pathe,IFI Archive Player film record,Public film-page metadata exposed by the IFI Archive Player. The permalink represents a public viewing/metadata surface; MAR does not download or redistribute the audiovisual media and does not infer a licence to reproduce it.,
IFI Irish Film Archive,ifi-irish-film-archive,Ireland,Europe,IE-IFI-IFA,National film archive,https://ifiarchiveplayer.ie/,True,True,https://ifiarchiveplayer.ie/,IFI Archive Player,https://ifiarchiveplayer.ie/penneys/,penneys,IFI Archive Player film record,Public film-page metadata exposed by the IFI Archive Player. The permalink represents a public viewing/metadata surface; MAR does not download or redistribute the audiovisual media and does not infer a licence to reproduce it.,
IFI Irish Film Archive,ifi-irish-film-archive,Ireland,Europe,IE-IFI-IFA,National film archive,https://ifiarchiveplayer.ie/,True,True,https://ifiarchiveplayer.ie/,IFI Archive Player,https://ifiarchiveplayer.ie/perfect-rugby/,perfect rugby,IFI Archive Player film record,Public film-page metadata exposed by the IFI Archive Player. The permalink represents a public viewing/metadata surface; MAR does not download or redistribute the audiovisual media and does not infer a licence to reproduce it.,
IFI Irish Film Archive,ifi-irish-film-archive,Ireland,Europe,IE-IFI-IFA,National film archive,https://ifiarchiveplayer.ie/,True,True,https://ifiarchiveplayer.ie/,IFI Archive Player,https://ifiarchiveplayer.ie/pg-tips-auntie-maud/,pg tips auntie maud,IFI Archive Player film record,Public film-page metadata exposed by the IFI Archive Player. The permalink represents a public viewing/metadata surface; MAR does not download or redistribute the audiovisual media and does not infer a licence to reproduce it.,
IFI Irish Film Archive,ifi-irish-film-archive,Ireland,Europe,IE-IFI-IFA,National film archive,https://ifiarchiveplayer.ie/,True,True,https://ifiarchiveplayer.ie/,IFI Archive Player,https://ifiarchiveplayer.ie/pg-tips-career-woman/,pg tips career woman,IFI Archive Player film record,Public film-page metadata exposed by the IFI Archive Player. The permalink represents a public viewing/metadata surface; MAR does not download or redistribute the audiovisual media and does not infer a licence to reproduce it.,
IFI Irish Film Archive,ifi-irish-film-archive,Ireland,Europe,IE-IFI-IFA,National film archive,https://ifiarchiveplayer.ie/,True,True,https://ifiarchiveplayer.ie/,IFI Archive Player,https://ifiarchiveplayer.ie/pg-tips-chris-curan/,pg tips chris curan,IFI Archive Player film record,Public film-page metadata exposed by the IFI Archive Player. The permalink represents a public viewing/metadata surface; MAR does not download or redistribute the audiovisual media and does not infer a licence to reproduce it.,
IFI Irish Film Archive,ifi-irish-film-archive,Ireland,Europe,IE-IFI-IFA,National film archive,https://ifiarchiveplayer.ie/,True,True,https://ifiarchiveplayer.ie/,IFI Archive Player,https://ifiarchiveplayer.ie/pg-tips-dorothy-tubridy/,pg tips dorothy tubridy,IFI Archive Player film record,Public film-page metadata exposed by the IFI Archive Player. The permalink represents a public viewing/metadata surface; MAR does not download or redistribute the audiovisual media and does not infer a licence to reproduce it.,
IFI Irish Film Archive,ifi-irish-film-archive,Ireland,Europe,IE-IFI-IFA,National film archive,https://ifiarchiveplayer.ie/,True,True,https://ifiarchiveplayer.ie/,IFI Archive Player,https://ifiarchiveplayer.ie/pg-tips-kathleen-watkins/,pg tips kathleen watkins,IFI Archive Player film record,Public film-page metadata exposed by the IFI Archive Player. The permalink represents a public viewing/metadata surface; MAR does not download or redistribute the audiovisual media and does not infer a licence to reproduce it.,
IFI Irish Film Archive,ifi-irish-film-archive,Ireland,Europe,IE-IFI-IFA,National film archive,https://ifiarchiveplayer.ie/,True,True,https://ifiarchiveplayer.ie/,IFI Archive Player,https://ifiarchiveplayer.ie/pg-tips-tea-time/,pg tips tea time,IFI Archive Player film record,Public film-page metadata exposed by the IFI Archive Player. The permalink represents a public viewing/metadata surface; MAR does not download or redistribute the audiovisual media and does not infer a licence to reproduce it.,
IFI Irish Film Archive,ifi-irish-film-archive,Ireland,Europe,IE-IFI-IFA,National film archive,https://ifiarchiveplayer.ie/,True,True,https://ifiarchiveplayer.ie/,IFI Archive Player,https://ifiarchiveplayer.ie/philomenas-story/,philomenas story,IFI Archive Player film record,Public film-page metadata exposed by the IFI Archive Player. The permalink represents a public viewing/metadata surface; MAR does not download or redistribute the audiovisual media and does not infer a licence to reproduce it.,
IFI Irish Film Archive,ifi-irish-film-archive,Ireland,Europe,IE-IFI-IFA,National film archive,https://ifiarchiveplayer.ie/,True,True,https://ifiarchiveplayer.ie/,IFI Archive Player,https://ifiarchiveplayer.ie/phoenix-best-seller/,phoenix best seller,IFI Archive Player film record,Public film-page metadata exposed by the IFI Archive Player. The permalink represents a public viewing/metadata surface; MAR does not download or redistribute the audiovisual media and does not infer a licence to reproduce it.,
IFI Irish Film Archive,ifi-irish-film-archive,Ireland,Europe,IE-IFI-IFA,National film archive,https://ifiarchiveplayer.ie/,True,True,https://ifiarchiveplayer.ie/,IFI Archive Player,https://ifiarchiveplayer.ie/phoenix-come-in/,phoenix come in,IFI Archive Player film record,Public film-page metadata exposed by the IFI Archive Player. The permalink represents a public viewing/metadata surface; MAR does not download or redistribute the audiovisual media and does not infer a licence to reproduce it.,
IFI Irish Film Archive,ifi-irish-film-archive,Ireland,Europe,IE-IFI-IFA,National film archive,https://ifiarchiveplayer.ie/,True,True,https://ifiarchiveplayer.ie/,IFI Archive Player,https://ifiarchiveplayer.ie/phoenix-easy/,phoenix easy,IFI Archive Player film record,Public film-page metadata exposed by the IFI Archive Player. The permalink represents a public viewing/metadata surface; MAR does not download or redistribute the audiovisual media and does not infer a licence to reproduce it.,
IFI Irish Film Archive,ifi-irish-film-archive,Ireland,Europe,IE-IFI-IFA,National film archive,https://ifiarchiveplayer.ie/,True,True,https://ifiarchiveplayer.ie/,IFI Archive Player,https://ifiarchiveplayer.ie/phoenix-empty-glass/,phoenix empty glass,IFI Archive Player film record,Public film-page metadata exposed by the IFI Archive Player. The permalink represents a public viewing/metadata surface; MAR does not download or redistribute the audiovisual media and does not infer a licence to reproduce it.,
IFI Irish Film Archive,ifi-irish-film-archive,Ireland,Europe,IE-IFI-IFA,National film archive,https://ifiarchiveplayer.ie/,True,True,https://ifiarchiveplayer.ie/,IFI Archive Player,https://ifiarchiveplayer.ie/phoenix-experience/,phoenix experience,IFI Archive Player film record,Public film-page metadata exposed by the IFI Archive Player. The permalink represents a public viewing/metadata surface; MAR does not download or redistribute the audiovisual media and does not infer a licence to reproduce it.,
IFI Irish Film Archive,ifi-irish-film-archive,Ireland,Europe,IE-IFI-IFA,National film archive,https://ifiarchiveplayer.ie/,True,True,https://ifiarchiveplayer.ie/,IFI Archive Player,https://ifiarchiveplayer.ie/phoenix-fish-in-the-sea/,phoenix fish in the sea,IFI Archive Player film record,Public film-page metadata exposed by the IFI Archive Player. The permalink represents a public viewing/metadata surface; MAR does not download or redistribute the audiovisual media and does not infer a licence to reproduce it.,
IFI Irish Film Archive,ifi-irish-film-archive,Ireland,Europe,IE-IFI-IFA,National film archive,https://ifiarchiveplayer.ie/,True,True,https://ifiarchiveplayer.ie/,IFI Archive Player,https://ifiarchiveplayer.ie/phoenix-glass-dance/,phoenix glass dance,IFI Archive Player film record,Public film-page metadata exposed by the IFI Archive Player. The permalink represents a public viewing/metadata surface; MAR does not download or redistribute the audiovisual media and does not infer a licence to reproduce it.,
IFI Irish Film Archive,ifi-irish-film-archive,Ireland,Europe,IE-IFI-IFA,National film archive,https://ifiarchiveplayer.ie/,True,True,https://ifiarchiveplayer.ie/,IFI Archive Player,https://ifiarchiveplayer.ie/phoenix-malachi/,phoenix malachi,IFI Archive Player film record,Public film-page metadata exposed by the IFI Archive Player. The permalink represents a public viewing/metadata surface; MAR does not download or redistribute the audiovisual media and does not infer a licence to reproduce it.,
IFI Irish Film Archive,ifi-irish-film-archive,Ireland,Europe,IE-IFI-IFA,National film archive,https://ifiarchiveplayer.ie/,True,True,https://ifiarchiveplayer.ie/,IFI Archive Player,https://ifiarchiveplayer.ie/phoenix-mans-best-friend/,phoenix mans best friend,IFI Archive Player film record,Public film-page metadata exposed by the IFI Archive Player. The permalink represents a public viewing/metadata surface; MAR does not download or redistribute the audiovisual media and does not infer a licence to reproduce it.,
IFI Irish Film Archive,ifi-irish-film-archive,Ireland,Europe,IE-IFI-IFA,National film archive,https://ifiarchiveplayer.ie/,True,True,https://ifiarchiveplayer.ie/,IFI Archive Player,https://ifiarchiveplayer.ie/phoenix-mr-o/,phoenix mr o,IFI Archive Player film record,Public film-page metadata exposed by the IFI Archive Player. The permalink represents a public viewing/metadata surface; MAR does not download or redistribute the audiovisual media and does not infer a licence to reproduce it.,
IFI Irish Film Archive,ifi-irish-film-archive,Ireland,Europe,IE-IFI-IFA,National film archive,https://ifiarchiveplayer.ie/,True,True,https://ifiarchiveplayer.ie/,IFI Archive Player,https://ifiarchiveplayer.ie/phoenix-outsider/,phoenix outsider,IFI Archive Player film record,Public film-page metadata exposed by the IFI Archive Player. The permalink represents a public viewing/metadata surface; MAR does not download or redistribute the audiovisual media and does not infer a licence to reproduce it.,
IFI Irish Film Archive,ifi-irish-film-archive,Ireland,Europe,IE-IFI-IFA,National film archive,https://ifiarchiveplayer.ie/,True,True,https://ifiarchiveplayer.ie/,IFI Archive Player,https://ifiarchiveplayer.ie/phoenix-pub-ballad/,phoenix pub ballad,IFI Archive Player film record,Public film-page metadata exposed by the IFI Archive Player. The permalink represents a public viewing/metadata surface; MAR does not download or redistribute the audiovisual media and does not infer a licence to reproduce it.,
IFI Irish Film Archive,ifi-irish-film-archive,Ireland,Europe,IE-IFI-IFA,National film archive,https://ifiarchiveplayer.ie/,True,True,https://ifiarchiveplayer.ie/,IFI Archive Player,https://ifiarchiveplayer.ie/phoenix-snug/,phoenix snug,IFI Archive Player film record,Public film-page metadata exposed by the IFI Archive Player. The permalink represents a public viewing/metadata surface; MAR does not download or redistribute the audiovisual media and does not infer a licence to reproduce it.,
IFI Irish Film Archive,ifi-irish-film-archive,Ireland,Europe,IE-IFI-IFA,National film archive,https://ifiarchiveplayer.ie/,True,True,https://ifiarchiveplayer.ie/,IFI Archive Player,https://ifiarchiveplayer.ie/phoenix-whats-happened/,phoenix whats happened,IFI Archive Player film record,Public film-page metadata exposed by the IFI Archive Player. The permalink represents a public viewing/metadata surface; MAR does not download or redistribute the audiovisual media and does not infer a licence to reproduce it.,
IFI Irish Film Archive,ifi-irish-film-archive,Ireland,Europe,IE-IFI-IFA,National film archive,https://ifiarchiveplayer.ie/,True,True,https://ifiarchiveplayer.ie/,IFI Archive Player,https://ifiarchiveplayer.ie/phoenix-winners/,phoenix winners,IFI Archive Player film record,Public film-page metadata exposed by the IFI Archive Player. The permalink represents a public viewing/metadata surface; MAR does not download or redistribute the audiovisual media and does not infer a licence to reproduce it.,
IFI Irish Film Archive,ifi-irish-film-archive,Ireland,Europe,IE-IFI-IFA,National film archive,https://ifiarchiveplayer.ie/,True,True,https://ifiarchiveplayer.ie/,IFI Archive Player,https://ifiarchiveplayer.ie/picnic/,picnic,IFI Archive Player film record,Public film-page metadata exposed by the IFI Archive Player. The permalink represents a public viewing/metadata surface; MAR does not download or redistribute the audiovisual media and does not infer a licence to reproduce it.,
IFI Irish Film Archive,ifi-irish-film-archive,Ireland,Europe,IE-IFI-IFA,National film archive,https://ifiarchiveplayer.ie/,True,True,https://ifiarchiveplayer.ie/,IFI Archive Player,https://ifiarchiveplayer.ie/pictures-of-mr-de-valera/,pictures of mr de valera,IFI Archive Player film record,Public film-page metadata exposed by the IFI Archive Player. The permalink represents a public viewing/metadata surface; MAR does not download or redistribute the audiovisual media and does not infer a licence to reproduce it.,
IFI Irish Film Archive,ifi-irish-film-archive,Ireland,Europe,IE-IFI-IFA,National film archive,https://ifiarchiveplayer.ie/,True,True,https://ifiarchiveplayer.ie/,IFI Archive Player,https://ifiarchiveplayer.ie/pigeon/,pigeon,IFI Archive Player film record,Public film-page metadata exposed by the IFI Archive Player. The permalink represents a public viewing/metadata surface; MAR does not download or redistribute the audiovisual media and does not infer a licence to reproduce it.,
IFI Irish Film Archive,ifi-irish-film-archive,Ireland,Europe,IE-IFI-IFA,National film archive,https://ifiarchiveplayer.ie/,True,True,https://ifiarchiveplayer.ie/,IFI Archive Player,https://ifiarchiveplayer.ie/pitch-and-putt/,pitch and putt,IFI Archive Player film record,Public film-page metadata exposed by the IFI Archive Player. The permalink represents a public viewing/metadata surface; MAR does not download or redistribute the audiovisual media and does not infer a licence to reproduce it.,
IFI Irish Film Archive,ifi-irish-film-archive,Ireland,Europe,IE-IFI-IFA,National film archive,https://ifiarchiveplayer.ie/,True,True,https://ifiarchiveplayer.ie/,IFI Archive Player,https://ifiarchiveplayer.ie/places-we-live/,places we live,IFI Archive Player film record,Public film-page metadata exposed by the IFI Archive Player. The permalink represents a public viewing/metadata surface; MAR does not download or redistribute the audiovisual media and does not infer a licence to reproduce it.,
IFI Irish Film Archive,ifi-irish-film-archive,Ireland,Europe,IE-IFI-IFA,National film archive,https://ifiarchiveplayer.ie/,True,True,https://ifiarchiveplayer.ie/,IFI Archive Player,https://ifiarchiveplayer.ie/players-gold-leaf-hand-it-to-him/,players gold leaf hand it to him,IFI Archive Player film record,Public film-page metadata exposed by the IFI Archive Player. The permalink represents a public viewing/metadata surface; MAR does not download or redistribute the audiovisual media and does not infer a licence to reproduce it.,
IFI Irish Film Archive,ifi-irish-film-archive,Ireland,Europe,IE-IFI-IFA,National film archive,https://ifiarchiveplayer.ie/,True,True,https://ifiarchiveplayer.ie/,IFI Archive Player,https://ifiarchiveplayer.ie/players-gold-leaf-two-words/,players gold leaf two words,IFI Archive Player film record,Public film-page metadata exposed by the IFI Archive Player. The permalink represents a public viewing/metadata surface; MAR does not download or redistribute the audiovisual media and does not infer a licence to reproduce it.,
IFI Irish Film Archive,ifi-irish-film-archive,Ireland,Europe,IE-IFI-IFA,National film archive,https://ifiarchiveplayer.ie/,True,True,https://ifiarchiveplayer.ie/,IFI Archive Player,https://ifiarchiveplayer.ie/players-no-6-changing/,players no 6 changing,IFI Archive Player film record,Public film-page metadata exposed by the IFI Archive Player. The permalink represents a public viewing/metadata surface; MAR does not download or redistribute the audiovisual media and does not infer a licence to reproduce it.,
IFI Irish Film Archive,ifi-irish-film-archive,Ireland,Europe,IE-IFI-IFA,National film archive,https://ifiarchiveplayer.ie/,True,True,https://ifiarchiveplayer.ie/,IFI Archive Player,https://ifiarchiveplayer.ie/players-no-6-christmas/,players no 6 christmas,IFI Archive Player film record,Public film-page metadata exposed by the IFI Archive Player. The permalink represents a public viewing/metadata surface; MAR does not download or redistribute the audiovisual media and does not infer a licence to reproduce it.,
IFI Irish Film Archive,ifi-irish-film-archive,Ireland,Europe,IE-IFI-IFA,National film archive,https://ifiarchiveplayer.ie/,True,True,https://ifiarchiveplayer.ie/,IFI Archive Player,https://ifiarchiveplayer.ie/players-no-6-introducing/,players no 6 introducing,IFI Archive Player film record,Public film-page metadata exposed by the IFI Archive Player. The permalink represents a public viewing/metadata surface; MAR does not download or redistribute the audiovisual media and does not infer a licence to reproduce it.,
IFI Irish Film Archive,ifi-irish-film-archive,Ireland,Europe,IE-IFI-IFA,National film archive,https://ifiarchiveplayer.ie/,True,True,https://ifiarchiveplayer.ie/,IFI Archive Player,https://ifiarchiveplayer.ie/players-no-6-pole-vault/,players no 6 pole vault,IFI Archive Player film record,Public film-page metadata exposed by the IFI Archive Player. The permalink represents a public viewing/metadata surface; MAR does not download or redistribute the audiovisual media and does not infer a licence to reproduce it.,
IFI Irish Film Archive,ifi-irish-film-archive,Ireland,Europe,IE-IFI-IFA,National film archive,https://ifiarchiveplayer.ie/,True,True,https://ifiarchiveplayer.ie/,IFI Archive Player,https://ifiarchiveplayer.ie/players-no-6-sport/,players no 6 sport,IFI Archive Player film record,Public film-page metadata exposed by the IFI Archive Player. The permalink represents a public viewing/metadata surface; MAR does not download or redistribute the audiovisual media and does not infer a licence to reproduce it.,
IFI Irish Film Archive,ifi-irish-film-archive,Ireland,Europe,IE-IFI-IFA,National film archive,https://ifiarchiveplayer.ie/,True,True,https://ifiarchiveplayer.ie/,IFI Archive Player,https://ifiarchiveplayer.ie/players-no-6-studio/,players no 6 studio,IFI Archive Player film record,Public film-page metadata exposed by the IFI Archive Player. The permalink represents a public viewing/metadata surface; MAR does not download or redistribute the audiovisual media and does not infer a licence to reproduce it.,
IFI Irish Film Archive,ifi-irish-film-archive,Ireland,Europe,IE-IFI-IFA,National film archive,https://ifiarchiveplayer.ie/,True,True,https://ifiarchiveplayer.ie/,IFI Archive Player,https://ifiarchiveplayer.ie/ploughman/,ploughman,IFI Archive Player film record,Public film-page metadata exposed by the IFI Archive Player. The permalink represents a public viewing/metadata surface; MAR does not download or redistribute the audiovisual media and does not infer a licence to reproduce it.,
IFI Irish Film Archive,ifi-irish-film-archive,Ireland,Europe,IE-IFI-IFA,National film archive,https://ifiarchiveplayer.ie/,True,True,https://ifiarchiveplayer.ie/,IFI Archive Player,https://ifiarchiveplayer.ie/pluck/,pluck,IFI Archive Player film record,Public film-page metadata exposed by the IFI Archive Player. The permalink represents a public viewing/metadata surface; MAR does not download or redistribute the audiovisual media and does not infer a licence to reproduce it.,
IFI Irish Film Archive,ifi-irish-film-archive,Ireland,Europe,IE-IFI-IFA,National film archive,https://ifiarchiveplayer.ie/,True,True,https://ifiarchiveplayer.ie/,IFI Archive Player,https://ifiarchiveplayer.ie/pobal/,pobal,IFI Archive Player film record,Public film-page metadata exposed by the IFI Archive Player. The permalink represents a public viewing/metadata surface; MAR does not download or redistribute the audiovisual media and does not infer a licence to reproduce it.,
IFI Irish Film Archive,ifi-irish-film-archive,Ireland,Europe,IE-IFI-IFA,National film archive,https://ifiarchiveplayer.ie/,True,True,https://ifiarchiveplayer.ie/,IFI Archive Player,https://ifiarchiveplayer.ie/polio-childrens-sunshine-coach/,polio childrens sunshine coach,IFI Archive Player film record,Public film-page metadata exposed by the IFI Archive Player. The permalink represents a public viewing/metadata surface; MAR does not download or redistribute the audiovisual media and does not infer a licence to reproduce it.,
IFI Irish Film Archive,ifi-irish-film-archive,Ireland,Europe,IE-IFI-IFA,National film archive,https://ifiarchiveplayer.ie/,True,True,https://ifiarchiveplayer.ie/,IFI Archive Player,https://ifiarchiveplayer.ie/porkers-day-at-balmoral-autumn-show/,porkers day at balmoral autumn show,IFI Archive Player film record,Public film-page metadata exposed by the IFI Archive Player. The permalink represents a public viewing/metadata surface; MAR does not download or redistribute the audiovisual media and does not infer a licence to reproduce it.,
IFI Irish Film Archive,ifi-irish-film-archive,Ireland,Europe,IE-IFI-IFA,National film archive,https://ifiarchiveplayer.ie/,True,True,https://ifiarchiveplayer.ie/,IFI Archive Player,https://ifiarchiveplayer.ie/portrait-of-dublin/,portrait of dublin,IFI Archive Player film record,Public film-page metadata exposed by the IFI Archive Player. The permalink represents a public viewing/metadata surface; MAR does not download or redistribute the audiovisual media and does not infer a licence to reproduce it.,
IFI Irish Film Archive,ifi-irish-film-archive,Ireland,Europe,IE-IFI-IFA,National film archive,https://ifiarchiveplayer.ie/,True,True,https://ifiarchiveplayer.ie/,IFI Archive Player,https://ifiarchiveplayer.ie/preparing-for-the-electricity-era/,preparing for the electricity era,IFI Archive Player film record,Public film-page metadata exposed by the IFI Archive Player. The permalink represents a public viewing/metadata surface; MAR does not download or redistribute the audiovisual media and does not infer a licence to reproduce it.,
IFI Irish Film Archive,ifi-irish-film-archive,Ireland,Europe,IE-IFI-IFA,National film archive,https://ifiarchiveplayer.ie/,True,True,https://ifiarchiveplayer.ie/,IFI Archive Player,https://ifiarchiveplayer.ie/president-and-veterans-at-historic-premiere-of-mise-eire/,president and veterans at historic premiere of mise eire,IFI Archive Player film record,Public film-page metadata exposed by the IFI Archive Player. The permalink represents a public viewing/metadata surface; MAR does not download or redistribute the audiovisual media and does not infer a licence to reproduce it.,
IFI Irish Film Archive,ifi-irish-film-archive,Ireland,Europe,IE-IFI-IFA,National film archive,https://ifiarchiveplayer.ie/,True,True,https://ifiarchiveplayer.ie/,IFI Archive Player,https://ifiarchiveplayer.ie/president-at-augustinian-centenary-mass/,president at augustinian centenary mass,IFI Archive Player film record,Public film-page metadata exposed by the IFI Archive Player. The permalink represents a public viewing/metadata surface; MAR does not download or redistribute the audiovisual media and does not infer a licence to reproduce it.,
IFI Irish Film Archive,ifi-irish-film-archive,Ireland,Europe,IE-IFI-IFA,National film archive,https://ifiarchiveplayer.ie/,True,True,https://ifiarchiveplayer.ie/,IFI Archive Player,https://ifiarchiveplayer.ie/president-at-meeting-of-irish-speaking-priests/,president at meeting of irish speaking priests,IFI Archive Player film record,Public film-page metadata exposed by the IFI Archive Player. The permalink represents a public viewing/metadata surface; MAR does not download or redistribute the audiovisual media and does not infer a licence to reproduce it.,
IFI Irish Film Archive,ifi-irish-film-archive,Ireland,Europe,IE-IFI-IFA,National film archive,https://ifiarchiveplayer.ie/,True,True,https://ifiarchiveplayer.ie/,IFI Archive Player,https://ifiarchiveplayer.ie/president-attends-trinity-week/,president attends trinity week,IFI Archive Player film record,Public film-page metadata exposed by the IFI Archive Player. The permalink represents a public viewing/metadata surface; MAR does not download or redistribute the audiovisual media and does not infer a licence to reproduce it.,
IFI Irish Film Archive,ifi-irish-film-archive,Ireland,Europe,IE-IFI-IFA,National film archive,https://ifiarchiveplayer.ie/,True,True,https://ifiarchiveplayer.ie/,IFI Archive Player,https://ifiarchiveplayer.ie/president-cosgrave/,president cosgrave,IFI Archive Player film record,Public film-page metadata exposed by the IFI Archive Player. The permalink represents a public viewing/metadata surface; MAR does not download or redistribute the audiovisual media and does not infer a licence to reproduce it.,
IFI Irish Film Archive,ifi-irish-film-archive,Ireland,Europe,IE-IFI-IFA,National film archive,https://ifiarchiveplayer.ie/,True,True,https://ifiarchiveplayer.ie/,IFI Archive Player,https://ifiarchiveplayer.ie/president-kennedy-in-ireland/,president kennedy in ireland,IFI Archive Player film record,Public film-page metadata exposed by the IFI Archive Player. The permalink represents a public viewing/metadata surface; MAR does not download or redistribute the audiovisual media and does not infer a licence to reproduce it.,
IFI Irish Film Archive,ifi-irish-film-archive,Ireland,Europe,IE-IFI-IFA,National film archive,https://ifiarchiveplayer.ie/,True,True,https://ifiarchiveplayer.ie/,IFI Archive Player,https://ifiarchiveplayer.ie/president-of-eire/,president of eire,IFI Archive Player film record,Public film-page metadata exposed by the IFI Archive Player. The permalink represents a public viewing/metadata surface; MAR does not download or redistribute the audiovisual media and does not infer a licence to reproduce it.,
IFI Irish Film Archive,ifi-irish-film-archive,Ireland,Europe,IE-IFI-IFA,National film archive,https://ifiarchiveplayer.ie/,True,True,https://ifiarchiveplayer.ie/,IFI Archive Player,https://ifiarchiveplayer.ie/president-presents-aga-khan-trophy/,president presents aga khan trophy,IFI Archive Player film record,Public film-page metadata exposed by the IFI Archive Player. The permalink represents a public viewing/metadata surface; MAR does not download or redistribute the audiovisual media and does not infer a licence to reproduce it.,
IFI Irish Film Archive,ifi-irish-film-archive,Ireland,Europe,IE-IFI-IFA,National film archive,https://ifiarchiveplayer.ie/,True,True,https://ifiarchiveplayer.ie/,IFI Archive Player,https://ifiarchiveplayer.ie/prime-minister-of-canada-arrives-in-dublin/,prime minister of canada arrives in dublin,IFI Archive Player film record,Public film-page metadata exposed by the IFI Archive Player. The permalink represents a public viewing/metadata surface; MAR does not download or redistribute the audiovisual media and does not infer a licence to reproduce it.,
IFI Irish Film Archive,ifi-irish-film-archive,Ireland,Europe,IE-IFI-IFA,National film archive,https://ifiarchiveplayer.ie/,True,True,https://ifiarchiveplayer.ie/,IFI Archive Player,https://ifiarchiveplayer.ie/prime-minister-of-indonesia-arrives-in-dublin/,prime minister of indonesia arrives in dublin,IFI Archive Player film record,Public film-page metadata exposed by the IFI Archive Player. The permalink represents a public viewing/metadata surface; MAR does not download or redistribute the audiovisual media and does not infer a licence to reproduce it.,
IFI Irish Film Archive,ifi-irish-film-archive,Ireland,Europe,IE-IFI-IFA,National film archive,https://ifiarchiveplayer.ie/,True,True,https://ifiarchiveplayer.ie/,IFI Archive Player,https://ifiarchiveplayer.ie/prince-ranier-and-princess-grace-in-ireland/,prince ranier and princess grace in ireland,IFI Archive Player film record,Public film-page metadata exposed by the IFI Archive Player. The permalink represents a public viewing/metadata surface; MAR does not download or redistribute the audiovisual media and does not infer a licence to reproduce it.,
IFI Irish Film Archive,ifi-irish-film-archive,Ireland,Europe,IE-IFI-IFA,National film archive,https://ifiarchiveplayer.ie/,True,True,https://ifiarchiveplayer.ie/,IFI Archive Player,https://ifiarchiveplayer.ie/priorities/,priorities,IFI Archive Player film record,Public film-page metadata exposed by the IFI Archive Player. The permalink represents a public viewing/metadata surface; MAR does not download or redistribute the audiovisual media and does not infer a licence to reproduce it.,
IFI Irish Film Archive,ifi-irish-film-archive,Ireland,Europe,IE-IFI-IFA,National film archive,https://ifiarchiveplayer.ie/,True,True,https://ifiarchiveplayer.ie/,IFI Archive Player,https://ifiarchiveplayer.ie/puss-in-boots-panto-comes-to-drimnagh/,puss in boots panto comes to drimnagh,IFI Archive Player film record,Public film-page metadata exposed by the IFI Archive Player. The permalink represents a public viewing/metadata surface; MAR does not download or redistribute the audiovisual media and does not infer a licence to reproduce it.,
IFI Irish Film Archive,ifi-irish-film-archive,Ireland,Europe,IE-IFI-IFA,National film archive,https://ifiarchiveplayer.ie/,True,True,https://ifiarchiveplayer.ie/,IFI Archive Player,https://ifiarchiveplayer.ie/qa-with-peter-mcdonald/,qa with peter mcdonald,IFI Archive Player film record,Public film-page metadata exposed by the IFI Archive Player. The permalink represents a public viewing/metadata surface; MAR does not download or redistribute the audiovisual media and does not infer a licence to reproduce it.,
IFI Irish Film Archive,ifi-irish-film-archive,Ireland,Europe,IE-IFI-IFA,National film archive,https://ifiarchiveplayer.ie/,True,True,https://ifiarchiveplayer.ie/,IFI Archive Player,https://ifiarchiveplayer.ie/queen-victoria-in-dublin-1900/,queen victoria in dublin 1900,IFI Archive Player film record,Public film-page metadata exposed by the IFI Archive Player. The permalink represents a public viewing/metadata surface; MAR does not download or redistribute the audiovisual media and does not infer a licence to reproduce it.,
IFI Irish Film Archive,ifi-irish-film-archive,Ireland,Europe,IE-IFI-IFA,National film archive,https://ifiarchiveplayer.ie/,True,True,https://ifiarchiveplayer.ie/,IFI Archive Player,https://ifiarchiveplayer.ie/quix-dublin-airport/,quix dublin airport,IFI Archive Player film record,Public film-page metadata exposed by the IFI Archive Player. The permalink represents a public viewing/metadata surface; MAR does not download or redistribute the audiovisual media and does not infer a licence to reproduce it.,
IFI Irish Film Archive,ifi-irish-film-archive,Ireland,Europe,IE-IFI-IFA,National film archive,https://ifiarchiveplayer.ie/,True,True,https://ifiarchiveplayer.ie/,IFI Archive Player,https://ifiarchiveplayer.ie/quix-ferry/,quix ferry,IFI Archive Player film record,Public film-page metadata exposed by the IFI Archive Player. The permalink represents a public viewing/metadata surface; MAR does not download or redistribute the audiovisual media and does not infer a licence to reproduce it.,
IFI Irish Film Archive,ifi-irish-film-archive,Ireland,Europe,IE-IFI-IFA,National film archive,https://ifiarchiveplayer.ie/,True,True,https://ifiarchiveplayer.ie/,IFI Archive Player,https://ifiarchiveplayer.ie/quix-sparkle/,quix sparkle,IFI Archive Player film record,Public film-page metadata exposed by the IFI Archive Player. The permalink represents a public viewing/metadata surface; MAR does not download or redistribute the audiovisual media and does not infer a licence to reproduce it.,
IFI Irish Film Archive,ifi-irish-film-archive,Ireland,Europe,IE-IFI-IFA,National film archive,https://ifiarchiveplayer.ie/,True,True,https://ifiarchiveplayer.ie/,IFI Archive Player,https://ifiarchiveplayer.ie/quix-train/,quix train,IFI Archive Player film record,Public film-page metadata exposed by the IFI Archive Player. The permalink represents a public viewing/metadata surface; MAR does not download or redistribute the audiovisual media and does not infer a licence to reproduce it.,
IFI Irish Film Archive,ifi-irish-film-archive,Ireland,Europe,IE-IFI-IFA,National film archive,https://ifiarchiveplayer.ie/,True,True,https://ifiarchiveplayer.ie/,IFI Archive Player,https://ifiarchiveplayer.ie/quix-washing-up/,quix washing up,IFI Archive Player film record,Public film-page metadata exposed by the IFI Archive Player. The permalink represents a public viewing/metadata surface; MAR does not download or redistribute the audiovisual media and does not infer a licence to reproduce it.,
IFI Irish Film Archive,ifi-irish-film-archive,Ireland,Europe,IE-IFI-IFA,National film archive,https://ifiarchiveplayer.ie/,True,True,https://ifiarchiveplayer.ie/,IFI Archive Player,https://ifiarchiveplayer.ie/racing-at-shelbourne-park/,racing at shelbourne park,IFI Archive Player film record,Public film-page metadata exposed by the IFI Archive Player. The permalink represents a public viewing/metadata surface; MAR does not download or redistribute the audiovisual media and does not infer a licence to reproduce it.,
IFI Irish Film Archive,ifi-irish-film-archive,Ireland,Europe,IE-IFI-IFA,National film archive,https://ifiarchiveplayer.ie/,True,True,https://ifiarchiveplayer.ie/,IFI Archive Player,https://ifiarchiveplayer.ie/radar-to-enforce-speed-limit/,radar to enforce speed limit,IFI Archive Player film record,Public film-page metadata exposed by the IFI Archive Player. The permalink represents a public viewing/metadata surface; MAR does not download or redistribute the audiovisual media and does not infer a licence to reproduce it.,
IFI Irish Film Archive,ifi-irish-film-archive,Ireland,Europe,IE-IFI-IFA,National film archive,https://ifiarchiveplayer.ie/,True,True,https://ifiarchiveplayer.ie/,IFI Archive Player,https://ifiarchiveplayer.ie/radharc-blessing-the-aer-lingus-fleet/,radharc blessing the aer lingus fleet,IFI Archive Player film record,Public film-page metadata exposed by the IFI Archive Player. The permalink represents a public viewing/metadata surface; MAR does not download or redistribute the audiovisual media and does not infer a licence to reproduce it.,
IFI Irish Film Archive,ifi-irish-film-archive,Ireland,Europe,IE-IFI-IFA,National film archive,https://ifiarchiveplayer.ie/,True,True,https://ifiarchiveplayer.ie/,IFI Archive Player,https://ifiarchiveplayer.ie/radharc-christy-brown-my-left-foot/,radharc christy brown my left foot,IFI Archive Player film record,Public film-page metadata exposed by the IFI Archive Player. The permalink represents a public viewing/metadata surface; MAR does not download or redistribute the audiovisual media and does not infer a licence to reproduce it.,
IFI Irish Film Archive,ifi-irish-film-archive,Ireland,Europe,IE-IFI-IFA,National film archive,https://ifiarchiveplayer.ie/,True,True,https://ifiarchiveplayer.ie/,IFI Archive Player,https://ifiarchiveplayer.ie/radharc-glenties-tidy-towns/,radharc glenties tidy towns,IFI Archive Player film record,Public film-page metadata exposed by the IFI Archive Player. The permalink represents a public viewing/metadata surface; MAR does not download or redistribute the audiovisual media and does not infer a licence to reproduce it.,
IFI Irish Film Archive,ifi-irish-film-archive,Ireland,Europe,IE-IFI-IFA,National film archive,https://ifiarchiveplayer.ie/,True,True,https://ifiarchiveplayer.ie/,IFI Archive Player,https://ifiarchiveplayer.ie/radharc-irish-college-ranafast/,radharc irish college ranafast,IFI Archive Player film record,Public film-page metadata exposed by the IFI Archive Player. The permalink represents a public viewing/metadata surface; MAR does not download or redistribute the audiovisual media and does not infer a licence to reproduce it.,
IFI Irish Film Archive,ifi-irish-film-archive,Ireland,Europe,IE-IFI-IFA,National film archive,https://ifiarchiveplayer.ie/,True,True,https://ifiarchiveplayer.ie/,IFI Archive Player,https://ifiarchiveplayer.ie/radharc-kylemore-abbey/,radharc kylemore abbey,IFI Archive Player film record,Public film-page metadata exposed by the IFI Archive Player. The permalink represents a public viewing/metadata surface; MAR does not download or redistribute the audiovisual media and does not infer a licence to reproduce it.,
IFI Irish Film Archive,ifi-irish-film-archive,Ireland,Europe,IE-IFI-IFA,National film archive,https://ifiarchiveplayer.ie/,True,True,https://ifiarchiveplayer.ie/,IFI Archive Player,https://ifiarchiveplayer.ie/radharc-manners-in-church/,radharc manners in church,IFI Archive Player film record,Public film-page metadata exposed by the IFI Archive Player. The permalink represents a public viewing/metadata surface; MAR does not download or redistribute the audiovisual media and does not infer a licence to reproduce it.,
IFI Irish Film Archive,ifi-irish-film-archive,Ireland,Europe,IE-IFI-IFA,National film archive,https://ifiarchiveplayer.ie/,True,True,https://ifiarchiveplayer.ie/,IFI Archive Player,https://ifiarchiveplayer.ie/radharc-mens-sodality/,radharc mens sodality,IFI Archive Player film record,Public film-page metadata exposed by the IFI Archive Player. The permalink represents a public viewing/metadata surface; MAR does not download or redistribute the audiovisual media and does not infer a licence to reproduce it.,
IFI Irish Film Archive,ifi-irish-film-archive,Ireland,Europe,IE-IFI-IFA,National film archive,https://ifiarchiveplayer.ie/,True,True,https://ifiarchiveplayer.ie/,IFI Archive Player,https://ifiarchiveplayer.ie/radharc-penal-crosses/,radharc penal crosses,IFI Archive Player film record,Public film-page metadata exposed by the IFI Archive Player. The permalink represents a public viewing/metadata surface; MAR does not download or redistribute the audiovisual media and does not infer a licence to reproduce it.,
IFI Irish Film Archive,ifi-irish-film-archive,Ireland,Europe,IE-IFI-IFA,National film archive,https://ifiarchiveplayer.ie/,True,True,https://ifiarchiveplayer.ie/,IFI Archive Player,https://ifiarchiveplayer.ie/radharc-retreat/,radharc retreat,IFI Archive Player film record,Public film-page metadata exposed by the IFI Archive Player. The permalink represents a public viewing/metadata surface; MAR does not download or redistribute the audiovisual media and does not infer a licence to reproduce it.,
IFI Irish Film Archive,ifi-irish-film-archive,Ireland,Europe,IE-IFI-IFA,National film archive,https://ifiarchiveplayer.ie/,True,True,https://ifiarchiveplayer.ie/,IFI Archive Player,https://ifiarchiveplayer.ie/radharc-sick-calls/,radharc sick calls,IFI Archive Player film record,Public film-page metadata exposed by the IFI Archive Player. The permalink represents a public viewing/metadata surface; MAR does not download or redistribute the audiovisual media and does not infer a licence to reproduce it.,
IFI Irish Film Archive,ifi-irish-film-archive,Ireland,Europe,IE-IFI-IFA,National film archive,https://ifiarchiveplayer.ie/,True,True,https://ifiarchiveplayer.ie/,IFI Archive Player,https://ifiarchiveplayer.ie/radharc-stamps-for-the-missions/,radharc stamps for the missions,IFI Archive Player film record,Public film-page metadata exposed by the IFI Archive Player. The permalink represents a public viewing/metadata surface; MAR does not download or redistribute the audiovisual media and does not infer a licence to reproduce it.,
IFI Irish Film Archive,ifi-irish-film-archive,Ireland,Europe,IE-IFI-IFA,National film archive,https://ifiarchiveplayer.ie/,True,True,https://ifiarchiveplayer.ie/,IFI Archive Player,https://ifiarchiveplayer.ie/radharc-tax-on-kerry-cows/,radharc tax on kerry cows,IFI Archive Player film record,Public film-page metadata exposed by the IFI Archive Player. The permalink represents a public viewing/metadata surface; MAR does not download or redistribute the audiovisual media and does not infer a licence to reproduce it.,
IFI Irish Film Archive,ifi-irish-film-archive,Ireland,Europe,IE-IFI-IFA,National film archive,https://ifiarchiveplayer.ie/,True,True,https://ifiarchiveplayer.ie/,IFI Archive Player,https://ifiarchiveplayer.ie/radharc-the-new-ritual/,radharc the new ritual,IFI Archive Player film record,Public film-page metadata exposed by the IFI Archive Player. The permalink represents a public viewing/metadata surface; MAR does not download or redistribute the audiovisual media and does not infer a licence to reproduce it.,
IFI Irish Film Archive,ifi-irish-film-archive,Ireland,Europe,IE-IFI-IFA,National film archive,https://ifiarchiveplayer.ie/,True,True,https://ifiarchiveplayer.ie/,IFI Archive Player,https://ifiarchiveplayer.ie/radharc-village-with-the-most-vocations/,radharc village with the most vocations,IFI Archive Player film record,Public film-page metadata exposed by the IFI Archive Player. The permalink represents a public viewing/metadata surface; MAR does not download or redistribute the audiovisual media and does not infer a licence to reproduce it.,
IFI Irish Film Archive,ifi-irish-film-archive,Ireland,Europe,IE-IFI-IFA,National film archive,https://ifiarchiveplayer.ie/,True,True,https://ifiarchiveplayer.ie/,IFI Archive Player,https://ifiarchiveplayer.ie/raheny-clay-pigeon-christmas-shoot/,raheny clay pigeon christmas shoot,IFI Archive Player film record,Public film-page metadata exposed by the IFI Archive Player. The permalink represents a public viewing/metadata surface; MAR does not download or redistribute the audiovisual media and does not infer a licence to reproduce it.,
IFI Irish Film Archive,ifi-irish-film-archive,Ireland,Europe,IE-IFI-IFA,National film archive,https://ifiarchiveplayer.ie/,True,True,https://ifiarchiveplayer.ie/,IFI Archive Player,https://ifiarchiveplayer.ie/rathdrum-sees-stars/,rathdrum sees stars,IFI Archive Player film record,Public film-page metadata exposed by the IFI Archive Player. The permalink represents a public viewing/metadata surface; MAR does not download or redistribute the audiovisual media and does not infer a licence to reproduce it.,
IFI Irish Film Archive,ifi-irish-film-archive,Ireland,Europe,IE-IFI-IFA,National film archive,https://ifiarchiveplayer.ie/,True,True,https://ifiarchiveplayer.ie/,IFI Archive Player,https://ifiarchiveplayer.ie/rds-show-and-sales/,rds show and sales,IFI Archive Player film record,Public film-page metadata exposed by the IFI Archive Player. The permalink represents a public viewing/metadata surface; MAR does not download or redistribute the audiovisual media and does not infer a licence to reproduce it.,
IFI Irish Film Archive,ifi-irish-film-archive,Ireland,Europe,IE-IFI-IFA,National film archive,https://ifiarchiveplayer.ie/,True,True,https://ifiarchiveplayer.ie/,IFI Archive Player,https://ifiarchiveplayer.ie/rebirth-of-a-nation/,rebirth of a nation,IFI Archive Player film record,Public film-page metadata exposed by the IFI Archive Player. The permalink represents a public viewing/metadata surface; MAR does not download or redistribute the audiovisual media and does not infer a licence to reproduce it.,
IFI Irish Film Archive,ifi-irish-film-archive,Ireland,Europe,IE-IFI-IFA,National film archive,https://ifiarchiveplayer.ie/,True,True,https://ifiarchiveplayer.ie/,IFI Archive Player,https://ifiarchiveplayer.ie/red-and-green/,red and green,IFI Archive Player film record,Public film-page metadata exposed by the IFI Archive Player. The permalink represents a public viewing/metadata surface; MAR does not download or redistribute the audiovisual media and does not infer a licence to reproduce it.,
IFI Irish Film Archive,ifi-irish-film-archive,Ireland,Europe,IE-IFI-IFA,National film archive,https://ifiarchiveplayer.ie/,True,True,https://ifiarchiveplayer.ie/,IFI Archive Player,https://ifiarchiveplayer.ie/red-cross-doctor-leaves-for-congo/,red cross doctor leaves for congo,IFI Archive Player film record,Public film-page metadata exposed by the IFI Archive Player. The permalink represents a public viewing/metadata surface; MAR does not download or redistribute the audiovisual media and does not infer a licence to reproduce it.,
IFI Irish Film Archive,ifi-irish-film-archive,Ireland,Europe,IE-IFI-IFA,National film archive,https://ifiarchiveplayer.ie/,True,True,https://ifiarchiveplayer.ie/,IFI Archive Player,https://ifiarchiveplayer.ie/red-cross-society-garden-fete-in-dublin/,red cross society garden fete in dublin,IFI Archive Player film record,Public film-page metadata exposed by the IFI Archive Player. The permalink represents a public viewing/metadata surface; MAR does not download or redistribute the audiovisual media and does not infer a licence to reproduce it.,
IFI Irish Film Archive,ifi-irish-film-archive,Ireland,Europe,IE-IFI-IFA,National film archive,https://ifiarchiveplayer.ie/,True,True,https://ifiarchiveplayer.ie/,IFI Archive Player,https://ifiarchiveplayer.ie/reflections-ireland/,reflections ireland,IFI Archive Player film record,Public film-page metadata exposed by the IFI Archive Player. The permalink represents a public viewing/metadata surface; MAR does not download or redistribute the audiovisual media and does not infer a licence to reproduce it.,
IFI Irish Film Archive,ifi-irish-film-archive,Ireland,Europe,IE-IFI-IFA,National film archive,https://ifiarchiveplayer.ie/,True,True,https://ifiarchiveplayer.ie/,IFI Archive Player,https://ifiarchiveplayer.ie/regeneration/,regeneration,IFI Archive Player film record,Public film-page metadata exposed by the IFI Archive Player. The permalink represents a public viewing/metadata surface; MAR does not download or redistribute the audiovisual media and does not infer a licence to reproduce it.,
IFI Irish Film Archive,ifi-irish-film-archive,Ireland,Europe,IE-IFI-IFA,National film archive,https://ifiarchiveplayer.ie/,True,True,https://ifiarchiveplayer.ie/,IFI Archive Player,https://ifiarchiveplayer.ie/religion/,religion,IFI Archive Player film record,Public film-page metadata exposed by the IFI Archive Player. The permalink represents a public viewing/metadata surface; MAR does not download or redistribute the audiovisual media and does not infer a licence to reproduce it.,
IFI Irish Film Archive,ifi-irish-film-archive,Ireland,Europe,IE-IFI-IFA,National film archive,https://ifiarchiveplayer.ie/,True,True,https://ifiarchiveplayer.ie/,IFI Archive Player,https://ifiarchiveplayer.ie/remembrance-day-bray/,remembrance day bray,IFI Archive Player film record,Public film-page metadata exposed by the IFI Archive Player. The permalink represents a public viewing/metadata surface; MAR does not download or redistribute the audiovisual media and does not infer a licence to reproduce it.,
IFI Irish Film Archive,ifi-irish-film-archive,Ireland,Europe,IE-IFI-IFA,National film archive,https://ifiarchiveplayer.ie/,True,True,https://ifiarchiveplayer.ie/,IFI Archive Player,https://ifiarchiveplayer.ie/removal-of-remains-of-col-mccarthy/,removal of remains of col mccarthy,IFI Archive Player film record,Public film-page metadata exposed by the IFI Archive Player. The permalink represents a public viewing/metadata surface; MAR does not download or redistribute the audiovisual media and does not infer a licence to reproduce it.,
IFI Irish Film Archive,ifi-irish-film-archive,Ireland,Europe,IE-IFI-IFA,National film archive,https://ifiarchiveplayer.ie/,True,True,https://ifiarchiveplayer.ie/,IFI Archive Player,https://ifiarchiveplayer.ie/requiem-for-sally/,requiem for sally,IFI Archive Player film record,Public film-page metadata exposed by the IFI Archive Player. The permalink represents a public viewing/metadata surface; MAR does not download or redistribute the audiovisual media and does not infer a licence to reproduce it.,
IFI Irish Film Archive,ifi-irish-film-archive,Ireland,Europe,IE-IFI-IFA,National film archive,https://ifiarchiveplayer.ie/,True,True,https://ifiarchiveplayer.ie/,IFI Archive Player,https://ifiarchiveplayer.ie/requiem-mass/,requiem mass,IFI Archive Player film record,Public film-page metadata exposed by the IFI Archive Player. The permalink represents a public viewing/metadata surface; MAR does not download or redistribute the audiovisual media and does not infer a licence to reproduce it.,
IFI Irish Film Archive,ifi-irish-film-archive,Ireland,Europe,IE-IFI-IFA,National film archive,https://ifiarchiveplayer.ie/,True,True,https://ifiarchiveplayer.ie/,IFI Archive Player,https://ifiarchiveplayer.ie/return-to-glennascaul/,return to glennascaul,IFI Archive Player film record,Public film-page metadata exposed by the IFI Archive Player. The permalink represents a public viewing/metadata surface; MAR does not download or redistribute the audiovisual media and does not infer a licence to reproduce it.,
IFI Irish Film Archive,ifi-irish-film-archive,Ireland,Europe,IE-IFI-IFA,National film archive,https://ifiarchiveplayer.ie/,True,True,https://ifiarchiveplayer.ie/,IFI Archive Player,https://ifiarchiveplayer.ie/review-of-irish-events-1923/,review of irish events 1923,IFI Archive Player film record,Public film-page metadata exposed by the IFI Archive Player. The permalink represents a public viewing/metadata surface; MAR does not download or redistribute the audiovisual media and does not infer a licence to reproduce it.,
IFI Irish Film Archive,ifi-irish-film-archive,Ireland,Europe,IE-IFI-IFA,National film archive,https://ifiarchiveplayer.ie/,True,True,https://ifiarchiveplayer.ie/,IFI Archive Player,https://ifiarchiveplayer.ie/rhapsody-of-a-river/,rhapsody of a river,IFI Archive Player film record,Public film-page metadata exposed by the IFI Archive Player. The permalink represents a public viewing/metadata surface; MAR does not download or redistribute the audiovisual media and does not infer a licence to reproduce it.,
IFI Irish Film Archive,ifi-irish-film-archive,Ireland,Europe,IE-IFI-IFA,National film archive,https://ifiarchiveplayer.ie/,True,True,https://ifiarchiveplayer.ie/,IFI Archive Player,https://ifiarchiveplayer.ie/ribena-leapfrog/,ribena leapfrog,IFI Archive Player film record,Public film-page metadata exposed by the IFI Archive Player. The permalink represents a public viewing/metadata surface; MAR does not download or redistribute the audiovisual media and does not infer a licence to reproduce it.,
IFI Irish Film Archive,ifi-irish-film-archive,Ireland,Europe,IE-IFI-IFA,National film archive,https://ifiarchiveplayer.ie/,True,True,https://ifiarchiveplayer.ie/,IFI Archive Player,https://ifiarchiveplayer.ie/ribena-mother-and-son/,ribena mother and son,IFI Archive Player film record,Public film-page metadata exposed by the IFI Archive Player. The permalink represents a public viewing/metadata surface; MAR does not download or redistribute the audiovisual media and does not infer a licence to reproduce it.,
IFI Irish Film Archive,ifi-irish-film-archive,Ireland,Europe,IE-IFI-IFA,National film archive,https://ifiarchiveplayer.ie/,True,True,https://ifiarchiveplayer.ie/,IFI Archive Player,https://ifiarchiveplayer.ie/ribena-stacking-logs/,ribena stacking logs,IFI Archive Player film record,Public film-page metadata exposed by the IFI Archive Player. The permalink represents a public viewing/metadata surface; MAR does not download or redistribute the audiovisual media and does not infer a licence to reproduce it.,
IFI Irish Film Archive,ifi-irish-film-archive,Ireland,Europe,IE-IFI-IFA,National film archive,https://ifiarchiveplayer.ie/,True,True,https://ifiarchiveplayer.ie/,IFI Archive Player,https://ifiarchiveplayer.ie/riots-in-belfast/,riots in belfast,IFI Archive Player film record,Public film-page metadata exposed by the IFI Archive Player. The permalink represents a public viewing/metadata surface; MAR does not download or redistribute the audiovisual media and does not infer a licence to reproduce it.,
IFI Irish Film Archive,ifi-irish-film-archive,Ireland,Europe,IE-IFI-IFA,National film archive,https://ifiarchiveplayer.ie/,True,True,https://ifiarchiveplayer.ie/,IFI Archive Player,https://ifiarchiveplayer.ie/road-safety-week-exhibition/,road safety week exhibition,IFI Archive Player film record,Public film-page metadata exposed by the IFI Archive Player. The permalink represents a public viewing/metadata surface; MAR does not download or redistribute the audiovisual media and does not infer a licence to reproduce it.,
IFI Irish Film Archive,ifi-irish-film-archive,Ireland,Europe,IE-IFI-IFA,National film archive,https://ifiarchiveplayer.ie/,True,True,https://ifiarchiveplayer.ie/,IFI Archive Player,https://ifiarchiveplayer.ie/roads-searched/,roads searched,IFI Archive Player film record,Public film-page metadata exposed by the IFI Archive Player. The permalink represents a public viewing/metadata surface; MAR does not download or redistribute the audiovisual media and does not infer a licence to reproduce it.,
IFI Irish Film Archive,ifi-irish-film-archive,Ireland,Europe,IE-IFI-IFA,National film archive,https://ifiarchiveplayer.ie/,True,True,https://ifiarchiveplayer.ie/,IFI Archive Player,https://ifiarchiveplayer.ie/roll-16-annes-third-birthday-et-al/,roll 16 annes third birthday et al,IFI Archive Player film record,Public film-page metadata exposed by the IFI Archive Player. The permalink represents a public viewing/metadata surface; MAR does not download or redistribute the audiovisual media and does not infer a licence to reproduce it.,
IFI Irish Film Archive,ifi-irish-film-archive,Ireland,Europe,IE-IFI-IFA,National film archive,https://ifiarchiveplayer.ie/,True,True,https://ifiarchiveplayer.ie/,IFI Archive Player,https://ifiarchiveplayer.ie/roll-21-achill-1969/,roll 21 achill 1969,IFI Archive Player film record,Public film-page metadata exposed by the IFI Archive Player. The permalink represents a public viewing/metadata surface; MAR does not download or redistribute the audiovisual media and does not infer a licence to reproduce it.,
IFI Irish Film Archive,ifi-irish-film-archive,Ireland,Europe,IE-IFI-IFA,National film archive,https://ifiarchiveplayer.ie/,True,True,https://ifiarchiveplayer.ie/,IFI Archive Player,https://ifiarchiveplayer.ie/ronson-escort-2000/,ronson escort 2000,IFI Archive Player film record,Public film-page metadata exposed by the IFI Archive Player. The permalink represents a public viewing/metadata surface; MAR does not download or redistribute the audiovisual media and does not infer a licence to reproduce it.,
IFI Irish Film Archive,ifi-irish-film-archive,Ireland,Europe,IE-IFI-IFA,National film archive,https://ifiarchiveplayer.ie/,True,True,https://ifiarchiveplayer.ie/,IFI Archive Player,https://ifiarchiveplayer.ie/rory/,rory,IFI Archive Player film record,Public film-page metadata exposed by the IFI Archive Player. The permalink represents a public viewing/metadata surface; MAR does not download or redistribute the audiovisual media and does not infer a licence to reproduce it.,
IFI Irish Film Archive,ifi-irish-film-archive,Ireland,Europe,IE-IFI-IFA,National film archive,https://ifiarchiveplayer.ie/,True,True,https://ifiarchiveplayer.ie/,IFI Archive Player,https://ifiarchiveplayer.ie/roscrea-farming-with-a-difference/,roscrea farming with a difference,IFI Archive Player film record,Public film-page metadata exposed by the IFI Archive Player. The permalink represents a public viewing/metadata surface; MAR does not download or redistribute the audiovisual media and does not infer a licence to reproduce it.,
IFI Irish Film Archive,ifi-irish-film-archive,Ireland,Europe,IE-IFI-IFA,National film archive,https://ifiarchiveplayer.ie/,True,True,https://ifiarchiveplayer.ie/,IFI Archive Player,https://ifiarchiveplayer.ie/rose-of-tralee-final/,rose of tralee final,IFI Archive Player film record,Public film-page metadata exposed by the IFI Archive Player. The permalink represents a public viewing/metadata surface; MAR does not download or redistribute the audiovisual media and does not infer a licence to reproduce it.,
IFI Irish Film Archive,ifi-irish-film-archive,Ireland,Europe,IE-IFI-IFA,National film archive,https://ifiarchiveplayer.ie/,True,True,https://ifiarchiveplayer.ie/,IFI Archive Player,https://ifiarchiveplayer.ie/round-the-world-catamaran-under-sail/,round the world catamaran under sail,IFI Archive Player film record,Public film-page metadata exposed by the IFI Archive Player. The permalink represents a public viewing/metadata surface; MAR does not download or redistribute the audiovisual media and does not infer a licence to reproduce it.,
IFI Irish Film Archive,ifi-irish-film-archive,Ireland,Europe,IE-IFI-IFA,National film archive,https://ifiarchiveplayer.ie/,True,True,https://ifiarchiveplayer.ie/,IFI Archive Player,https://ifiarchiveplayer.ie/royco-lentil-soup/,royco lentil soup,IFI Archive Player film record,Public film-page metadata exposed by the IFI Archive Player. The permalink represents a public viewing/metadata surface; MAR does not download or redistribute the audiovisual media and does not infer a licence to reproduce it.,
IFI Irish Film Archive,ifi-irish-film-archive,Ireland,Europe,IE-IFI-IFA,National film archive,https://ifiarchiveplayer.ie/,True,True,https://ifiarchiveplayer.ie/,IFI Archive Player,https://ifiarchiveplayer.ie/royco-oxtail-soup/,royco oxtail soup,IFI Archive Player film record,Public film-page metadata exposed by the IFI Archive Player. The permalink represents a public viewing/metadata surface; MAR does not download or redistribute the audiovisual media and does not infer a licence to reproduce it.,
IFI Irish Film Archive,ifi-irish-film-archive,Ireland,Europe,IE-IFI-IFA,National film archive,https://ifiarchiveplayer.ie/,True,True,https://ifiarchiveplayer.ie/,IFI Archive Player,https://ifiarchiveplayer.ie/royco-soup/,royco soup,IFI Archive Player film record,Public film-page metadata exposed by the IFI Archive Player. The permalink represents a public viewing/metadata surface; MAR does not download or redistribute the audiovisual media and does not infer a licence to reproduce it.,
IFI Irish Film Archive,ifi-irish-film-archive,Ireland,Europe,IE-IFI-IFA,National film archive,https://ifiarchiveplayer.ie/,True,True,https://ifiarchiveplayer.ie/,IFI Archive Player,https://ifiarchiveplayer.ie/rubai/,rubai,IFI Archive Player film record,Public film-page metadata exposed by the IFI Archive Player. The permalink represents a public viewing/metadata surface; MAR does not download or redistribute the audiovisual media and does not infer a licence to reproduce it.,
IFI Irish Film Archive,ifi-irish-film-archive,Ireland,Europe,IE-IFI-IFA,National film archive,https://ifiarchiveplayer.ie/,True,True,https://ifiarchiveplayer.ie/,IFI Archive Player,https://ifiarchiveplayer.ie/running/,running,IFI Archive Player film record,Public film-page metadata exposed by the IFI Archive Player. The permalink represents a public viewing/metadata surface; MAR does not download or redistribute the audiovisual media and does not infer a licence to reproduce it.,
IFI Irish Film Archive,ifi-irish-film-archive,Ireland,Europe,IE-IFI-IFA,National film archive,https://ifiarchiveplayer.ie/,True,True,https://ifiarchiveplayer.ie/,IFI Archive Player,https://ifiarchiveplayer.ie/sackville-street-in-flames/,sackville street in flames,IFI Archive Player film record,Public film-page metadata exposed by the IFI Archive Player. The permalink represents a public viewing/metadata surface; MAR does not download or redistribute the audiovisual media and does not infer a licence to reproduce it.,
IFI Irish Film Archive,ifi-irish-film-archive,Ireland,Europe,IE-IFI-IFA,National film archive,https://ifiarchiveplayer.ie/,True,True,https://ifiarchiveplayer.ie/,IFI Archive Player,https://ifiarchiveplayer.ie/safe-cycling/,safe cycling,IFI Archive Player film record,Public film-page metadata exposed by the IFI Archive Player. The permalink represents a public viewing/metadata surface; MAR does not download or redistribute the audiovisual media and does not infer a licence to reproduce it.,
IFI Irish Film Archive,ifi-irish-film-archive,Ireland,Europe,IE-IFI-IFA,National film archive,https://ifiarchiveplayer.ie/,True,True,https://ifiarchiveplayer.ie/,IFI Archive Player,https://ifiarchiveplayer.ie/saint-patricks-day-1916/,saint patricks day 1916,IFI Archive Player film record,Public film-page metadata exposed by the IFI Archive Player. The permalink represents a public viewing/metadata surface; MAR does not download or redistribute the audiovisual media and does not infer a licence to reproduce it.,
IFI Irish Film Archive,ifi-irish-film-archive,Ireland,Europe,IE-IFI-IFA,National film archive,https://ifiarchiveplayer.ie/,True,True,https://ifiarchiveplayer.ie/,IFI Archive Player,https://ifiarchiveplayer.ie/saint-patricks-day-1917/,saint patricks day 1917,IFI Archive Player film record,Public film-page metadata exposed by the IFI Archive Player. The permalink represents a public viewing/metadata surface; MAR does not download or redistribute the audiovisual media and does not infer a licence to reproduce it.,
IFI Irish Film Archive,ifi-irish-film-archive,Ireland,Europe,IE-IFI-IFA,National film archive,https://ifiarchiveplayer.ie/,True,True,https://ifiarchiveplayer.ie/,IFI Archive Player,https://ifiarchiveplayer.ie/sandeman-port/,sandeman port,IFI Archive Player film record,Public film-page metadata exposed by the IFI Archive Player. The permalink represents a public viewing/metadata surface; MAR does not download or redistribute the audiovisual media and does not infer a licence to reproduce it.,
IFI Irish Film Archive,ifi-irish-film-archive,Ireland,Europe,IE-IFI-IFA,National film archive,https://ifiarchiveplayer.ie/,True,True,https://ifiarchiveplayer.ie/,IFI Archive Player,https://ifiarchiveplayer.ie/sandeman-ruby-port/,sandeman ruby port,IFI Archive Player film record,Public film-page metadata exposed by the IFI Archive Player. The permalink represents a public viewing/metadata surface; MAR does not download or redistribute the audiovisual media and does not infer a licence to reproduce it.,
IFI Irish Film Archive,ifi-irish-film-archive,Ireland,Europe,IE-IFI-IFA,National film archive,https://ifiarchiveplayer.ie/,True,True,https://ifiarchiveplayer.ie/,IFI Archive Player,https://ifiarchiveplayer.ie/sandy-cove-gala/,sandy cove gala,IFI Archive Player film record,Public film-page metadata exposed by the IFI Archive Player. The permalink represents a public viewing/metadata surface; MAR does not download or redistribute the audiovisual media and does not infer a licence to reproduce it.,
IFI Irish Film Archive,ifi-irish-film-archive,Ireland,Europe,IE-IFI-IFA,National film archive,https://ifiarchiveplayer.ie/,True,True,https://ifiarchiveplayer.ie/,IFI Archive Player,https://ifiarchiveplayer.ie/sceal-na-laoch/,sceal na laoch,IFI Archive Player film record,Public film-page metadata exposed by the IFI Archive Player. The permalink represents a public viewing/metadata surface; MAR does not download or redistribute the audiovisual media and does not infer a licence to reproduce it.,
IFI Irish Film Archive,ifi-irish-film-archive,Ireland,Europe,IE-IFI-IFA,National film archive,https://ifiarchiveplayer.ie/,True,True,https://ifiarchiveplayer.ie/,IFI Archive Player,https://ifiarchiveplayer.ie/scenes-in-dublin-conscription-protests/,scenes in dublin conscription protests,IFI Archive Player film record,Public film-page metadata exposed by the IFI Archive Player. The permalink represents a public viewing/metadata surface; MAR does not download or redistribute the audiovisual media and does not infer a licence to reproduce it.,
IFI Irish Film Archive,ifi-irish-film-archive,Ireland,Europe,IE-IFI-IFA,National film archive,https://ifiarchiveplayer.ie/,True,True,https://ifiarchiveplayer.ie/,IFI Archive Player,https://ifiarchiveplayer.ie/scholarship-children-home-from-gaeltacht/,scholarship children home from gaeltacht,IFI Archive Player film record,Public film-page metadata exposed by the IFI Archive Player. The permalink represents a public viewing/metadata surface; MAR does not download or redistribute the audiovisual media and does not infer a licence to reproduce it.,
IFI Irish Film Archive,ifi-irish-film-archive,Ireland,Europe,IE-IFI-IFA,National film archive,https://ifiarchiveplayer.ie/,True,True,https://ifiarchiveplayer.ie/,IFI Archive Player,https://ifiarchiveplayer.ie/schweppes-calorie-mixers/,schweppes calorie mixers,IFI Archive Player film record,Public film-page metadata exposed by the IFI Archive Player. The permalink represents a public viewing/metadata surface; MAR does not download or redistribute the audiovisual media and does not infer a licence to reproduce it.,
IFI Irish Film Archive,ifi-irish-film-archive,Ireland,Europe,IE-IFI-IFA,National film archive,https://ifiarchiveplayer.ie/,True,True,https://ifiarchiveplayer.ie/,IFI Archive Player,https://ifiarchiveplayer.ie/schweppes-slimline-look-jingle/,schweppes slimline look jingle,IFI Archive Player film record,Public film-page metadata exposed by the IFI Archive Player. The permalink represents a public viewing/metadata surface; MAR does not download or redistribute the audiovisual media and does not infer a licence to reproduce it.,
IFI Irish Film Archive,ifi-irish-film-archive,Ireland,Europe,IE-IFI-IFA,National film archive,https://ifiarchiveplayer.ie/,True,True,https://ifiarchiveplayer.ie/,IFI Archive Player,https://ifiarchiveplayer.ie/schweppes-the-slimline-look/,schweppes the slimline look,IFI Archive Player film record,Public film-page metadata exposed by the IFI Archive Player. The permalink represents a public viewing/metadata surface; MAR does not download or redistribute the audiovisual media and does not infer a licence to reproduce it.,
IFI Irish Film Archive,ifi-irish-film-archive,Ireland,Europe,IE-IFI-IFA,National film archive,https://ifiarchiveplayer.ie/,True,True,https://ifiarchiveplayer.ie/,IFI Archive Player,https://ifiarchiveplayer.ie/scotties-tissues/,scotties tissues,IFI Archive Player film record,Public film-page metadata exposed by the IFI Archive Player. The permalink represents a public viewing/metadata surface; MAR does not download or redistribute the audiovisual media and does not infer a licence to reproduce it.,
IFI Irish Film Archive,ifi-irish-film-archive,Ireland,Europe,IE-IFI-IFA,National film archive,https://ifiarchiveplayer.ie/,True,True,https://ifiarchiveplayer.ie/,IFI Archive Player,https://ifiarchiveplayer.ie/sealion/,sealion,IFI Archive Player film record,Public film-page metadata exposed by the IFI Archive Player. The permalink represents a public viewing/metadata surface; MAR does not download or redistribute the audiovisual media and does not infer a licence to reproduce it.,
IFI Irish Film Archive,ifi-irish-film-archive,Ireland,Europe,IE-IFI-IFA,National film archive,https://ifiarchiveplayer.ie/,True,True,https://ifiarchiveplayer.ie/,IFI Archive Player,https://ifiarchiveplayer.ie/seashore-motif-in-spring-clothes/,seashore motif in spring clothes,IFI Archive Player film record,Public film-page metadata exposed by the IFI Archive Player. The permalink represents a public viewing/metadata surface; MAR does not download or redistribute the audiovisual media and does not infer a licence to reproduce it.,
IFI Irish Film Archive,ifi-irish-film-archive,Ireland,Europe,IE-IFI-IFA,National film archive,https://ifiarchiveplayer.ie/,True,True,https://ifiarchiveplayer.ie/,IFI Archive Player,https://ifiarchiveplayer.ie/senators-and-tds-tour-bord-na-mona-works/,senators and tds tour bord na mona works,IFI Archive Player film record,Public film-page metadata exposed by the IFI Archive Player. The permalink represents a public viewing/metadata surface; MAR does not download or redistribute the audiovisual media and does not infer a licence to reproduce it.,
IFI Irish Film Archive,ifi-irish-film-archive,Ireland,Europe,IE-IFI-IFA,National film archive,https://ifiarchiveplayer.ie/,True,True,https://ifiarchiveplayer.ie/,IFI Archive Player,https://ifiarchiveplayer.ie/senior-cross-country-championship/,senior cross country championship,IFI Archive Player film record,Public film-page metadata exposed by the IFI Archive Player. The permalink represents a public viewing/metadata surface; MAR does not download or redistribute the audiovisual media and does not infer a licence to reproduce it.,
IFI Irish Film Archive,ifi-irish-film-archive,Ireland,Europe,IE-IFI-IFA,National film archive,https://ifiarchiveplayer.ie/,True,True,https://ifiarchiveplayer.ie/,IFI Archive Player,https://ifiarchiveplayer.ie/shannon-air-disaster-83-dead-no-survivors/,shannon air disaster 83 dead no survivors,IFI Archive Player film record,Public film-page metadata exposed by the IFI Archive Player. The permalink represents a public viewing/metadata surface; MAR does not download or redistribute the audiovisual media and does not infer a licence to reproduce it.,
IFI Irish Film Archive,ifi-irish-film-archive,Ireland,Europe,IE-IFI-IFA,National film archive,https://ifiarchiveplayer.ie/,True,True,https://ifiarchiveplayer.ie/,IFI Archive Player,https://ifiarchiveplayer.ie/shannon-airport-six-cheat-death/,shannon airport six cheat death,IFI Archive Player film record,Public film-page metadata exposed by the IFI Archive Player. The permalink represents a public viewing/metadata surface; MAR does not download or redistribute the audiovisual media and does not infer a licence to reproduce it.,
IFI Irish Film Archive,ifi-irish-film-archive,Ireland,Europe,IE-IFI-IFA,National film archive,https://ifiarchiveplayer.ie/,True,True,https://ifiarchiveplayer.ie/,IFI Archive Player,https://ifiarchiveplayer.ie/shannon-floods-disrupt-transport/,shannon floods disrupt transport,IFI Archive Player film record,Public film-page metadata exposed by the IFI Archive Player. The permalink represents a public viewing/metadata surface; MAR does not download or redistribute the audiovisual media and does not infer a licence to reproduce it.,
IFI Irish Film Archive,ifi-irish-film-archive,Ireland,Europe,IE-IFI-IFA,National film archive,https://ifiarchiveplayer.ie/,True,True,https://ifiarchiveplayer.ie/,IFI Archive Player,https://ifiarchiveplayer.ie/shelling-of-the-four-courts/,shelling of the four courts,IFI Archive Player film record,Public film-page metadata exposed by the IFI Archive Player. The permalink represents a public viewing/metadata surface; MAR does not download or redistribute the audiovisual media and does not infer a licence to reproduce it.,
IFI Irish Film Archive,ifi-irish-film-archive,Ireland,Europe,IE-IFI-IFA,National film archive,https://ifiarchiveplayer.ie/,True,True,https://ifiarchiveplayer.ie/,IFI Archive Player,https://ifiarchiveplayer.ie/shepherd/,shepherd,IFI Archive Player film record,Public film-page metadata exposed by the IFI Archive Player. The permalink represents a public viewing/metadata surface; MAR does not download or redistribute the audiovisual media and does not infer a licence to reproduce it.,
IFI Irish Film Archive,ifi-irish-film-archive,Ireland,Europe,IE-IFI-IFA,National film archive,https://ifiarchiveplayer.ie/,True,True,https://ifiarchiveplayer.ie/,IFI Archive Player,https://ifiarchiveplayer.ie/short-documentary-moonmen/,short documentary moonmen,IFI Archive Player film record,Public film-page metadata exposed by the IFI Archive Player. The permalink represents a public viewing/metadata surface; MAR does not download or redistribute the audiovisual media and does not infer a licence to reproduce it.,
IFI Irish Film Archive,ifi-irish-film-archive,Ireland,Europe,IE-IFI-IFA,National film archive,https://ifiarchiveplayer.ie/,True,True,https://ifiarchiveplayer.ie/,IFI Archive Player,https://ifiarchiveplayer.ie/short-documentary-once-upon-a-tram/,short documentary once upon a tram,IFI Archive Player film record,Public film-page metadata exposed by the IFI Archive Player. The permalink represents a public viewing/metadata surface; MAR does not download or redistribute the audiovisual media and does not infer a licence to reproduce it.,
IFI Irish Film Archive,ifi-irish-film-archive,Ireland,Europe,IE-IFI-IFA,National film archive,https://ifiarchiveplayer.ie/,True,True,https://ifiarchiveplayer.ie/,IFI Archive Player,https://ifiarchiveplayer.ie/side-lights-on-sinn-fein/,side lights on sinn fein,IFI Archive Player film record,Public film-page metadata exposed by the IFI Archive Player. The permalink represents a public viewing/metadata surface; MAR does not download or redistribute the audiovisual media and does not infer a licence to reproduce it.,
IFI Irish Film Archive,ifi-irish-film-archive,Ireland,Europe,IE-IFI-IFA,National film archive,https://ifiarchiveplayer.ie/,True,True,https://ifiarchiveplayer.ie/,IFI Archive Player,https://ifiarchiveplayer.ie/sideboard/,sideboard,IFI Archive Player film record,Public film-page metadata exposed by the IFI Archive Player. The permalink represents a public viewing/metadata surface; MAR does not download or redistribute the audiovisual media and does not infer a licence to reproduce it.,
IFI Irish Film Archive,ifi-irish-film-archive,Ireland,Europe,IE-IFI-IFA,National film archive,https://ifiarchiveplayer.ie/,True,True,https://ifiarchiveplayer.ie/,IFI Archive Player,https://ifiarchiveplayer.ie/sidney-street-siege-filming-in-dublin/,sidney street siege filming in dublin,IFI Archive Player film record,Public film-page metadata exposed by the IFI Archive Player. The permalink represents a public viewing/metadata surface; MAR does not download or redistribute the audiovisual media and does not infer a licence to reproduce it.,
IFI Irish Film Archive,ifi-irish-film-archive,Ireland,Europe,IE-IFI-IFA,National film archive,https://ifiarchiveplayer.ie/,True,True,https://ifiarchiveplayer.ie/,IFI Archive Player,https://ifiarchiveplayer.ie/silence/,silence,IFI Archive Player film record,Public film-page metadata exposed by the IFI Archive Player. The permalink represents a public viewing/metadata surface; MAR does not download or redistribute the audiovisual media and does not infer a licence to reproduce it.,
IFI Irish Film Archive,ifi-irish-film-archive,Ireland,Europe,IE-IFI-IFA,National film archive,https://ifiarchiveplayer.ie/,True,True,https://ifiarchiveplayer.ie/,IFI Archive Player,https://ifiarchiveplayer.ie/sinn-fein-cabinet-divided/,sinn fein cabinet divided,IFI Archive Player film record,Public film-page metadata exposed by the IFI Archive Player. The permalink represents a public viewing/metadata surface; MAR does not download or redistribute the audiovisual media and does not infer a licence to reproduce it.,
IFI Irish Film Archive,ifi-irish-film-archive,Ireland,Europe,IE-IFI-IFA,National film archive,https://ifiarchiveplayer.ie/,True,True,https://ifiarchiveplayer.ie/,IFI Archive Player,https://ifiarchiveplayer.ie/sinn-fein-rebels/,sinn fein rebels,IFI Archive Player film record,Public film-page metadata exposed by the IFI Archive Player. The permalink represents a public viewing/metadata surface; MAR does not download or redistribute the audiovisual media and does not infer a licence to reproduce it.,
IFI Irish Film Archive,ifi-irish-film-archive,Ireland,Europe,IE-IFI-IFA,National film archive,https://ifiarchiveplayer.ie/,True,True,https://ifiarchiveplayer.ie/,IFI Archive Player,https://ifiarchiveplayer.ie/sinn-fein-rising-liberty-hall-part-1/,sinn fein rising liberty hall part 1,IFI Archive Player film record,Public film-page metadata exposed by the IFI Archive Player. The permalink represents a public viewing/metadata surface; MAR does not download or redistribute the audiovisual media and does not infer a licence to reproduce it.,
IFI Irish Film Archive,ifi-irish-film-archive,Ireland,Europe,IE-IFI-IFA,National film archive,https://ifiarchiveplayer.ie/,True,True,https://ifiarchiveplayer.ie/,IFI Archive Player,https://ifiarchiveplayer.ie/sinn-fein-rising-liberty-hall-part-2/,sinn fein rising liberty hall part 2,IFI Archive Player film record,Public film-page metadata exposed by the IFI Archive Player. The permalink represents a public viewing/metadata surface; MAR does not download or redistribute the audiovisual media and does not infer a licence to reproduce it.,
IFI Irish Film Archive,ifi-irish-film-archive,Ireland,Europe,IE-IFI-IFA,National film archive,https://ifiarchiveplayer.ie/,True,True,https://ifiarchiveplayer.ie/,IFI Archive Player,https://ifiarchiveplayer.ie/siucra-brown-sugar-coffee/,siucra brown sugar coffee,IFI Archive Player film record,Public film-page metadata exposed by the IFI Archive Player. The permalink represents a public viewing/metadata surface; MAR does not download or redistribute the audiovisual media and does not infer a licence to reproduce it.,
IFI Irish Film Archive,ifi-irish-film-archive,Ireland,Europe,IE-IFI-IFA,National film archive,https://ifiarchiveplayer.ie/,True,True,https://ifiarchiveplayer.ie/,IFI Archive Player,https://ifiarchiveplayer.ie/siucra-icing-sugar/,siucra icing sugar,IFI Archive Player film record,Public film-page metadata exposed by the IFI Archive Player. The permalink represents a public viewing/metadata surface; MAR does not download or redistribute the audiovisual media and does not infer a licence to reproduce it.,
IFI Irish Film Archive,ifi-irish-film-archive,Ireland,Europe,IE-IFI-IFA,National film archive,https://ifiarchiveplayer.ie/,True,True,https://ifiarchiveplayer.ie/,IFI Archive Player,https://ifiarchiveplayer.ie/six-shooter/,six shooter,IFI Archive Player film record,Public film-page metadata exposed by the IFI Archive Player. The permalink represents a public viewing/metadata surface; MAR does not download or redistribute the audiovisual media and does not infer a licence to reproduce it.,
IFI Irish Film Archive,ifi-irish-film-archive,Ireland,Europe,IE-IFI-IFA,National film archive,https://ifiarchiveplayer.ie/,True,True,https://ifiarchiveplayer.ie/,IFI Archive Player,https://ifiarchiveplayer.ie/skyscraper-to-replace-dublin-theatre/,skyscraper to replace dublin theatre,IFI Archive Player film record,Public film-page metadata exposed by the IFI Archive Player. The permalink represents a public viewing/metadata surface; MAR does not download or redistribute the audiovisual media and does not infer a licence to reproduce it.,
IFI Irish Film Archive,ifi-irish-film-archive,Ireland,Europe,IE-IFI-IFA,National film archive,https://ifiarchiveplayer.ie/,True,True,https://ifiarchiveplayer.ie/,IFI Archive Player,https://ifiarchiveplayer.ie/slim-limbs-fondest-dreams/,slim limbs fondest dreams,IFI Archive Player film record,Public film-page metadata exposed by the IFI Archive Player. The permalink represents a public viewing/metadata surface; MAR does not download or redistribute the audiovisual media and does not infer a licence to reproduce it.,
IFI Irish Film Archive,ifi-irish-film-archive,Ireland,Europe,IE-IFI-IFA,National film archive,https://ifiarchiveplayer.ie/,True,True,https://ifiarchiveplayer.ie/,IFI Archive Player,https://ifiarchiveplayer.ie/small-change/,small change,IFI Archive Player film record,Public film-page metadata exposed by the IFI Archive Player. The permalink represents a public viewing/metadata surface; MAR does not download or redistribute the audiovisual media and does not infer a licence to reproduce it.,
IFI Irish Film Archive,ifi-irish-film-archive,Ireland,Europe,IE-IFI-IFA,National film archive,https://ifiarchiveplayer.ie/,True,True,https://ifiarchiveplayer.ie/,IFI Archive Player,https://ifiarchiveplayer.ie/solving-boundary-question/,solving boundary question,IFI Archive Player film record,Public film-page metadata exposed by the IFI Archive Player. The permalink represents a public viewing/metadata surface; MAR does not download or redistribute the audiovisual media and does not infer a licence to reproduce it.,
IFI Irish Film Archive,ifi-irish-film-archive,Ireland,Europe,IE-IFI-IFA,National film archive,https://ifiarchiveplayer.ie/,True,True,https://ifiarchiveplayer.ie/,IFI Archive Player,https://ifiarchiveplayer.ie/somewhere-down-the-line/,somewhere down the line,IFI Archive Player film record,Public film-page metadata exposed by the IFI Archive Player. The permalink represents a public viewing/metadata surface; MAR does not download or redistribute the audiovisual media and does not infer a licence to reproduce it.,
IFI Irish Film Archive,ifi-irish-film-archive,Ireland,Europe,IE-IFI-IFA,National film archive,https://ifiarchiveplayer.ie/,True,True,https://ifiarchiveplayer.ie/,IFI Archive Player,https://ifiarchiveplayer.ie/songs-of-the-emerald-isle/,songs of the emerald isle,IFI Archive Player film record,Public film-page metadata exposed by the IFI Archive Player. The permalink represents a public viewing/metadata surface; MAR does not download or redistribute the audiovisual media and does not infer a licence to reproduce it.,
IFI Irish Film Archive,ifi-irish-film-archive,Ireland,Europe,IE-IFI-IFA,National film archive,https://ifiarchiveplayer.ie/,True,True,https://ifiarchiveplayer.ie/,IFI Archive Player,https://ifiarchiveplayer.ie/spar-frozen-prices/,spar frozen prices,IFI Archive Player film record,Public film-page metadata exposed by the IFI Archive Player. The permalink represents a public viewing/metadata surface; MAR does not download or redistribute the audiovisual media and does not infer a licence to reproduce it.,
IFI Irish Film Archive,ifi-irish-film-archive,Ireland,Europe,IE-IFI-IFA,National film archive,https://ifiarchiveplayer.ie/,True,True,https://ifiarchiveplayer.ie/,IFI Archive Player,https://ifiarchiveplayer.ie/spar-price-train/,spar price train,IFI Archive Player film record,Public film-page metadata exposed by the IFI Archive Player. The permalink represents a public viewing/metadata surface; MAR does not download or redistribute the audiovisual media and does not infer a licence to reproduce it.,
IFI Irish Film Archive,ifi-irish-film-archive,Ireland,Europe,IE-IFI-IFA,National film archive,https://ifiarchiveplayer.ie/,True,True,https://ifiarchiveplayer.ie/,IFI Archive Player,https://ifiarchiveplayer.ie/spar-so-near-so-spar/,spar so near so spar,IFI Archive Player film record,Public film-page metadata exposed by the IFI Archive Player. The permalink represents a public viewing/metadata surface; MAR does not download or redistribute the audiovisual media and does not infer a licence to reproduce it.,
IFI Irish Film Archive,ifi-irish-film-archive,Ireland,Europe,IE-IFI-IFA,National film archive,https://ifiarchiveplayer.ie/,True,True,https://ifiarchiveplayer.ie/,IFI Archive Player,https://ifiarchiveplayer.ie/spar-weekly-deals/,spar weekly deals,IFI Archive Player film record,Public film-page metadata exposed by the IFI Archive Player. The permalink represents a public viewing/metadata surface; MAR does not download or redistribute the audiovisual media and does not infer a licence to reproduce it.,
IFI Irish Film Archive,ifi-irish-film-archive,Ireland,Europe,IE-IFI-IFA,National film archive,https://ifiarchiveplayer.ie/,True,True,https://ifiarchiveplayer.ie/,IFI Archive Player,https://ifiarchiveplayer.ie/specimens/,specimens,IFI Archive Player film record,Public film-page metadata exposed by the IFI Archive Player. The permalink represents a public viewing/metadata surface; MAR does not download or redistribute the audiovisual media and does not infer a licence to reproduce it.,
IFI Irish Film Archive,ifi-irish-film-archive,Ireland,Europe,IE-IFI-IFA,National film archive,https://ifiarchiveplayer.ie/,True,True,https://ifiarchiveplayer.ie/,IFI Archive Player,https://ifiarchiveplayer.ie/spike-that-thirst/,spike that thirst,IFI Archive Player film record,Public film-page metadata exposed by the IFI Archive Player. The permalink represents a public viewing/metadata surface; MAR does not download or redistribute the audiovisual media and does not infer a licence to reproduce it.,
IFI Irish Film Archive,ifi-irish-film-archive,Ireland,Europe,IE-IFI-IFA,National film archive,https://ifiarchiveplayer.ie/,True,True,https://ifiarchiveplayer.ie/,IFI Archive Player,https://ifiarchiveplayer.ie/spray-n-stay-freedom/,spray n stay freedom,IFI Archive Player film record,Public film-page metadata exposed by the IFI Archive Player. The permalink represents a public viewing/metadata surface; MAR does not download or redistribute the audiovisual media and does not infer a licence to reproduce it.,
IFI Irish Film Archive,ifi-irish-film-archive,Ireland,Europe,IE-IFI-IFA,National film archive,https://ifiarchiveplayer.ie/,True,True,https://ifiarchiveplayer.ie/,IFI Archive Player,https://ifiarchiveplayer.ie/spring-fashions-here-already/,spring fashions here already,IFI Archive Player film record,Public film-page metadata exposed by the IFI Archive Player. The permalink represents a public viewing/metadata surface; MAR does not download or redistribute the audiovisual media and does not infer a licence to reproduce it.,
IFI Irish Film Archive,ifi-irish-film-archive,Ireland,Europe,IE-IFI-IFA,National film archive,https://ifiarchiveplayer.ie/,True,True,https://ifiarchiveplayer.ie/,IFI Archive Player,https://ifiarchiveplayer.ie/spry-crisp-n-dry/,spry crisp n dry,IFI Archive Player film record,Public film-page metadata exposed by the IFI Archive Player. The permalink represents a public viewing/metadata surface; MAR does not download or redistribute the audiovisual media and does not infer a licence to reproduce it.,
IFI Irish Film Archive,ifi-irish-film-archive,Ireland,Europe,IE-IFI-IFA,National film archive,https://ifiarchiveplayer.ie/,True,True,https://ifiarchiveplayer.ie/,IFI Archive Player,https://ifiarchiveplayer.ie/st-patricks-country/,st patricks country,IFI Archive Player film record,Public film-page metadata exposed by the IFI Archive Player. The permalink represents a public viewing/metadata surface; MAR does not download or redistribute the audiovisual media and does not infer a licence to reproduce it.,
IFI Irish Film Archive,ifi-irish-film-archive,Ireland,Europe,IE-IFI-IFA,National film archive,https://ifiarchiveplayer.ie/,True,True,https://ifiarchiveplayer.ie/,IFI Archive Player,https://ifiarchiveplayer.ie/st-patricks-day-irish-colleens/,st patricks day irish colleens,IFI Archive Player film record,Public film-page metadata exposed by the IFI Archive Player. The permalink represents a public viewing/metadata surface; MAR does not download or redistribute the audiovisual media and does not infer a licence to reproduce it.,
IFI Irish Film Archive,ifi-irish-film-archive,Ireland,Europe,IE-IFI-IFA,National film archive,https://ifiarchiveplayer.ie/,True,True,https://ifiarchiveplayer.ie/,IFI Archive Player,https://ifiarchiveplayer.ie/stand-up-for-your-friends/,stand up for your friends,IFI Archive Player film record,Public film-page metadata exposed by the IFI Archive Player. The permalink represents a public viewing/metadata surface; MAR does not download or redistribute the audiovisual media and does not infer a licence to reproduce it.,
IFI Irish Film Archive,ifi-irish-film-archive,Ireland,Europe,IE-IFI-IFA,National film archive,https://ifiarchiveplayer.ie/,True,True,https://ifiarchiveplayer.ie/,IFI Archive Player,https://ifiarchiveplayer.ie/stand-up-to-bullying/,stand up to bullying,IFI Archive Player film record,Public film-page metadata exposed by the IFI Archive Player. The permalink represents a public viewing/metadata surface; MAR does not download or redistribute the audiovisual media and does not infer a licence to reproduce it.,
IFI Irish Film Archive,ifi-irish-film-archive,Ireland,Europe,IE-IFI-IFA,National film archive,https://ifiarchiveplayer.ie/,True,True,https://ifiarchiveplayer.ie/,IFI Archive Player,https://ifiarchiveplayer.ie/stars-attend-charity-premiere/,stars attend charity premiere,IFI Archive Player film record,Public film-page metadata exposed by the IFI Archive Player. The permalink represents a public viewing/metadata surface; MAR does not download or redistribute the audiovisual media and does not infer a licence to reproduce it.,
IFI Irish Film Archive,ifi-irish-film-archive,Ireland,Europe,IE-IFI-IFA,National film archive,https://ifiarchiveplayer.ie/,True,True,https://ifiarchiveplayer.ie/,IFI Archive Player,https://ifiarchiveplayer.ie/state-entry-to-dublin-castle-1915/,state entry to dublin castle 1915,IFI Archive Player film record,Public film-page metadata exposed by the IFI Archive Player. The permalink represents a public viewing/metadata surface; MAR does not download or redistribute the audiovisual media and does not infer a licence to reproduce it.,
IFI Irish Film Archive,ifi-irish-film-archive,Ireland,Europe,IE-IFI-IFA,National film archive,https://ifiarchiveplayer.ie/,True,True,https://ifiarchiveplayer.ie/,IFI Archive Player,https://ifiarchiveplayer.ie/statistic/,statistic,IFI Archive Player film record,Public film-page metadata exposed by the IFI Archive Player. The permalink represents a public viewing/metadata surface; MAR does not download or redistribute the audiovisual media and does not infer a licence to reproduce it.,
IFI Irish Film Archive,ifi-irish-film-archive,Ireland,Europe,IE-IFI-IFA,National film archive,https://ifiarchiveplayer.ie/,True,True,https://ifiarchiveplayer.ie/,IFI Archive Player,https://ifiarchiveplayer.ie/statistic-2/,statistic 2,IFI Archive Player film record,Public film-page metadata exposed by the IFI Archive Player. The permalink represents a public viewing/metadata surface; MAR does not download or redistribute the audiovisual media and does not infer a licence to reproduce it.,
IFI Irish Film Archive,ifi-irish-film-archive,Ireland,Europe,IE-IFI-IFA,National film archive,https://ifiarchiveplayer.ie/,True,True,https://ifiarchiveplayer.ie/,IFI Archive Player,https://ifiarchiveplayer.ie/stones-will-speak/,stones will speak,IFI Archive Player film record,Public film-page metadata exposed by the IFI Archive Player. The permalink represents a public viewing/metadata surface; MAR does not download or redistribute the audiovisual media and does not infer a licence to reproduce it.,
IFI Irish Film Archive,ifi-irish-film-archive,Ireland,Europe,IE-IFI-IFA,National film archive,https://ifiarchiveplayer.ie/,True,True,https://ifiarchiveplayer.ie/,IFI Archive Player,https://ifiarchiveplayer.ie/stop-on-the-way/,stop on the way,IFI Archive Player film record,Public film-page metadata exposed by the IFI Archive Player. The permalink represents a public viewing/metadata surface; MAR does not download or redistribute the audiovisual media and does not infer a licence to reproduce it.,
IFI Irish Film Archive,ifi-irish-film-archive,Ireland,Europe,IE-IFI-IFA,National film archive,https://ifiarchiveplayer.ie/,True,True,https://ifiarchiveplayer.ie/,IFI Archive Player,https://ifiarchiveplayer.ie/stop-thief/,stop thief,IFI Archive Player film record,Public film-page metadata exposed by the IFI Archive Player. The permalink represents a public viewing/metadata surface; MAR does not download or redistribute the audiovisual media and does not infer a licence to reproduce it.,
IFI Irish Film Archive,ifi-irish-film-archive,Ireland,Europe,IE-IFI-IFA,National film archive,https://ifiarchiveplayer.ie/,True,True,https://ifiarchiveplayer.ie/,IFI Archive Player,https://ifiarchiveplayer.ie/storm-damage-to-dublin-wexford-line/,storm damage to dublin wexford line,IFI Archive Player film record,Public film-page metadata exposed by the IFI Archive Player. The permalink represents a public viewing/metadata surface; MAR does not download or redistribute the audiovisual media and does not infer a licence to reproduce it.,
IFI Irish Film Archive,ifi-irish-film-archive,Ireland,Europe,IE-IFI-IFA,National film archive,https://ifiarchiveplayer.ie/,True,True,https://ifiarchiveplayer.ie/,IFI Archive Player,https://ifiarchiveplayer.ie/strange-contrasts-at-fleadh-ceoil-gorey/,strange contrasts at fleadh ceoil gorey,IFI Archive Player film record,Public film-page metadata exposed by the IFI Archive Player. The permalink represents a public viewing/metadata surface; MAR does not download or redistribute the audiovisual media and does not infer a licence to reproduce it.,
IFI Irish Film Archive,ifi-irish-film-archive,Ireland,Europe,IE-IFI-IFA,National film archive,https://ifiarchiveplayer.ie/,True,True,https://ifiarchiveplayer.ie/,IFI Archive Player,https://ifiarchiveplayer.ie/strike-scenes-in-limerick/,strike scenes in limerick,IFI Archive Player film record,Public film-page metadata exposed by the IFI Archive Player. The permalink represents a public viewing/metadata surface; MAR does not download or redistribute the audiovisual media and does not infer a licence to reproduce it.,
IFI Irish Film Archive,ifi-irish-film-archive,Ireland,Europe,IE-IFI-IFA,National film archive,https://ifiarchiveplayer.ie/,True,True,https://ifiarchiveplayer.ie/,IFI Archive Player,https://ifiarchiveplayer.ie/students-ban-the-bomb-march-ends-in-explosion/,students ban the bomb march ends in explosion,IFI Archive Player film record,Public film-page metadata exposed by the IFI Archive Player. The permalink represents a public viewing/metadata surface; MAR does not download or redistribute the audiovisual media and does not infer a licence to reproduce it.,
IFI Irish Film Archive,ifi-irish-film-archive,Ireland,Europe,IE-IFI-IFA,National film archive,https://ifiarchiveplayer.ie/,True,True,https://ifiarchiveplayer.ie/,IFI Archive Player,https://ifiarchiveplayer.ie/sudocrem-a-great-friend/,sudocrem a great friend,IFI Archive Player film record,Public film-page metadata exposed by the IFI Archive Player. The permalink represents a public viewing/metadata surface; MAR does not download or redistribute the audiovisual media and does not infer a licence to reproduce it.,
IFI Irish Film Archive,ifi-irish-film-archive,Ireland,Europe,IE-IFI-IFA,National film archive,https://ifiarchiveplayer.ie/,True,True,https://ifiarchiveplayer.ie/,IFI Archive Player,https://ifiarchiveplayer.ie/sudotex-hand-cream/,sudotex hand cream,IFI Archive Player film record,Public film-page metadata exposed by the IFI Archive Player. The permalink represents a public viewing/metadata surface; MAR does not download or redistribute the audiovisual media and does not infer a licence to reproduce it.,
IFI Irish Film Archive,ifi-irish-film-archive,Ireland,Europe,IE-IFI-IFA,National film archive,https://ifiarchiveplayer.ie/,True,True,https://ifiarchiveplayer.ie/,IFI Archive Player,https://ifiarchiveplayer.ie/summer/,summer,IFI Archive Player film record,Public film-page metadata exposed by the IFI Archive Player. The permalink represents a public viewing/metadata surface; MAR does not download or redistribute the audiovisual media and does not infer a licence to reproduce it.,
IFI Irish Film Archive,ifi-irish-film-archive,Ireland,Europe,IE-IFI-IFA,National film archive,https://ifiarchiveplayer.ie/,True,True,https://ifiarchiveplayer.ie/,IFI Archive Player,https://ifiarchiveplayer.ie/summer-buzz/,summer buzz,IFI Archive Player film record,Public film-page metadata exposed by the IFI Archive Player. The permalink represents a public viewing/metadata surface; MAR does not download or redistribute the audiovisual media and does not infer a licence to reproduce it.,
IFI Irish Film Archive,ifi-irish-film-archive,Ireland,Europe,IE-IFI-IFA,National film archive,https://ifiarchiveplayer.ie/,True,True,https://ifiarchiveplayer.ie/,IFI Archive Player,https://ifiarchiveplayer.ie/summer-school-for-athletes/,summer school for athletes,IFI Archive Player film record,Public film-page metadata exposed by the IFI Archive Player. The permalink represents a public viewing/metadata surface; MAR does not download or redistribute the audiovisual media and does not infer a licence to reproduce it.,
IFI Irish Film Archive,ifi-irish-film-archive,Ireland,Europe,IE-IFI-IFA,National film archive,https://ifiarchiveplayer.ie/,True,True,https://ifiarchiveplayer.ie/,IFI Archive Player,https://ifiarchiveplayer.ie/summer-school-for-athletes-2/,summer school for athletes 2,IFI Archive Player film record,Public film-page metadata exposed by the IFI Archive Player. The permalink represents a public viewing/metadata surface; MAR does not download or redistribute the audiovisual media and does not infer a licence to reproduce it.,
IFI Irish Film Archive,ifi-irish-film-archive,Ireland,Europe,IE-IFI-IFA,National film archive,https://ifiarchiveplayer.ie/,True,True,https://ifiarchiveplayer.ie/,IFI Archive Player,https://ifiarchiveplayer.ie/sunbound-holidays-20/,sunbound holidays 20,IFI Archive Player film record,Public film-page metadata exposed by the IFI Archive Player. The permalink represents a public viewing/metadata surface; MAR does not download or redistribute the audiovisual media and does not infer a licence to reproduce it.,
IFI Irish Film Archive,ifi-irish-film-archive,Ireland,Europe,IE-IFI-IFA,National film archive,https://ifiarchiveplayer.ie/,True,True,https://ifiarchiveplayer.ie/,IFI Archive Player,https://ifiarchiveplayer.ie/take-home-rain/,take home rain,IFI Archive Player film record,Public film-page metadata exposed by the IFI Archive Player. The permalink represents a public viewing/metadata surface; MAR does not download or redistribute the audiovisual media and does not infer a licence to reproduce it.,
IFI Irish Film Archive,ifi-irish-film-archive,Ireland,Europe,IE-IFI-IFA,National film archive,https://ifiarchiveplayer.ie/,True,True,https://ifiarchiveplayer.ie/,IFI Archive Player,https://ifiarchiveplayer.ie/take-me-swimming/,take me swimming,IFI Archive Player film record,Public film-page metadata exposed by the IFI Archive Player. The permalink represents a public viewing/metadata surface; MAR does not download or redistribute the audiovisual media and does not infer a licence to reproduce it.,
IFI Irish Film Archive,ifi-irish-film-archive,Ireland,Europe,IE-IFI-IFA,National film archive,https://ifiarchiveplayer.ie/,True,True,https://ifiarchiveplayer.ie/,IFI Archive Player,https://ifiarchiveplayer.ie/taking-census-of-the-travelling-people/,taking census of the travelling people,IFI Archive Player film record,Public film-page metadata exposed by the IFI Archive Player. The permalink represents a public viewing/metadata surface; MAR does not download or redistribute the audiovisual media and does not infer a licence to reproduce it.,
IFI Irish Film Archive,ifi-irish-film-archive,Ireland,Europe,IE-IFI-IFA,National film archive,https://ifiarchiveplayer.ie/,True,True,https://ifiarchiveplayer.ie/,IFI Archive Player,https://ifiarchiveplayer.ie/taoiseach-at-opening-of-grand-opera-season/,taoiseach at opening of grand opera season,IFI Archive Player film record,Public film-page metadata exposed by the IFI Archive Player. The permalink represents a public viewing/metadata surface; MAR does not download or redistribute the audiovisual media and does not infer a licence to reproduce it.,
IFI Irish Film Archive,ifi-irish-film-archive,Ireland,Europe,IE-IFI-IFA,National film archive,https://ifiarchiveplayer.ie/,True,True,https://ifiarchiveplayer.ie/,IFI Archive Player,https://ifiarchiveplayer.ie/taoiseach-opens-economic-research-unit/,taoiseach opens economic research unit,IFI Archive Player film record,Public film-page metadata exposed by the IFI Archive Player. The permalink represents a public viewing/metadata surface; MAR does not download or redistribute the audiovisual media and does not infer a licence to reproduce it.,
IFI Irish Film Archive,ifi-irish-film-archive,Ireland,Europe,IE-IFI-IFA,National film archive,https://ifiarchiveplayer.ie/,True,True,https://ifiarchiveplayer.ie/,IFI Archive Player,https://ifiarchiveplayer.ie/technical-students-show-hair-styles/,technical students show hair styles,IFI Archive Player film record,Public film-page metadata exposed by the IFI Archive Player. The permalink represents a public viewing/metadata surface; MAR does not download or redistribute the audiovisual media and does not infer a licence to reproduce it.,
IFI Irish Film Archive,ifi-irish-film-archive,Ireland,Europe,IE-IFI-IFA,National film archive,https://ifiarchiveplayer.ie/,True,True,https://ifiarchiveplayer.ie/,IFI Archive Player,https://ifiarchiveplayer.ie/telecom-eireann-anti-vandalism-advert/,telecom eireann anti vandalism advert,IFI Archive Player film record,Public film-page metadata exposed by the IFI Archive Player. The permalink represents a public viewing/metadata surface; MAR does not download or redistribute the audiovisual media and does not infer a licence to reproduce it.,
IFI Irish Film Archive,ifi-irish-film-archive,Ireland,Europe,IE-IFI-IFA,National film archive,https://ifiarchiveplayer.ie/,True,True,https://ifiarchiveplayer.ie/,IFI Archive Player,https://ifiarchiveplayer.ie/telefis-rings-in-the-new-year-1962/,telefis rings in the new year 1962,IFI Archive Player film record,Public film-page metadata exposed by the IFI Archive Player. The permalink represents a public viewing/metadata surface; MAR does not download or redistribute the audiovisual media and does not infer a licence to reproduce it.,
IFI Irish Film Archive,ifi-irish-film-archive,Ireland,Europe,IE-IFI-IFA,National film archive,https://ifiarchiveplayer.ie/,True,True,https://ifiarchiveplayer.ie/,IFI Archive Player,https://ifiarchiveplayer.ie/telepathy/,telepathy,IFI Archive Player film record,Public film-page metadata exposed by the IFI Archive Player. The permalink represents a public viewing/metadata surface; MAR does not download or redistribute the audiovisual media and does not infer a licence to reproduce it.,
IFI Irish Film Archive,ifi-irish-film-archive,Ireland,Europe,IE-IFI-IFA,National film archive,https://ifiarchiveplayer.ie/,True,True,https://ifiarchiveplayer.ie/,IFI Archive Player,https://ifiarchiveplayer.ie/terence-macswiney-laid-to-rest/,terence macswiney laid to rest,IFI Archive Player film record,Public film-page metadata exposed by the IFI Archive Player. The permalink represents a public viewing/metadata surface; MAR does not download or redistribute the audiovisual media and does not infer a licence to reproduce it.,
IFI Irish Film Archive,ifi-irish-film-archive,Ireland,Europe,IE-IFI-IFA,National film archive,https://ifiarchiveplayer.ie/,True,True,https://ifiarchiveplayer.ie/,IFI Archive Player,https://ifiarchiveplayer.ie/terror-in-ireland/,terror in ireland,IFI Archive Player film record,Public film-page metadata exposed by the IFI Archive Player. The permalink represents a public viewing/metadata surface; MAR does not download or redistribute the audiovisual media and does not infer a licence to reproduce it.,
IFI Irish Film Archive,ifi-irish-film-archive,Ireland,Europe,IE-IFI-IFA,National film archive,https://ifiarchiveplayer.ie/,True,True,https://ifiarchiveplayer.ie/,IFI Archive Player,https://ifiarchiveplayer.ie/the-attack-of-the-saucer-people/,the attack of the saucer people,IFI Archive Player film record,Public film-page metadata exposed by the IFI Archive Player. The permalink represents a public viewing/metadata surface; MAR does not download or redistribute the audiovisual media and does not infer a licence to reproduce it.,
IFI Irish Film Archive,ifi-irish-film-archive,Ireland,Europe,IE-IFI-IFA,National film archive,https://ifiarchiveplayer.ie/,True,True,https://ifiarchiveplayer.ie/,IFI Archive Player,https://ifiarchiveplayer.ie/the-ballymun-housing-project/,the ballymun housing project,IFI Archive Player film record,Public film-page metadata exposed by the IFI Archive Player. The permalink represents a public viewing/metadata surface; MAR does not download or redistribute the audiovisual media and does not infer a licence to reproduce it.,
IFI Irish Film Archive,ifi-irish-film-archive,Ireland,Europe,IE-IFI-IFA,National film archive,https://ifiarchiveplayer.ie/,True,True,https://ifiarchiveplayer.ie/,IFI Archive Player,https://ifiarchiveplayer.ie/the-best-man/,the best man,IFI Archive Player film record,Public film-page metadata exposed by the IFI Archive Player. The permalink represents a public viewing/metadata surface; MAR does not download or redistribute the audiovisual media and does not infer a licence to reproduce it.,
IFI Irish Film Archive,ifi-irish-film-archive,Ireland,Europe,IE-IFI-IFA,National film archive,https://ifiarchiveplayer.ie/,True,True,https://ifiarchiveplayer.ie/,IFI Archive Player,https://ifiarchiveplayer.ie/the-blacksmith/,the blacksmith,IFI Archive Player film record,Public film-page metadata exposed by the IFI Archive Player. The permalink represents a public viewing/metadata surface; MAR does not download or redistribute the audiovisual media and does not infer a licence to reproduce it.,
IFI Irish Film Archive,ifi-irish-film-archive,Ireland,Europe,IE-IFI-IFA,National film archive,https://ifiarchiveplayer.ie/,True,True,https://ifiarchiveplayer.ie/,IFI Archive Player,https://ifiarchiveplayer.ie/the-border/,the border,IFI Archive Player film record,Public film-page metadata exposed by the IFI Archive Player. The permalink represents a public viewing/metadata surface; MAR does not download or redistribute the audiovisual media and does not infer a licence to reproduce it.,
IFI Irish Film Archive,ifi-irish-film-archive,Ireland,Europe,IE-IFI-IFA,National film archive,https://ifiarchiveplayer.ie/,True,True,https://ifiarchiveplayer.ie/,IFI Archive Player,https://ifiarchiveplayer.ie/the-breakfast/,the breakfast,IFI Archive Player film record,Public film-page metadata exposed by the IFI Archive Player. The permalink represents a public viewing/metadata surface; MAR does not download or redistribute the audiovisual media and does not infer a licence to reproduce it.,
IFI Irish Film Archive,ifi-irish-film-archive,Ireland,Europe,IE-IFI-IFA,National film archive,https://ifiarchiveplayer.ie/,True,True,https://ifiarchiveplayer.ie/,IFI Archive Player,https://ifiarchiveplayer.ie/the-case-of-majella-mcginty/,the case of majella mcginty,IFI Archive Player film record,Public film-page metadata exposed by the IFI Archive Player. The permalink represents a public viewing/metadata surface; MAR does not download or redistribute the audiovisual media and does not infer a licence to reproduce it.,
IFI Irish Film Archive,ifi-irish-film-archive,Ireland,Europe,IE-IFI-IFA,National film archive,https://ifiarchiveplayer.ie/,True,True,https://ifiarchiveplayer.ie/,IFI Archive Player,https://ifiarchiveplayer.ie/the-causeway-of-the-giants/,the causeway of the giants,IFI Archive Player film record,Public film-page metadata exposed by the IFI Archive Player. The permalink represents a public viewing/metadata surface; MAR does not download or redistribute the audiovisual media and does not infer a licence to reproduce it.,
IFI Irish Film Archive,ifi-irish-film-archive,Ireland,Europe,IE-IFI-IFA,National film archive,https://ifiarchiveplayer.ie/,True,True,https://ifiarchiveplayer.ie/,IFI Archive Player,https://ifiarchiveplayer.ie/the-cherishing/,the cherishing,IFI Archive Player film record,Public film-page metadata exposed by the IFI Archive Player. The permalink represents a public viewing/metadata surface; MAR does not download or redistribute the audiovisual media and does not infer a licence to reproduce it.,
IFI Irish Film Archive,ifi-irish-film-archive,Ireland,Europe,IE-IFI-IFA,National film archive,https://ifiarchiveplayer.ie/,True,True,https://ifiarchiveplayer.ie/,IFI Archive Player,https://ifiarchiveplayer.ie/the-circus-comes-to-town/,the circus comes to town,IFI Archive Player film record,Public film-page metadata exposed by the IFI Archive Player. The permalink represents a public viewing/metadata surface; MAR does not download or redistribute the audiovisual media and does not infer a licence to reproduce it.,
IFI Irish Film Archive,ifi-irish-film-archive,Ireland,Europe,IE-IFI-IFA,National film archive,https://ifiarchiveplayer.ie/,True,True,https://ifiarchiveplayer.ie/,IFI Archive Player,https://ifiarchiveplayer.ie/the-city-of-londonderry/,the city of londonderry,IFI Archive Player film record,Public film-page metadata exposed by the IFI Archive Player. The permalink represents a public viewing/metadata surface; MAR does not download or redistribute the audiovisual media and does not infer a licence to reproduce it.,
IFI Irish Film Archive,ifi-irish-film-archive,Ireland,Europe,IE-IFI-IFA,National film archive,https://ifiarchiveplayer.ie/,True,True,https://ifiarchiveplayer.ie/,IFI Archive Player,https://ifiarchiveplayer.ie/the-colleen-bawn/,the colleen bawn,IFI Archive Player film record,Public film-page metadata exposed by the IFI Archive Player. The permalink represents a public viewing/metadata surface; MAR does not download or redistribute the audiovisual media and does not infer a licence to reproduce it.,
IFI Irish Film Archive,ifi-irish-film-archive,Ireland,Europe,IE-IFI-IFA,National film archive,https://ifiarchiveplayer.ie/,True,True,https://ifiarchiveplayer.ie/,IFI Archive Player,https://ifiarchiveplayer.ie/the-coming-of-the-black-dawn/,the coming of the black dawn,IFI Archive Player film record,Public film-page metadata exposed by the IFI Archive Player. The permalink represents a public viewing/metadata surface; MAR does not download or redistribute the audiovisual media and does not infer a licence to reproduce it.,
IFI Irish Film Archive,ifi-irish-film-archive,Ireland,Europe,IE-IFI-IFA,National film archive,https://ifiarchiveplayer.ie/,True,True,https://ifiarchiveplayer.ie/,IFI Archive Player,https://ifiarchiveplayer.ie/the-crush/,the crush,IFI Archive Player film record,Public film-page metadata exposed by the IFI Archive Player. The permalink represents a public viewing/metadata surface; MAR does not download or redistribute the audiovisual media and does not infer a licence to reproduce it.,
IFI Irish Film Archive,ifi-irish-film-archive,Ireland,Europe,IE-IFI-IFA,National film archive,https://ifiarchiveplayer.ie/,True,True,https://ifiarchiveplayer.ie/,IFI Archive Player,https://ifiarchiveplayer.ie/the-curragh-camp/,the curragh camp,IFI Archive Player film record,Public film-page metadata exposed by the IFI Archive Player. The permalink represents a public viewing/metadata surface; MAR does not download or redistribute the audiovisual media and does not infer a licence to reproduce it.,
IFI Irish Film Archive,ifi-irish-film-archive,Ireland,Europe,IE-IFI-IFA,National film archive,https://ifiarchiveplayer.ie/,True,True,https://ifiarchiveplayer.ie/,IFI Archive Player,https://ifiarchiveplayer.ie/the-door/,the door,IFI Archive Player film record,Public film-page metadata exposed by the IFI Archive Player. The permalink represents a public viewing/metadata surface; MAR does not download or redistribute the audiovisual media and does not infer a licence to reproduce it.,
IFI Irish Film Archive,ifi-irish-film-archive,Ireland,Europe,IE-IFI-IFA,National film archive,https://ifiarchiveplayer.ie/,True,True,https://ifiarchiveplayer.ie/,IFI Archive Player,https://ifiarchiveplayer.ie/the-drip/,the drip,IFI Archive Player film record,Public film-page metadata exposed by the IFI Archive Player. The permalink represents a public viewing/metadata surface; MAR does not download or redistribute the audiovisual media and does not infer a licence to reproduce it.,
IFI Irish Film Archive,ifi-irish-film-archive,Ireland,Europe,IE-IFI-IFA,National film archive,https://ifiarchiveplayer.ie/,True,True,https://ifiarchiveplayer.ie/,IFI Archive Player,https://ifiarchiveplayer.ie/the-drumlin/,the drumlin,IFI Archive Player film record,Public film-page metadata exposed by the IFI Archive Player. The permalink represents a public viewing/metadata surface; MAR does not download or redistribute the audiovisual media and does not infer a licence to reproduce it.,
IFI Irish Film Archive,ifi-irish-film-archive,Ireland,Europe,IE-IFI-IFA,National film archive,https://ifiarchiveplayer.ie/,True,True,https://ifiarchiveplayer.ie/,IFI Archive Player,https://ifiarchiveplayer.ie/the-duel/,the duel,IFI Archive Player film record,Public film-page metadata exposed by the IFI Archive Player. The permalink represents a public viewing/metadata surface; MAR does not download or redistribute the audiovisual media and does not infer a licence to reproduce it.,
IFI Irish Film Archive,ifi-irish-film-archive,Ireland,Europe,IE-IFI-IFA,National film archive,https://ifiarchiveplayer.ie/,True,True,https://ifiarchiveplayer.ie/,IFI Archive Player,https://ifiarchiveplayer.ie/the-early-irish-free-state-collection/,the early irish free state collection,IFI Archive Player film record,Public film-page metadata exposed by the IFI Archive Player. The permalink represents a public viewing/metadata surface; MAR does not download or redistribute the audiovisual media and does not infer a licence to reproduce it.,
IFI Irish Film Archive,ifi-irish-film-archive,Ireland,Europe,IE-IFI-IFA,National film archive,https://ifiarchiveplayer.ie/,True,True,https://ifiarchiveplayer.ie/,IFI Archive Player,https://ifiarchiveplayer.ie/the-end-of-the-counter/,the end of the counter,IFI Archive Player film record,Public film-page metadata exposed by the IFI Archive Player. The permalink represents a public viewing/metadata surface; MAR does not download or redistribute the audiovisual media and does not infer a licence to reproduce it.,
IFI Irish Film Archive,ifi-irish-film-archive,Ireland,Europe,IE-IFI-IFA,National film archive,https://ifiarchiveplayer.ie/,True,True,https://ifiarchiveplayer.ie/,IFI Archive Player,https://ifiarchiveplayer.ie/the-flogging-reel-wins-mcalinden-gold-cup/,the flogging reel wins mcalinden gold cup,IFI Archive Player film record,Public film-page metadata exposed by the IFI Archive Player. The permalink represents a public viewing/metadata surface; MAR does not download or redistribute the audiovisual media and does not infer a licence to reproduce it.,
IFI Irish Film Archive,ifi-irish-film-archive,Ireland,Europe,IE-IFI-IFA,National film archive,https://ifiarchiveplayer.ie/,True,True,https://ifiarchiveplayer.ie/,IFI Archive Player,https://ifiarchiveplayer.ie/the-fugitive/,the fugitive,IFI Archive Player film record,Public film-page metadata exposed by the IFI Archive Player. The permalink represents a public viewing/metadata surface; MAR does not download or redistribute the audiovisual media and does not infer a licence to reproduce it.,
IFI Irish Film Archive,ifi-irish-film-archive,Ireland,Europe,IE-IFI-IFA,National film archive,https://ifiarchiveplayer.ie/,True,True,https://ifiarchiveplayer.ie/,IFI Archive Player,https://ifiarchiveplayer.ie/the-gaa-collection/,the gaa collection,IFI Archive Player film record,Public film-page metadata exposed by the IFI Archive Player. The permalink represents a public viewing/metadata surface; MAR does not download or redistribute the audiovisual media and does not infer a licence to reproduce it.,
IFI Irish Film Archive,ifi-irish-film-archive,Ireland,Europe,IE-IFI-IFA,National film archive,https://ifiarchiveplayer.ie/,True,True,https://ifiarchiveplayer.ie/,IFI Archive Player,https://ifiarchiveplayer.ie/the-gpo-after-13-years/,the gpo after 13 years,IFI Archive Player film record,Public film-page metadata exposed by the IFI Archive Player. The permalink represents a public viewing/metadata surface; MAR does not download or redistribute the audiovisual media and does not infer a licence to reproduce it.,
IFI Irish Film Archive,ifi-irish-film-archive,Ireland,Europe,IE-IFI-IFA,National film archive,https://ifiarchiveplayer.ie/,True,True,https://ifiarchiveplayer.ie/,IFI Archive Player,https://ifiarchiveplayer.ie/the-great-cork-treaty/,the great cork treaty,IFI Archive Player film record,Public film-page metadata exposed by the IFI Archive Player. The permalink represents a public viewing/metadata surface; MAR does not download or redistribute the audiovisual media and does not infer a licence to reproduce it.,
IFI Irish Film Archive,ifi-irish-film-archive,Ireland,Europe,IE-IFI-IFA,National film archive,https://ifiarchiveplayer.ie/,True,True,https://ifiarchiveplayer.ie/,IFI Archive Player,https://ifiarchiveplayer.ie/the-horgan-brothers-collection-clock-tower-animation/,the horgan brothers collection clock tower animation,IFI Archive Player film record,Public film-page metadata exposed by the IFI Archive Player. The permalink represents a public viewing/metadata surface; MAR does not download or redistribute the audiovisual media and does not infer a licence to reproduce it.,
IFI Irish Film Archive,ifi-irish-film-archive,Ireland,Europe,IE-IFI-IFA,National film archive,https://ifiarchiveplayer.ie/,True,True,https://ifiarchiveplayer.ie/,IFI Archive Player,https://ifiarchiveplayer.ie/the-horgan-brothers-collection-declans-well/,the horgan brothers collection declans well,IFI Archive Player film record,Public film-page metadata exposed by the IFI Archive Player. The permalink represents a public viewing/metadata surface; MAR does not download or redistribute the audiovisual media and does not infer a licence to reproduce it.,
IFI Irish Film Archive,ifi-irish-film-archive,Ireland,Europe,IE-IFI-IFA,National film archive,https://ifiarchiveplayer.ie/,True,True,https://ifiarchiveplayer.ie/,IFI Archive Player,https://ifiarchiveplayer.ie/the-horgan-brothers-collection-hunger-strikers/,the horgan brothers collection hunger strikers,IFI Archive Player film record,Public film-page metadata exposed by the IFI Archive Player. The permalink represents a public viewing/metadata surface; MAR does not download or redistribute the audiovisual media and does not infer a licence to reproduce it.,
IFI Irish Film Archive,ifi-irish-film-archive,Ireland,Europe,IE-IFI-IFA,National film archive,https://ifiarchiveplayer.ie/,True,True,https://ifiarchiveplayer.ie/,IFI Archive Player,https://ifiarchiveplayer.ie/the-horgan-brothers-collection-leaving-church/,the horgan brothers collection leaving church,IFI Archive Player film record,Public film-page metadata exposed by the IFI Archive Player. The permalink represents a public viewing/metadata surface; MAR does not download or redistribute the audiovisual media and does not infer a licence to reproduce it.,
IFI Irish Film Archive,ifi-irish-film-archive,Ireland,Europe,IE-IFI-IFA,National film archive,https://ifiarchiveplayer.ie/,True,True,https://ifiarchiveplayer.ie/,IFI Archive Player,https://ifiarchiveplayer.ie/the-hunger-strike/,the hunger strike,IFI Archive Player film record,Public film-page metadata exposed by the IFI Archive Player. The permalink represents a public viewing/metadata surface; MAR does not download or redistribute the audiovisual media and does not infer a licence to reproduce it.,
IFI Irish Film Archive,ifi-irish-film-archive,Ireland,Europe,IE-IFI-IFA,National film archive,https://ifiarchiveplayer.ie/,True,True,https://ifiarchiveplayer.ie/,IFI Archive Player,https://ifiarchiveplayer.ie/the-interview/,the interview,IFI Archive Player film record,Public film-page metadata exposed by the IFI Archive Player. The permalink represents a public viewing/metadata surface; MAR does not download or redistribute the audiovisual media and does not infer a licence to reproduce it.,
IFI Irish Film Archive,ifi-irish-film-archive,Ireland,Europe,IE-IFI-IFA,National film archive,https://ifiarchiveplayer.ie/,True,True,https://ifiarchiveplayer.ie/,IFI Archive Player,https://ifiarchiveplayer.ie/the-irish-army/,the irish army,IFI Archive Player film record,Public film-page metadata exposed by the IFI Archive Player. The permalink represents a public viewing/metadata surface; MAR does not download or redistribute the audiovisual media and does not infer a licence to reproduce it.,
IFI Irish Film Archive,ifi-irish-film-archive,Ireland,Europe,IE-IFI-IFA,National film archive,https://ifiarchiveplayer.ie/,True,True,https://ifiarchiveplayer.ie/,IFI Archive Player,https://ifiarchiveplayer.ie/the-irish-countrywomens-association/,the irish countrywomens association,IFI Archive Player film record,Public film-page metadata exposed by the IFI Archive Player. The permalink represents a public viewing/metadata surface; MAR does not download or redistribute the audiovisual media and does not infer a licence to reproduce it.,
IFI Irish Film Archive,ifi-irish-film-archive,Ireland,Europe,IE-IFI-IFA,National film archive,https://ifiarchiveplayer.ie/,True,True,https://ifiarchiveplayer.ie/,IFI Archive Player,https://ifiarchiveplayer.ie/the-irish-revolution/,the irish revolution,IFI Archive Player film record,Public film-page metadata exposed by the IFI Archive Player. The permalink represents a public viewing/metadata surface; MAR does not download or redistribute the audiovisual media and does not infer a licence to reproduce it.,
IFI Irish Film Archive,ifi-irish-film-archive,Ireland,Europe,IE-IFI-IFA,National film archive,https://ifiarchiveplayer.ie/,True,True,https://ifiarchiveplayer.ie/,IFI Archive Player,https://ifiarchiveplayer.ie/the-irreconcilable-mr-de-valera/,the irreconcilable mr de valera,IFI Archive Player film record,Public film-page metadata exposed by the IFI Archive Player. The permalink represents a public viewing/metadata surface; MAR does not download or redistribute the audiovisual media and does not infer a licence to reproduce it.,
IFI Irish Film Archive,ifi-irish-film-archive,Ireland,Europe,IE-IFI-IFA,National film archive,https://ifiarchiveplayer.ie/,True,True,https://ifiarchiveplayer.ie/,IFI Archive Player,https://ifiarchiveplayer.ie/the-lad-from-old-ireland/,the lad from old ireland,IFI Archive Player film record,Public film-page metadata exposed by the IFI Archive Player. The permalink represents a public viewing/metadata surface; MAR does not download or redistribute the audiovisual media and does not infer a licence to reproduce it.,
IFI Irish Film Archive,ifi-irish-film-archive,Ireland,Europe,IE-IFI-IFA,National film archive,https://ifiarchiveplayer.ie/,True,True,https://ifiarchiveplayer.ie/,IFI Archive Player,https://ifiarchiveplayer.ie/the-last-elk/,the last elk,IFI Archive Player film record,Public film-page metadata exposed by the IFI Archive Player. The permalink represents a public viewing/metadata surface; MAR does not download or redistribute the audiovisual media and does not infer a licence to reproduce it.,
IFI Irish Film Archive,ifi-irish-film-archive,Ireland,Europe,IE-IFI-IFA,National film archive,https://ifiarchiveplayer.ie/,True,True,https://ifiarchiveplayer.ie/,IFI Archive Player,https://ifiarchiveplayer.ie/the-last-of-the-old-abbey/,the last of the old abbey,IFI Archive Player film record,Public film-page metadata exposed by the IFI Archive Player. The permalink represents a public viewing/metadata surface; MAR does not download or redistribute the audiovisual media and does not infer a licence to reproduce it.,
IFI Irish Film Archive,ifi-irish-film-archive,Ireland,Europe,IE-IFI-IFA,National film archive,https://ifiarchiveplayer.ie/,True,True,https://ifiarchiveplayer.ie/,IFI Archive Player,https://ifiarchiveplayer.ie/the-last-train/,the last train,IFI Archive Player film record,Public film-page metadata exposed by the IFI Archive Player. The permalink represents a public viewing/metadata surface; MAR does not download or redistribute the audiovisual media and does not infer a licence to reproduce it.,
IFI Irish Film Archive,ifi-irish-film-archive,Ireland,Europe,IE-IFI-IFA,National film archive,https://ifiarchiveplayer.ie/,True,True,https://ifiarchiveplayer.ie/,IFI Archive Player,https://ifiarchiveplayer.ie/the-ledge-end-of-phil/,the ledge end of phil,IFI Archive Player film record,Public film-page metadata exposed by the IFI Archive Player. The permalink represents a public viewing/metadata surface; MAR does not download or redistribute the audiovisual media and does not infer a licence to reproduce it.,
IFI Irish Film Archive,ifi-irish-film-archive,Ireland,Europe,IE-IFI-IFA,National film archive,https://ifiarchiveplayer.ie/,True,True,https://ifiarchiveplayer.ie/,IFI Archive Player,https://ifiarchiveplayer.ie/the-magic-man/,the magic man,IFI Archive Player film record,Public film-page metadata exposed by the IFI Archive Player. The permalink represents a public viewing/metadata surface; MAR does not download or redistribute the audiovisual media and does not infer a licence to reproduce it.,
IFI Irish Film Archive,ifi-irish-film-archive,Ireland,Europe,IE-IFI-IFA,National film archive,https://ifiarchiveplayer.ie/,True,True,https://ifiarchiveplayer.ie/,IFI Archive Player,https://ifiarchiveplayer.ie/the-making-of-late-afternoon/,the making of late afternoon,IFI Archive Player film record,Public film-page metadata exposed by the IFI Archive Player. The permalink represents a public viewing/metadata surface; MAR does not download or redistribute the audiovisual media and does not infer a licence to reproduce it.,
IFI Irish Film Archive,ifi-irish-film-archive,Ireland,Europe,IE-IFI-IFA,National film archive,https://ifiarchiveplayer.ie/,True,True,https://ifiarchiveplayer.ie/,IFI Archive Player,https://ifiarchiveplayer.ie/the-man-from-a-u-n-t/,the man from a u n t,IFI Archive Player film record,Public film-page metadata exposed by the IFI Archive Player. The permalink represents a public viewing/metadata surface; MAR does not download or redistribute the audiovisual media and does not infer a licence to reproduce it.,
IFI Irish Film Archive,ifi-irish-film-archive,Ireland,Europe,IE-IFI-IFA,National film archive,https://ifiarchiveplayer.ie/,True,True,https://ifiarchiveplayer.ie/,IFI Archive Player,https://ifiarchiveplayer.ie/the-master/,the master,IFI Archive Player film record,Public film-page metadata exposed by the IFI Archive Player. The permalink represents a public viewing/metadata surface; MAR does not download or redistribute the audiovisual media and does not infer a licence to reproduce it.,
IFI Irish Film Archive,ifi-irish-film-archive,Ireland,Europe,IE-IFI-IFA,National film archive,https://ifiarchiveplayer.ie/,True,True,https://ifiarchiveplayer.ie/,IFI Archive Player,https://ifiarchiveplayer.ie/the-new-cork/,the new cork,IFI Archive Player film record,Public film-page metadata exposed by the IFI Archive Player. The permalink represents a public viewing/metadata surface; MAR does not download or redistribute the audiovisual media and does not infer a licence to reproduce it.,
IFI Irish Film Archive,ifi-irish-film-archive,Ireland,Europe,IE-IFI-IFA,National film archive,https://ifiarchiveplayer.ie/,True,True,https://ifiarchiveplayer.ie/,IFI Archive Player,https://ifiarchiveplayer.ie/the-open-door/,the open door,IFI Archive Player film record,Public film-page metadata exposed by the IFI Archive Player. The permalink represents a public viewing/metadata surface; MAR does not download or redistribute the audiovisual media and does not infer a licence to reproduce it.,
IFI Irish Film Archive,ifi-irish-film-archive,Ireland,Europe,IE-IFI-IFA,National film archive,https://ifiarchiveplayer.ie/,True,True,https://ifiarchiveplayer.ie/,IFI Archive Player,https://ifiarchiveplayer.ie/the-option/,the option,IFI Archive Player film record,Public film-page metadata exposed by the IFI Archive Player. The permalink represents a public viewing/metadata surface; MAR does not download or redistribute the audiovisual media and does not infer a licence to reproduce it.,
IFI Irish Film Archive,ifi-irish-film-archive,Ireland,Europe,IE-IFI-IFA,National film archive,https://ifiarchiveplayer.ie/,True,True,https://ifiarchiveplayer.ie/,IFI Archive Player,https://ifiarchiveplayer.ie/the-outgoing-president/,the outgoing president,IFI Archive Player film record,Public film-page metadata exposed by the IFI Archive Player. The permalink represents a public viewing/metadata surface; MAR does not download or redistribute the audiovisual media and does not infer a licence to reproduce it.,
IFI Irish Film Archive,ifi-irish-film-archive,Ireland,Europe,IE-IFI-IFA,National film archive,https://ifiarchiveplayer.ie/,True,True,https://ifiarchiveplayer.ie/,IFI Archive Player,https://ifiarchiveplayer.ie/the-parish-centre/,the parish centre,IFI Archive Player film record,Public film-page metadata exposed by the IFI Archive Player. The permalink represents a public viewing/metadata surface; MAR does not download or redistribute the audiovisual media and does not infer a licence to reproduce it.,
IFI Irish Film Archive,ifi-irish-film-archive,Ireland,Europe,IE-IFI-IFA,National film archive,https://ifiarchiveplayer.ie/,True,True,https://ifiarchiveplayer.ie/,IFI Archive Player,https://ifiarchiveplayer.ie/the-party/,the party,IFI Archive Player film record,Public film-page metadata exposed by the IFI Archive Player. The permalink represents a public viewing/metadata surface; MAR does not download or redistribute the audiovisual media and does not infer a licence to reproduce it.,
IFI Irish Film Archive,ifi-irish-film-archive,Ireland,Europe,IE-IFI-IFA,National film archive,https://ifiarchiveplayer.ie/,True,True,https://ifiarchiveplayer.ie/,IFI Archive Player,https://ifiarchiveplayer.ie/the-polish-language/,the polish language,IFI Archive Player film record,Public film-page metadata exposed by the IFI Archive Player. The permalink represents a public viewing/metadata surface; MAR does not download or redistribute the audiovisual media and does not infer a licence to reproduce it.,
IFI Irish Film Archive,ifi-irish-film-archive,Ireland,Europe,IE-IFI-IFA,National film archive,https://ifiarchiveplayer.ie/,True,True,https://ifiarchiveplayer.ie/,IFI Archive Player,https://ifiarchiveplayer.ie/the-portable-theatre/,the portable theatre,IFI Archive Player film record,Public film-page metadata exposed by the IFI Archive Player. The permalink represents a public viewing/metadata surface; MAR does not download or redistribute the audiovisual media and does not infer a licence to reproduce it.,
IFI Irish Film Archive,ifi-irish-film-archive,Ireland,Europe,IE-IFI-IFA,National film archive,https://ifiarchiveplayer.ie/,True,True,https://ifiarchiveplayer.ie/,IFI Archive Player,https://ifiarchiveplayer.ie/the-return-of-colmcille/,the return of colmcille,IFI Archive Player film record,Public film-page metadata exposed by the IFI Archive Player. The permalink represents a public viewing/metadata surface; MAR does not download or redistribute the audiovisual media and does not infer a licence to reproduce it.,
IFI Irish Film Archive,ifi-irish-film-archive,Ireland,Europe,IE-IFI-IFA,National film archive,https://ifiarchiveplayer.ie/,True,True,https://ifiarchiveplayer.ie/,IFI Archive Player,https://ifiarchiveplayer.ie/the-seat-of-all-the-trouble/,the seat of all the trouble,IFI Archive Player film record,Public film-page metadata exposed by the IFI Archive Player. The permalink represents a public viewing/metadata surface; MAR does not download or redistribute the audiovisual media and does not infer a licence to reproduce it.,
IFI Irish Film Archive,ifi-irish-film-archive,Ireland,Europe,IE-IFI-IFA,National film archive,https://ifiarchiveplayer.ie/,True,True,https://ifiarchiveplayer.ie/,IFI Archive Player,https://ifiarchiveplayer.ie/the-secret/,the secret,IFI Archive Player film record,Public film-page metadata exposed by the IFI Archive Player. The permalink represents a public viewing/metadata surface; MAR does not download or redistribute the audiovisual media and does not infer a licence to reproduce it.,
IFI Irish Film Archive,ifi-irish-film-archive,Ireland,Europe,IE-IFI-IFA,National film archive,https://ifiarchiveplayer.ie/,True,True,https://ifiarchiveplayer.ie/,IFI Archive Player,https://ifiarchiveplayer.ie/the-seventh-day/,the seventh day,IFI Archive Player film record,Public film-page metadata exposed by the IFI Archive Player. The permalink represents a public viewing/metadata surface; MAR does not download or redistribute the audiovisual media and does not infer a licence to reproduce it.,
IFI Irish Film Archive,ifi-irish-film-archive,Ireland,Europe,IE-IFI-IFA,National film archive,https://ifiarchiveplayer.ie/,True,True,https://ifiarchiveplayer.ie/,IFI Archive Player,https://ifiarchiveplayer.ie/the-seventh-day-music/,the seventh day music,IFI Archive Player film record,Public film-page metadata exposed by the IFI Archive Player. The permalink represents a public viewing/metadata surface; MAR does not download or redistribute the audiovisual media and does not infer a licence to reproduce it.,
IFI Irish Film Archive,ifi-irish-film-archive,Ireland,Europe,IE-IFI-IFA,National film archive,https://ifiarchiveplayer.ie/,True,True,https://ifiarchiveplayer.ie/,IFI Archive Player,https://ifiarchiveplayer.ie/the-shannon-scheme/,the shannon scheme,IFI Archive Player film record,Public film-page metadata exposed by the IFI Archive Player. The permalink represents a public viewing/metadata surface; MAR does not download or redistribute the audiovisual media and does not infer a licence to reproduce it.,
IFI Irish Film Archive,ifi-irish-film-archive,Ireland,Europe,IE-IFI-IFA,National film archive,https://ifiarchiveplayer.ie/,True,True,https://ifiarchiveplayer.ie/,IFI Archive Player,https://ifiarchiveplayer.ie/the-shore/,the shore,IFI Archive Player film record,Public film-page metadata exposed by the IFI Archive Player. The permalink represents a public viewing/metadata surface; MAR does not download or redistribute the audiovisual media and does not infer a licence to reproduce it.,
IFI Irish Film Archive,ifi-irish-film-archive,Ireland,Europe,IE-IFI-IFA,National film archive,https://ifiarchiveplayer.ie/,True,True,https://ifiarchiveplayer.ie/,IFI Archive Player,https://ifiarchiveplayer.ie/the-silent-art/,the silent art,IFI Archive Player film record,Public film-page metadata exposed by the IFI Archive Player. The permalink represents a public viewing/metadata surface; MAR does not download or redistribute the audiovisual media and does not infer a licence to reproduce it.,
IFI Irish Film Archive,ifi-irish-film-archive,Ireland,Europe,IE-IFI-IFA,National film archive,https://ifiarchiveplayer.ie/,True,True,https://ifiarchiveplayer.ie/,IFI Archive Player,https://ifiarchiveplayer.ie/the-surrender-of-dublin-castle/,the surrender of dublin castle,IFI Archive Player film record,Public film-page metadata exposed by the IFI Archive Player. The permalink represents a public viewing/metadata surface; MAR does not download or redistribute the audiovisual media and does not infer a licence to reproduce it.,
IFI Irish Film Archive,ifi-irish-film-archive,Ireland,Europe,IE-IFI-IFA,National film archive,https://ifiarchiveplayer.ie/,True,True,https://ifiarchiveplayer.ie/,IFI Archive Player,https://ifiarchiveplayer.ie/the-testament-of-caleb-meeke/,the testament of caleb meeke,IFI Archive Player film record,Public film-page metadata exposed by the IFI Archive Player. The permalink represents a public viewing/metadata surface; MAR does not download or redistribute the audiovisual media and does not infer a licence to reproduce it.,
IFI Irish Film Archive,ifi-irish-film-archive,Ireland,Europe,IE-IFI-IFA,National film archive,https://ifiarchiveplayer.ie/,True,True,https://ifiarchiveplayer.ie/,IFI Archive Player,https://ifiarchiveplayer.ie/the-thing-removed-from-oconnell-bridge/,the thing removed from oconnell bridge,IFI Archive Player film record,Public film-page metadata exposed by the IFI Archive Player. The permalink represents a public viewing/metadata surface; MAR does not download or redistribute the audiovisual media and does not infer a licence to reproduce it.,
IFI Irish Film Archive,ifi-irish-film-archive,Ireland,Europe,IE-IFI-IFA,National film archive,https://ifiarchiveplayer.ie/,True,True,https://ifiarchiveplayer.ie/,IFI Archive Player,https://ifiarchiveplayer.ie/the-tomb-of-frankenstein/,the tomb of frankenstein,IFI Archive Player film record,Public film-page metadata exposed by the IFI Archive Player. The permalink represents a public viewing/metadata surface; MAR does not download or redistribute the audiovisual media and does not infer a licence to reproduce it.,
IFI Irish Film Archive,ifi-irish-film-archive,Ireland,Europe,IE-IFI-IFA,National film archive,https://ifiarchiveplayer.ie/,True,True,https://ifiarchiveplayer.ie/,IFI Archive Player,https://ifiarchiveplayer.ie/the-treaty/,the treaty,IFI Archive Player film record,Public film-page metadata exposed by the IFI Archive Player. The permalink represents a public viewing/metadata surface; MAR does not download or redistribute the audiovisual media and does not infer a licence to reproduce it.,
IFI Irish Film Archive,ifi-irish-film-archive,Ireland,Europe,IE-IFI-IFA,National film archive,https://ifiarchiveplayer.ie/,True,True,https://ifiarchiveplayer.ie/,IFI Archive Player,https://ifiarchiveplayer.ie/the-tryzzian-exiles/,the tryzzian exiles,IFI Archive Player film record,Public film-page metadata exposed by the IFI Archive Player. The permalink represents a public viewing/metadata surface; MAR does not download or redistribute the audiovisual media and does not infer a licence to reproduce it.,
IFI Irish Film Archive,ifi-irish-film-archive,Ireland,Europe,IE-IFI-IFA,National film archive,https://ifiarchiveplayer.ie/,True,True,https://ifiarchiveplayer.ie/,IFI Archive Player,https://ifiarchiveplayer.ie/the-twalfth/,the twalfth,IFI Archive Player film record,Public film-page metadata exposed by the IFI Archive Player. The permalink represents a public viewing/metadata surface; MAR does not download or redistribute the audiovisual media and does not infer a licence to reproduce it.,
IFI Irish Film Archive,ifi-irish-film-archive,Ireland,Europe,IE-IFI-IFA,National film archive,https://ifiarchiveplayer.ie/,True,True,https://ifiarchiveplayer.ie/,IFI Archive Player,https://ifiarchiveplayer.ie/the-visit/,the visit,IFI Archive Player film record,Public film-page metadata exposed by the IFI Archive Player. The permalink represents a public viewing/metadata surface; MAR does not download or redistribute the audiovisual media and does not infer a licence to reproduce it.,
IFI Irish Film Archive,ifi-irish-film-archive,Ireland,Europe,IE-IFI-IFA,National film archive,https://ifiarchiveplayer.ie/,True,True,https://ifiarchiveplayer.ie/,IFI Archive Player,https://ifiarchiveplayer.ie/the-wake/,the wake,IFI Archive Player film record,Public film-page metadata exposed by the IFI Archive Player. The permalink represents a public viewing/metadata surface; MAR does not download or redistribute the audiovisual media and does not infer a licence to reproduce it.,
IFI Irish Film Archive,ifi-irish-film-archive,Ireland,Europe,IE-IFI-IFA,National film archive,https://ifiarchiveplayer.ie/,True,True,https://ifiarchiveplayer.ie/,IFI Archive Player,https://ifiarchiveplayer.ie/the-white-dress/,the white dress,IFI Archive Player film record,Public film-page metadata exposed by the IFI Archive Player. The permalink represents a public viewing/metadata surface; MAR does not download or redistribute the audiovisual media and does not infer a licence to reproduce it.,
IFI Irish Film Archive,ifi-irish-film-archive,Ireland,Europe,IE-IFI-IFA,National film archive,https://ifiarchiveplayer.ie/,True,True,https://ifiarchiveplayer.ie/,IFI Archive Player,https://ifiarchiveplayer.ie/the-worms-are-having-fun/,the worms are having fun,IFI Archive Player film record,Public film-page metadata exposed by the IFI Archive Player. The permalink represents a public viewing/metadata surface; MAR does not download or redistribute the audiovisual media and does not infer a licence to reproduce it.,
IFI Irish Film Archive,ifi-irish-film-archive,Ireland,Europe,IE-IFI-IFA,National film archive,https://ifiarchiveplayer.ie/,True,True,https://ifiarchiveplayer.ie/,IFI Archive Player,https://ifiarchiveplayer.ie/theatre-royal-final-scene/,theatre royal final scene,IFI Archive Player film record,Public film-page metadata exposed by the IFI Archive Player. The permalink represents a public viewing/metadata surface; MAR does not download or redistribute the audiovisual media and does not infer a licence to reproduce it.,
IFI Irish Film Archive,ifi-irish-film-archive,Ireland,Europe,IE-IFI-IFA,National film archive,https://ifiarchiveplayer.ie/,True,True,https://ifiarchiveplayer.ie/,IFI Archive Player,https://ifiarchiveplayer.ie/thermometer/,thermometer,IFI Archive Player film record,Public film-page metadata exposed by the IFI Archive Player. The permalink represents a public viewing/metadata surface; MAR does not download or redistribute the audiovisual media and does not infer a licence to reproduce it.,
IFI Irish Film Archive,ifi-irish-film-archive,Ireland,Europe,IE-IFI-IFA,National film archive,https://ifiarchiveplayer.ie/,True,True,https://ifiarchiveplayer.ie/,IFI Archive Player,https://ifiarchiveplayer.ie/thirty-five-aside/,thirty five aside,IFI Archive Player film record,Public film-page metadata exposed by the IFI Archive Player. The permalink represents a public viewing/metadata surface; MAR does not download or redistribute the audiovisual media and does not infer a licence to reproduce it.,
IFI Irish Film Archive,ifi-irish-film-archive,Ireland,Europe,IE-IFI-IFA,National film archive,https://ifiarchiveplayer.ie/,True,True,https://ifiarchiveplayer.ie/,IFI Archive Player,https://ifiarchiveplayer.ie/thirtyseconds/,thirtyseconds,IFI Archive Player film record,Public film-page metadata exposed by the IFI Archive Player. The permalink represents a public viewing/metadata surface; MAR does not download or redistribute the audiovisual media and does not infer a licence to reproduce it.,
IFI Irish Film Archive,ifi-irish-film-archive,Ireland,Europe,IE-IFI-IFA,National film archive,https://ifiarchiveplayer.ie/,True,True,https://ifiarchiveplayer.ie/,IFI Archive Player,https://ifiarchiveplayer.ie/thomas-ryan-art-exhibition/,thomas ryan art exhibition,IFI Archive Player film record,Public film-page metadata exposed by the IFI Archive Player. The permalink represents a public viewing/metadata surface; MAR does not download or redistribute the audiovisual media and does not infer a licence to reproduce it.,
IFI Irish Film Archive,ifi-irish-film-archive,Ireland,Europe,IE-IFI-IFA,National film archive,https://ifiarchiveplayer.ie/,True,True,https://ifiarchiveplayer.ie/,IFI Archive Player,https://ifiarchiveplayer.ie/thor-electrical-appliances/,thor electrical appliances,IFI Archive Player film record,Public film-page metadata exposed by the IFI Archive Player. The permalink represents a public viewing/metadata surface; MAR does not download or redistribute the audiovisual media and does not infer a licence to reproduce it.,
IFI Irish Film Archive,ifi-irish-film-archive,Ireland,Europe,IE-IFI-IFA,National film archive,https://ifiarchiveplayer.ie/,True,True,https://ifiarchiveplayer.ie/,IFI Archive Player,https://ifiarchiveplayer.ie/three-hands/,three hands,IFI Archive Player film record,Public film-page metadata exposed by the IFI Archive Player. The permalink represents a public viewing/metadata surface; MAR does not download or redistribute the audiovisual media and does not infer a licence to reproduce it.,
IFI Irish Film Archive,ifi-irish-film-archive,Ireland,Europe,IE-IFI-IFA,National film archive,https://ifiarchiveplayer.ie/,True,True,https://ifiarchiveplayer.ie/,IFI Archive Player,https://ifiarchiveplayer.ie/thrills-for-dubliners-speedboats-on-liffey/,thrills for dubliners speedboats on liffey,IFI Archive Player film record,Public film-page metadata exposed by the IFI Archive Player. The permalink represents a public viewing/metadata surface; MAR does not download or redistribute the audiovisual media and does not infer a licence to reproduce it.,
IFI Irish Film Archive,ifi-irish-film-archive,Ireland,Europe,IE-IFI-IFA,National film archive,https://ifiarchiveplayer.ie/,True,True,https://ifiarchiveplayer.ie/,IFI Archive Player,https://ifiarchiveplayer.ie/thrive-calf-milk-replacer/,thrive calf milk replacer,IFI Archive Player film record,Public film-page metadata exposed by the IFI Archive Player. The permalink represents a public viewing/metadata surface; MAR does not download or redistribute the audiovisual media and does not infer a licence to reproduce it.,
IFI Irish Film Archive,ifi-irish-film-archive,Ireland,Europe,IE-IFI-IFA,National film archive,https://ifiarchiveplayer.ie/,True,True,https://ifiarchiveplayer.ie/,IFI Archive Player,https://ifiarchiveplayer.ie/thurles-munster-hurling-final/,thurles munster hurling final,IFI Archive Player film record,Public film-page metadata exposed by the IFI Archive Player. The permalink represents a public viewing/metadata surface; MAR does not download or redistribute the audiovisual media and does not infer a licence to reproduce it.,
IFI Irish Film Archive,ifi-irish-film-archive,Ireland,Europe,IE-IFI-IFA,National film archive,https://ifiarchiveplayer.ie/,True,True,https://ifiarchiveplayer.ie/,IFI Archive Player,https://ifiarchiveplayer.ie/tia-maria/,tia maria,IFI Archive Player film record,Public film-page metadata exposed by the IFI Archive Player. The permalink represents a public viewing/metadata surface; MAR does not download or redistribute the audiovisual media and does not infer a licence to reproduce it.,
IFI Irish Film Archive,ifi-irish-film-archive,Ireland,Europe,IE-IFI-IFA,National film archive,https://ifiarchiveplayer.ie/,True,True,https://ifiarchiveplayer.ie/,IFI Archive Player,https://ifiarchiveplayer.ie/tipperary-defeats-cork-in-national-league/,tipperary defeats cork in national league,IFI Archive Player film record,Public film-page metadata exposed by the IFI Archive Player. The permalink represents a public viewing/metadata surface; MAR does not download or redistribute the audiovisual media and does not infer a licence to reproduce it.,
IFI Irish Film Archive,ifi-irish-film-archive,Ireland,Europe,IE-IFI-IFA,National film archive,https://ifiarchiveplayer.ie/,True,True,https://ifiarchiveplayer.ie/,IFI Archive Player,https://ifiarchiveplayer.ie/tk-flavourometer/,tk flavourometer,IFI Archive Player film record,Public film-page metadata exposed by the IFI Archive Player. The permalink represents a public viewing/metadata surface; MAR does not download or redistribute the audiovisual media and does not infer a licence to reproduce it.,
IFI Irish Film Archive,ifi-irish-film-archive,Ireland,Europe,IE-IFI-IFA,National film archive,https://ifiarchiveplayer.ie/,True,True,https://ifiarchiveplayer.ie/,IFI Archive Player,https://ifiarchiveplayer.ie/tk-flavourometer-test-it/,tk flavourometer test it,IFI Archive Player film record,Public film-page metadata exposed by the IFI Archive Player. The permalink represents a public viewing/metadata surface; MAR does not download or redistribute the audiovisual media and does not infer a licence to reproduce it.,
IFI Irish Film Archive,ifi-irish-film-archive,Ireland,Europe,IE-IFI-IFA,National film archive,https://ifiarchiveplayer.ie/,True,True,https://ifiarchiveplayer.ie/,IFI Archive Player,https://ifiarchiveplayer.ie/tommy-orr-blacksmith/,tommy orr blacksmith,IFI Archive Player film record,Public film-page metadata exposed by the IFI Archive Player. The permalink represents a public viewing/metadata surface; MAR does not download or redistribute the audiovisual media and does not infer a licence to reproduce it.,
IFI Irish Film Archive,ifi-irish-film-archive,Ireland,Europe,IE-IFI-IFA,National film archive,https://ifiarchiveplayer.ie/,True,True,https://ifiarchiveplayer.ie/,IFI Archive Player,https://ifiarchiveplayer.ie/topical-notes-at-belfast-arts-ball/,topical notes at belfast arts ball,IFI Archive Player film record,Public film-page metadata exposed by the IFI Archive Player. The permalink represents a public viewing/metadata surface; MAR does not download or redistribute the audiovisual media and does not infer a licence to reproduce it.,
IFI Irish Film Archive,ifi-irish-film-archive,Ireland,Europe,IE-IFI-IFA,National film archive,https://ifiarchiveplayer.ie/,True,True,https://ifiarchiveplayer.ie/,IFI Archive Player,https://ifiarchiveplayer.ie/tourism-as-an-industry/,tourism as an industry,IFI Archive Player film record,Public film-page metadata exposed by the IFI Archive Player. The permalink represents a public viewing/metadata surface; MAR does not download or redistribute the audiovisual media and does not infer a licence to reproduce it.,
IFI Irish Film Archive,ifi-irish-film-archive,Ireland,Europe,IE-IFI-IFA,National film archive,https://ifiarchiveplayer.ie/,True,True,https://ifiarchiveplayer.ie/,IFI Archive Player,https://ifiarchiveplayer.ie/tourist-taste/,tourist taste,IFI Archive Player film record,Public film-page metadata exposed by the IFI Archive Player. The permalink represents a public viewing/metadata surface; MAR does not download or redistribute the audiovisual media and does not infer a licence to reproduce it.,
IFI Irish Film Archive,ifi-irish-film-archive,Ireland,Europe,IE-IFI-IFA,National film archive,https://ifiarchiveplayer.ie/,True,True,https://ifiarchiveplayer.ie/,IFI Archive Player,https://ifiarchiveplayer.ie/toys-buy-now-for-christmas/,toys buy now for christmas,IFI Archive Player film record,Public film-page metadata exposed by the IFI Archive Player. The permalink represents a public viewing/metadata surface; MAR does not download or redistribute the audiovisual media and does not infer a licence to reproduce it.,
IFI Irish Film Archive,ifi-irish-film-archive,Ireland,Europe,IE-IFI-IFA,National film archive,https://ifiarchiveplayer.ie/,True,True,https://ifiarchiveplayer.ie/,IFI Archive Player,https://ifiarchiveplayer.ie/travelogues-the-irish-riviera/,travelogues the irish riviera,IFI Archive Player film record,Public film-page metadata exposed by the IFI Archive Player. The permalink represents a public viewing/metadata surface; MAR does not download or redistribute the audiovisual media and does not infer a licence to reproduce it.,
IFI Irish Film Archive,ifi-irish-film-archive,Ireland,Europe,IE-IFI-IFA,National film archive,https://ifiarchiveplayer.ie/,True,True,https://ifiarchiveplayer.ie/,IFI Archive Player,https://ifiarchiveplayer.ie/trial-of-casement/,trial of casement,IFI Archive Player film record,Public film-page metadata exposed by the IFI Archive Player. The permalink represents a public viewing/metadata surface; MAR does not download or redistribute the audiovisual media and does not infer a licence to reproduce it.,
IFI Irish Film Archive,ifi-irish-film-archive,Ireland,Europe,IE-IFI-IFA,National film archive,https://ifiarchiveplayer.ie/,True,True,https://ifiarchiveplayer.ie/,IFI Archive Player,https://ifiarchiveplayer.ie/tribute-paid-to-congo-dead-with-de-valera-and-lemass/,tribute paid to congo dead with de valera and lemass,IFI Archive Player film record,Public film-page metadata exposed by the IFI Archive Player. The permalink represents a public viewing/metadata surface; MAR does not download or redistribute the audiovisual media and does not infer a licence to reproduce it.,
IFI Irish Film Archive,ifi-irish-film-archive,Ireland,Europe,IE-IFI-IFA,National film archive,https://ifiarchiveplayer.ie/,True,True,https://ifiarchiveplayer.ie/,IFI Archive Player,https://ifiarchiveplayer.ie/troscan-furniture-bedroom/,troscan furniture bedroom,IFI Archive Player film record,Public film-page metadata exposed by the IFI Archive Player. The permalink represents a public viewing/metadata surface; MAR does not download or redistribute the audiovisual media and does not infer a licence to reproduce it.,
IFI Irish Film Archive,ifi-irish-film-archive,Ireland,Europe,IE-IFI-IFA,National film archive,https://ifiarchiveplayer.ie/,True,True,https://ifiarchiveplayer.ie/,IFI Archive Player,https://ifiarchiveplayer.ie/troscan-furniture-dining-room/,troscan furniture dining room,IFI Archive Player film record,Public film-page metadata exposed by the IFI Archive Player. The permalink represents a public viewing/metadata surface; MAR does not download or redistribute the audiovisual media and does not infer a licence to reproduce it.,
IFI Irish Film Archive,ifi-irish-film-archive,Ireland,Europe,IE-IFI-IFA,National film archive,https://ifiarchiveplayer.ie/,True,True,https://ifiarchiveplayer.ie/,IFI Archive Player,https://ifiarchiveplayer.ie/troscan-furniture-living-room/,troscan furniture living room,IFI Archive Player film record,Public film-page metadata exposed by the IFI Archive Player. The permalink represents a public viewing/metadata surface; MAR does not download or redistribute the audiovisual media and does not infer a licence to reproduce it.,
IFI Irish Film Archive,ifi-irish-film-archive,Ireland,Europe,IE-IFI-IFA,National film archive,https://ifiarchiveplayer.ie/,True,True,https://ifiarchiveplayer.ie/,IFI Archive Player,https://ifiarchiveplayer.ie/trouble-in-ireland/,trouble in ireland,IFI Archive Player film record,Public film-page metadata exposed by the IFI Archive Player. The permalink represents a public viewing/metadata surface; MAR does not download or redistribute the audiovisual media and does not infer a licence to reproduce it.,
IFI Irish Film Archive,ifi-irish-film-archive,Ireland,Europe,IE-IFI-IFA,National film archive,https://ifiarchiveplayer.ie/,True,True,https://ifiarchiveplayer.ie/,IFI Archive Player,https://ifiarchiveplayer.ie/tubbercurry-sligo-western-drama-festival/,tubbercurry sligo western drama festival,IFI Archive Player film record,Public film-page metadata exposed by the IFI Archive Player. The permalink represents a public viewing/metadata surface; MAR does not download or redistribute the audiovisual media and does not infer a licence to reproduce it.,
IFI Irish Film Archive,ifi-irish-film-archive,Ireland,Europe,IE-IFI-IFA,National film archive,https://ifiarchiveplayer.ie/,True,True,https://ifiarchiveplayer.ie/,IFI Archive Player,https://ifiarchiveplayer.ie/tubberware/,tubberware,IFI Archive Player film record,Public film-page metadata exposed by the IFI Archive Player. The permalink represents a public viewing/metadata surface; MAR does not download or redistribute the audiovisual media and does not infer a licence to reproduce it.,
IFI Irish Film Archive,ifi-irish-film-archive,Ireland,Europe,IE-IFI-IFA,National film archive,https://ifiarchiveplayer.ie/,True,True,https://ifiarchiveplayer.ie/,IFI Archive Player,https://ifiarchiveplayer.ie/tudor-style/,tudor style,IFI Archive Player film record,Public film-page metadata exposed by the IFI Archive Player. The permalink represents a public viewing/metadata surface; MAR does not download or redistribute the audiovisual media and does not infer a licence to reproduce it.,
IFI Irish Film Archive,ifi-irish-film-archive,Ireland,Europe,IE-IFI-IFA,National film archive,https://ifiarchiveplayer.ie/,True,True,https://ifiarchiveplayer.ie/,IFI Archive Player,https://ifiarchiveplayer.ie/tudor-style-lenny-abrahamson/,tudor style lenny abrahamson,IFI Archive Player film record,Public film-page metadata exposed by the IFI Archive Player. The permalink represents a public viewing/metadata surface; MAR does not download or redistribute the audiovisual media and does not infer a licence to reproduce it.,
IFI Irish Film Archive,ifi-irish-film-archive,Ireland,Europe,IE-IFI-IFA,National film archive,https://ifiarchiveplayer.ie/,True,True,https://ifiarchiveplayer.ie/,IFI Archive Player,https://ifiarchiveplayer.ie/twilight-belle/,twilight belle,IFI Archive Player film record,Public film-page metadata exposed by the IFI Archive Player. The permalink represents a public viewing/metadata surface; MAR does not download or redistribute the audiovisual media and does not infer a licence to reproduce it.,
IFI Irish Film Archive,ifi-irish-film-archive,Ireland,Europe,IE-IFI-IFA,National film archive,https://ifiarchiveplayer.ie/,True,True,https://ifiarchiveplayer.ie/,IFI Archive Player,https://ifiarchiveplayer.ie/two-hours-from-london/,two hours from london,IFI Archive Player film record,Public film-page metadata exposed by the IFI Archive Player. The permalink represents a public viewing/metadata surface; MAR does not download or redistribute the audiovisual media and does not infer a licence to reproduce it.,
IFI Irish Film Archive,ifi-irish-film-archive,Ireland,Europe,IE-IFI-IFA,National film archive,https://ifiarchiveplayer.ie/,True,True,https://ifiarchiveplayer.ie/,IFI Archive Player,https://ifiarchiveplayer.ie/two-little-pigeons/,two little pigeons,IFI Archive Player film record,Public film-page metadata exposed by the IFI Archive Player. The permalink represents a public viewing/metadata surface; MAR does not download or redistribute the audiovisual media and does not infer a licence to reproduce it.,
IFI Irish Film Archive,ifi-irish-film-archive,Ireland,Europe,IE-IFI-IFA,National film archive,https://ifiarchiveplayer.ie/,True,True,https://ifiarchiveplayer.ie/,IFI Archive Player,https://ifiarchiveplayer.ie/two-of-a-kind/,two of a kind,IFI Archive Player film record,Public film-page metadata exposed by the IFI Archive Player. The permalink represents a public viewing/metadata surface; MAR does not download or redistribute the audiovisual media and does not infer a licence to reproduce it.,
IFI Irish Film Archive,ifi-irish-film-archive,Ireland,Europe,IE-IFI-IFA,National film archive,https://ifiarchiveplayer.ie/,True,True,https://ifiarchiveplayer.ie/,IFI Archive Player,https://ifiarchiveplayer.ie/ucd-students-honour-kevin-barry/,ucd students honour kevin barry,IFI Archive Player film record,Public film-page metadata exposed by the IFI Archive Player. The permalink represents a public viewing/metadata surface; MAR does not download or redistribute the audiovisual media and does not infer a licence to reproduce it.,
IFI Irish Film Archive,ifi-irish-film-archive,Ireland,Europe,IE-IFI-IFA,National film archive,https://ifiarchiveplayer.ie/,True,True,https://ifiarchiveplayer.ie/,IFI Archive Player,https://ifiarchiveplayer.ie/ulster-demonstration/,ulster demonstration,IFI Archive Player film record,Public film-page metadata exposed by the IFI Archive Player. The permalink represents a public viewing/metadata surface; MAR does not download or redistribute the audiovisual media and does not infer a licence to reproduce it.,
IFI Irish Film Archive,ifi-irish-film-archive,Ireland,Europe,IE-IFI-IFA,National film archive,https://ifiarchiveplayer.ie/,True,True,https://ifiarchiveplayer.ie/,IFI Archive Player,https://ifiarchiveplayer.ie/ulster-grand-prix/,ulster grand prix,IFI Archive Player film record,Public film-page metadata exposed by the IFI Archive Player. The permalink represents a public viewing/metadata surface; MAR does not download or redistribute the audiovisual media and does not infer a licence to reproduce it.,
IFI Irish Film Archive,ifi-irish-film-archive,Ireland,Europe,IE-IFI-IFA,National film archive,https://ifiarchiveplayer.ie/,True,True,https://ifiarchiveplayer.ie/,IFI Archive Player,https://ifiarchiveplayer.ie/ulster-will-not-yield/,ulster will not yield,IFI Archive Player film record,Public film-page metadata exposed by the IFI Archive Player. The permalink represents a public viewing/metadata surface; MAR does not download or redistribute the audiovisual media and does not infer a licence to reproduce it.,
IFI Irish Film Archive,ifi-irish-film-archive,Ireland,Europe,IE-IFI-IFA,National film archive,https://ifiarchiveplayer.ie/,True,True,https://ifiarchiveplayer.ie/,IFI Archive Player,https://ifiarchiveplayer.ie/ulsters-gallant-woman-admiral/,ulsters gallant woman admiral,IFI Archive Player film record,Public film-page metadata exposed by the IFI Archive Player. The permalink represents a public viewing/metadata surface; MAR does not download or redistribute the audiovisual media and does not infer a licence to reproduce it.,
IFI Irish Film Archive,ifi-irish-film-archive,Ireland,Europe,IE-IFI-IFA,National film archive,https://ifiarchiveplayer.ie/,True,True,https://ifiarchiveplayer.ie/,IFI Archive Player,https://ifiarchiveplayer.ie/ulsters-parliament-assembles/,ulsters parliament assembles,IFI Archive Player film record,Public film-page metadata exposed by the IFI Archive Player. The permalink represents a public viewing/metadata surface; MAR does not download or redistribute the audiovisual media and does not infer a licence to reproduce it.,
IFI Irish Film Archive,ifi-irish-film-archive,Ireland,Europe,IE-IFI-IFA,National film archive,https://ifiarchiveplayer.ie/,True,True,https://ifiarchiveplayer.ie/,IFI Archive Player,https://ifiarchiveplayer.ie/ulys/,ulys,IFI Archive Player film record,Public film-page metadata exposed by the IFI Archive Player. The permalink represents a public viewing/metadata surface; MAR does not download or redistribute the audiovisual media and does not infer a licence to reproduce it.,
IFI Irish Film Archive,ifi-irish-film-archive,Ireland,Europe,IE-IFI-IFA,National film archive,https://ifiarchiveplayer.ie/,True,True,https://ifiarchiveplayer.ie/,IFI Archive Player,https://ifiarchiveplayer.ie/unique-boxing-event/,unique boxing event,IFI Archive Player film record,Public film-page metadata exposed by the IFI Archive Player. The permalink represents a public viewing/metadata surface; MAR does not download or redistribute the audiovisual media and does not infer a licence to reproduce it.,
IFI Irish Film Archive,ifi-irish-film-archive,Ireland,Europe,IE-IFI-IFA,National film archive,https://ifiarchiveplayer.ie/,True,True,https://ifiarchiveplayer.ie/,IFI Archive Player,https://ifiarchiveplayer.ie/uno-paint/,uno paint,IFI Archive Player film record,Public film-page metadata exposed by the IFI Archive Player. The permalink represents a public viewing/metadata surface; MAR does not download or redistribute the audiovisual media and does not infer a licence to reproduce it.,
IFI Irish Film Archive,ifi-irish-film-archive,Ireland,Europe,IE-IFI-IFA,National film archive,https://ifiarchiveplayer.ie/,True,True,https://ifiarchiveplayer.ie/,IFI Archive Player,https://ifiarchiveplayer.ie/up-the-canal/,up the canal,IFI Archive Player film record,Public film-page metadata exposed by the IFI Archive Player. The permalink represents a public viewing/metadata surface; MAR does not download or redistribute the audiovisual media and does not infer a licence to reproduce it.,
IFI Irish Film Archive,ifi-irish-film-archive,Ireland,Europe,IE-IFI-IFA,National film archive,https://ifiarchiveplayer.ie/,True,True,https://ifiarchiveplayer.ie/,IFI Archive Player,https://ifiarchiveplayer.ie/urban-tails/,urban tails,IFI Archive Player film record,Public film-page metadata exposed by the IFI Archive Player. The permalink represents a public viewing/metadata surface; MAR does not download or redistribute the audiovisual media and does not infer a licence to reproduce it.,
IFI Irish Film Archive,ifi-irish-film-archive,Ireland,Europe,IE-IFI-IFA,National film archive,https://ifiarchiveplayer.ie/,True,True,https://ifiarchiveplayer.ie/,IFI Archive Player,https://ifiarchiveplayer.ie/us-students-enjoying-irish-holiday/,us students enjoying irish holiday,IFI Archive Player film record,Public film-page metadata exposed by the IFI Archive Player. The permalink represents a public viewing/metadata surface; MAR does not download or redistribute the audiovisual media and does not infer a licence to reproduce it.,
IFI Irish Film Archive,ifi-irish-film-archive,Ireland,Europe,IE-IFI-IFA,National film archive,https://ifiarchiveplayer.ie/,True,True,https://ifiarchiveplayer.ie/,IFI Archive Player,https://ifiarchiveplayer.ie/valley-ice-cream/,valley ice cream,IFI Archive Player film record,Public film-page metadata exposed by the IFI Archive Player. The permalink represents a public viewing/metadata surface; MAR does not download or redistribute the audiovisual media and does not infer a licence to reproduce it.,
IFI Irish Film Archive,ifi-irish-film-archive,Ireland,Europe,IE-IFI-IFA,National film archive,https://ifiarchiveplayer.ie/,True,True,https://ifiarchiveplayer.ie/,IFI Archive Player,https://ifiarchiveplayer.ie/valley-ice-cream-big-red/,valley ice cream big red,IFI Archive Player film record,Public film-page metadata exposed by the IFI Archive Player. The permalink represents a public viewing/metadata surface; MAR does not download or redistribute the audiovisual media and does not infer a licence to reproduce it.,
IFI Irish Film Archive,ifi-irish-film-archive,Ireland,Europe,IE-IFI-IFA,National film archive,https://ifiarchiveplayer.ie/,True,True,https://ifiarchiveplayer.ie/,IFI Archive Player,https://ifiarchiveplayer.ie/variety-club-film-ball-aids-disabled-children/,variety club film ball aids disabled children,IFI Archive Player film record,Public film-page metadata exposed by the IFI Archive Player. The permalink represents a public viewing/metadata surface; MAR does not download or redistribute the audiovisual media and does not infer a licence to reproduce it.,
IFI Irish Film Archive,ifi-irish-film-archive,Ireland,Europe,IE-IFI-IFA,National film archive,https://ifiarchiveplayer.ie/,True,True,https://ifiarchiveplayer.ie/,IFI Archive Player,https://ifiarchiveplayer.ie/vice-regal-procession/,vice regal procession,IFI Archive Player film record,Public film-page metadata exposed by the IFI Archive Player. The permalink represents a public viewing/metadata surface; MAR does not download or redistribute the audiovisual media and does not infer a licence to reproduce it.,
IFI Irish Film Archive,ifi-irish-film-archive,Ireland,Europe,IE-IFI-IFA,National film archive,https://ifiarchiveplayer.ie/,True,True,https://ifiarchiveplayer.ie/,IFI Archive Player,https://ifiarchiveplayer.ie/visit-of-president-mary-robinson-to-ballymun/,visit of president mary robinson to ballymun,IFI Archive Player film record,Public film-page metadata exposed by the IFI Archive Player. The permalink represents a public viewing/metadata surface; MAR does not download or redistribute the audiovisual media and does not infer a licence to reproduce it.,
IFI Irish Film Archive,ifi-irish-film-archive,Ireland,Europe,IE-IFI-IFA,National film archive,https://ifiarchiveplayer.ie/,True,True,https://ifiarchiveplayer.ie/,IFI Archive Player,https://ifiarchiveplayer.ie/visit-to-killarney/,visit to killarney,IFI Archive Player film record,Public film-page metadata exposed by the IFI Archive Player. The permalink represents a public viewing/metadata surface; MAR does not download or redistribute the audiovisual media and does not infer a licence to reproduce it.,
IFI Irish Film Archive,ifi-irish-film-archive,Ireland,Europe,IE-IFI-IFA,National film archive,https://ifiarchiveplayer.ie/,True,True,https://ifiarchiveplayer.ie/,IFI Archive Player,https://ifiarchiveplayer.ie/voyage-to-recovery/,voyage to recovery,IFI Archive Player film record,Public film-page metadata exposed by the IFI Archive Player. The permalink represents a public viewing/metadata surface; MAR does not download or redistribute the audiovisual media and does not infer a licence to reproduce it.,
IFI Irish Film Archive,ifi-irish-film-archive,Ireland,Europe,IE-IFI-IFA,National film archive,https://ifiarchiveplayer.ie/,True,True,https://ifiarchiveplayer.ie/,IFI Archive Player,https://ifiarchiveplayer.ie/wagon-wheels-in-phoenix-park/,wagon wheels in phoenix park,IFI Archive Player film record,Public film-page metadata exposed by the IFI Archive Player. The permalink represents a public viewing/metadata surface; MAR does not download or redistribute the audiovisual media and does not infer a licence to reproduce it.,
IFI Irish Film Archive,ifi-irish-film-archive,Ireland,Europe,IE-IFI-IFA,National film archive,https://ifiarchiveplayer.ie/,True,True,https://ifiarchiveplayer.ie/,IFI Archive Player,https://ifiarchiveplayer.ie/waiting-for-the-light/,waiting for the light,IFI Archive Player film record,Public film-page metadata exposed by the IFI Archive Player. The permalink represents a public viewing/metadata surface; MAR does not download or redistribute the audiovisual media and does not infer a licence to reproduce it.,
IFI Irish Film Archive,ifi-irish-film-archive,Ireland,Europe,IE-IFI-IFA,National film archive,https://ifiarchiveplayer.ie/,True,True,https://ifiarchiveplayer.ie/,IFI Archive Player,https://ifiarchiveplayer.ie/water-polo-at-blackrock/,water polo at blackrock,IFI Archive Player film record,Public film-page metadata exposed by the IFI Archive Player. The permalink represents a public viewing/metadata surface; MAR does not download or redistribute the audiovisual media and does not infer a licence to reproduce it.,
IFI Irish Film Archive,ifi-irish-film-archive,Ireland,Europe,IE-IFI-IFA,National film archive,https://ifiarchiveplayer.ie/,True,True,https://ifiarchiveplayer.ie/,IFI Archive Player,https://ifiarchiveplayer.ie/water-wisdom/,water wisdom,IFI Archive Player film record,Public film-page metadata exposed by the IFI Archive Player. The permalink represents a public viewing/metadata surface; MAR does not download or redistribute the audiovisual media and does not infer a licence to reproduce it.,
IFI Irish Film Archive,ifi-irish-film-archive,Ireland,Europe,IE-IFI-IFA,National film archive,https://ifiarchiveplayer.ie/,True,True,https://ifiarchiveplayer.ie/,IFI Archive Player,https://ifiarchiveplayer.ie/waterford-and-kilkenny-draw-in-national-league/,waterford and kilkenny draw in national league,IFI Archive Player film record,Public film-page metadata exposed by the IFI Archive Player. The permalink represents a public viewing/metadata surface; MAR does not download or redistribute the audiovisual media and does not infer a licence to reproduce it.,
IFI Irish Film Archive,ifi-irish-film-archive,Ireland,Europe,IE-IFI-IFA,National film archive,https://ifiarchiveplayer.ie/,True,True,https://ifiarchiveplayer.ie/,IFI Archive Player,https://ifiarchiveplayer.ie/waterford-elections/,waterford elections,IFI Archive Player film record,Public film-page metadata exposed by the IFI Archive Player. The permalink represents a public viewing/metadata surface; MAR does not download or redistribute the audiovisual media and does not infer a licence to reproduce it.,
IFI Irish Film Archive,ifi-irish-film-archive,Ireland,Europe,IE-IFI-IFA,National film archive,https://ifiarchiveplayer.ie/,True,True,https://ifiarchiveplayer.ie/,IFI Archive Player,https://ifiarchiveplayer.ie/waves/,waves,IFI Archive Player film record,Public film-page metadata exposed by the IFI Archive Player. The permalink represents a public viewing/metadata surface; MAR does not download or redistribute the audiovisual media and does not infer a licence to reproduce it.,
IFI Irish Film Archive,ifi-irish-film-archive,Ireland,Europe,IE-IFI-IFA,National film archive,https://ifiarchiveplayer.ie/,True,True,https://ifiarchiveplayer.ie/,IFI Archive Player,https://ifiarchiveplayer.ie/we-made-it/,we made it,IFI Archive Player film record,Public film-page metadata exposed by the IFI Archive Player. The permalink represents a public viewing/metadata surface; MAR does not download or redistribute the audiovisual media and does not infer a licence to reproduce it.,
IFI Irish Film Archive,ifi-irish-film-archive,Ireland,Europe,IE-IFI-IFA,National film archive,https://ifiarchiveplayer.ie/,True,True,https://ifiarchiveplayer.ie/,IFI Archive Player,https://ifiarchiveplayer.ie/we-were-only-children/,we were only children,IFI Archive Player film record,Public film-page metadata exposed by the IFI Archive Player. The permalink represents a public viewing/metadata surface; MAR does not download or redistribute the audiovisual media and does not infer a licence to reproduce it.,
IFI Irish Film Archive,ifi-irish-film-archive,Ireland,Europe,IE-IFI-IFA,National film archive,https://ifiarchiveplayer.ie/,True,True,https://ifiarchiveplayer.ie/,IFI Archive Player,https://ifiarchiveplayer.ie/west-clare-railway-the-last-run/,west clare railway the last run,IFI Archive Player film record,Public film-page metadata exposed by the IFI Archive Player. The permalink represents a public viewing/metadata surface; MAR does not download or redistribute the audiovisual media and does not infer a licence to reproduce it.,
IFI Irish Film Archive,ifi-irish-film-archive,Ireland,Europe,IE-IFI-IFA,National film archive,https://ifiarchiveplayer.ie/,True,True,https://ifiarchiveplayer.ie/,IFI Archive Player,https://ifiarchiveplayer.ie/wexford-commemorations/,wexford commemorations,IFI Archive Player film record,Public film-page metadata exposed by the IFI Archive Player. The permalink represents a public viewing/metadata surface; MAR does not download or redistribute the audiovisual media and does not infer a licence to reproduce it.,
IFI Irish Film Archive,ifi-irish-film-archive,Ireland,Europe,IE-IFI-IFA,National film archive,https://ifiarchiveplayer.ie/,True,True,https://ifiarchiveplayer.ie/,IFI Archive Player,https://ifiarchiveplayer.ie/wexford-treaty-meeting/,wexford treaty meeting,IFI Archive Player film record,Public film-page metadata exposed by the IFI Archive Player. The permalink represents a public viewing/metadata surface; MAR does not download or redistribute the audiovisual media and does not infer a licence to reproduce it.,
IFI Irish Film Archive,ifi-irish-film-archive,Ireland,Europe,IE-IFI-IFA,National film archive,https://ifiarchiveplayer.ie/,True,True,https://ifiarchiveplayer.ie/,IFI Archive Player,https://ifiarchiveplayer.ie/where-does-the-money-go/,where does the money go,IFI Archive Player film record,Public film-page metadata exposed by the IFI Archive Player. The permalink represents a public viewing/metadata surface; MAR does not download or redistribute the audiovisual media and does not infer a licence to reproduce it.,
IFI Irish Film Archive,ifi-irish-film-archive,Ireland,Europe,IE-IFI-IFA,National film archive,https://ifiarchiveplayer.ie/,True,True,https://ifiarchiveplayer.ie/,IFI Archive Player,https://ifiarchiveplayer.ie/will-there-be-peace-in-ireland/,will there be peace in ireland,IFI Archive Player film record,Public film-page metadata exposed by the IFI Archive Player. The permalink represents a public viewing/metadata surface; MAR does not download or redistribute the audiovisual media and does not infer a licence to reproduce it.,
IFI Irish Film Archive,ifi-irish-film-archive,Ireland,Europe,IE-IFI-IFA,National film archive,https://ifiarchiveplayer.ie/,True,True,https://ifiarchiveplayer.ie/,IFI Archive Player,https://ifiarchiveplayer.ie/winning-battle/,winning battle,IFI Archive Player film record,Public film-page metadata exposed by the IFI Archive Player. The permalink represents a public viewing/metadata surface; MAR does not download or redistribute the audiovisual media and does not infer a licence to reproduce it.,
IFI Irish Film Archive,ifi-irish-film-archive,Ireland,Europe,IE-IFI-IFA,National film archive,https://ifiarchiveplayer.ie/,True,True,https://ifiarchiveplayer.ie/,IFI Archive Player,https://ifiarchiveplayer.ie/winstons-new-look/,winstons new look,IFI Archive Player film record,Public film-page metadata exposed by the IFI Archive Player. The permalink represents a public viewing/metadata surface; MAR does not download or redistribute the audiovisual media and does not infer a licence to reproduce it.,
IFI Irish Film Archive,ifi-irish-film-archive,Ireland,Europe,IE-IFI-IFA,National film archive,https://ifiarchiveplayer.ie/,True,True,https://ifiarchiveplayer.ie/,IFI Archive Player,https://ifiarchiveplayer.ie/winter-beagling-at-tallow/,winter beagling at tallow,IFI Archive Player film record,Public film-page metadata exposed by the IFI Archive Player. The permalink represents a public viewing/metadata surface; MAR does not download or redistribute the audiovisual media and does not infer a licence to reproduce it.,
IFI Irish Film Archive,ifi-irish-film-archive,Ireland,Europe,IE-IFI-IFA,National film archive,https://ifiarchiveplayer.ie/,True,True,https://ifiarchiveplayer.ie/,IFI Archive Player,https://ifiarchiveplayer.ie/winter-sports-in-dublin-mountains/,winter sports in dublin mountains,IFI Archive Player film record,Public film-page metadata exposed by the IFI Archive Player. The permalink represents a public viewing/metadata surface; MAR does not download or redistribute the audiovisual media and does not infer a licence to reproduce it.,
IFI Irish Film Archive,ifi-irish-film-archive,Ireland,Europe,IE-IFI-IFA,National film archive,https://ifiarchiveplayer.ie/,True,True,https://ifiarchiveplayer.ie/,IFI Archive Player,https://ifiarchiveplayer.ie/wonderful-western-islanders/,wonderful western islanders,IFI Archive Player film record,Public film-page metadata exposed by the IFI Archive Player. The permalink represents a public viewing/metadata surface; MAR does not download or redistribute the audiovisual media and does not infer a licence to reproduce it.,
IFI Irish Film Archive,ifi-irish-film-archive,Ireland,Europe,IE-IFI-IFA,National film archive,https://ifiarchiveplayer.ie/,True,True,https://ifiarchiveplayer.ie/,IFI Archive Player,https://ifiarchiveplayer.ie/wonderful-western-islanders-2/,wonderful western islanders 2,IFI Archive Player film record,Public film-page metadata exposed by the IFI Archive Player. The permalink represents a public viewing/metadata surface; MAR does not download or redistribute the audiovisual media and does not infer a licence to reproduce it.,
IFI Irish Film Archive,ifi-irish-film-archive,Ireland,Europe,IE-IFI-IFA,National film archive,https://ifiarchiveplayer.ie/,True,True,https://ifiarchiveplayer.ie/,IFI Archive Player,https://ifiarchiveplayer.ie/yeats-country/,yeats country,IFI Archive Player film record,Public film-page metadata exposed by the IFI Archive Player. The permalink represents a public viewing/metadata surface; MAR does not download or redistribute the audiovisual media and does not infer a licence to reproduce it.,
IFI Irish Film Archive,ifi-irish-film-archive,Ireland,Europe,IE-IFI-IFA,National film archive,https://ifiarchiveplayer.ie/,True,True,https://ifiarchiveplayer.ie/,IFI Archive Player,https://ifiarchiveplayer.ie/yeats-country-lenny-abrahamson/,yeats country lenny abrahamson,IFI Archive Player film record,Public film-page metadata exposed by the IFI Archive Player. The permalink represents a public viewing/metadata surface; MAR does not download or redistribute the audiovisual media and does not infer a licence to reproduce it.,
IFI Irish Film Archive,ifi-irish-film-archive,Ireland,Europe,IE-IFI-IFA,National film archive,https://ifiarchiveplayer.ie/,True,True,https://ifiarchiveplayer.ie/,IFI Archive Player,https://ifiarchiveplayer.ie/yoplait-mrs-dolan/,yoplait mrs dolan,IFI Archive Player film record,Public film-page metadata exposed by the IFI Archive Player. The permalink represents a public viewing/metadata surface; MAR does not download or redistribute the audiovisual media and does not infer a licence to reproduce it.,
IFI Irish Film Archive,ifi-irish-film-archive,Ireland,Europe,IE-IFI-IFA,National film archive,https://ifiarchiveplayer.ie/,True,True,https://ifiarchiveplayer.ie/,IFI Archive Player,https://ifiarchiveplayer.ie/you-looking-at-me/,you looking at me,IFI Archive Player film record,Public film-page metadata exposed by the IFI Archive Player. The permalink represents a public viewing/metadata surface; MAR does not download or redistribute the audiovisual media and does not infer a licence to reproduce it.,
IFI Irish Film Archive,ifi-irish-film-archive,Ireland,Europe,IE-IFI-IFA,National film archive,https://ifiarchiveplayer.ie/,True,True,https://ifiarchiveplayer.ie/,IFI Archive Player,https://ifiarchiveplayer.ie/you-remember-ellen/,you remember ellen,IFI Archive Player film record,Public film-page metadata exposed by the IFI Archive Player. The permalink represents a public viewing/metadata surface; MAR does not download or redistribute the audiovisual media and does not infer a licence to reproduce it.,
IFI Irish Film Archive,ifi-irish-film-archive,Ireland,Europe,IE-IFI-IFA,National film archive,https://ifiarchiveplayer.ie/,True,True,https://ifiarchiveplayer.ie/,IFI Archive Player,https://ifiarchiveplayer.ie/young-artists-exhibition/,young artists exhibition,IFI Archive Player film record,Public film-page metadata exposed by the IFI Archive Player. The permalink represents a public viewing/metadata surface; MAR does not download or redistribute the audiovisual media and does not infer a licence to reproduce it.,
IFI Irish Film Archive,ifi-irish-film-archive,Ireland,Europe,IE-IFI-IFA,National film archive,https://ifiarchiveplayer.ie/,True,True,https://ifiarchiveplayer.ie/,IFI Archive Player,https://ifiarchiveplayer.ie/young-farmer-of-the-year-at-home/,young farmer of the year at home,IFI Archive Player film record,Public film-page metadata exposed by the IFI Archive Player. The permalink represents a public viewing/metadata surface; MAR does not download or redistribute the audiovisual media and does not infer a licence to reproduce it.,
IFI Irish Film Archive,ifi-irish-film-archive,Ireland,Europe,IE-IFI-IFA,National film archive,https://ifiarchiveplayer.ie/,True,True,https://ifiarchiveplayer.ie/,IFI Archive Player,https://ifiarchiveplayer.ie/yu-ming-is-ainm-dom/,yu ming is ainm dom,IFI Archive Player film record,Public film-page metadata exposed by the IFI Archive Player. The permalink represents a public viewing/metadata surface; MAR does not download or redistribute the audiovisual media and does not infer a licence to reproduce it.,
IFI Irish Film Archive,ifi-irish-film-archive,Ireland,Europe,IE-IFI-IFA,National film archive,https://ifiarchiveplayer.ie/,True,True,https://ifiarchiveplayer.ie/,IFI Archive Player,https://ifiarchiveplayer.ie/zanussi/,zanussi,IFI Archive Player film record,Public film-page metadata exposed by the IFI Archive Player. The permalink represents a public viewing/metadata surface; MAR does not download or redistribute the audiovisual media and does not infer a licence to reproduce it.,
IFI Irish Film Archive,ifi-irish-film-archive,Ireland,Europe,IE-IFI-IFA,National film archive,https://ifiarchiveplayer.ie/,True,True,https://ifiarchiveplayer.ie/,IFI Archive Player,https://ifiarchiveplayer.ie/zanussi-washing-machines/,zanussi washing machines,IFI Archive Player film record,Public film-page metadata exposed by the IFI Archive Player. The permalink represents a public viewing/metadata surface; MAR does not download or redistribute the audiovisual media and does not infer a licence to reproduce it.,
IFI Irish Film Archive,ifi-irish-film-archive,Ireland,Europe,IE-IFI-IFA,National film archive,https://ifiarchiveplayer.ie/,True,True,https://ifiarchiveplayer.ie/,IFI Archive Player,https://ifiarchiveplayer.ie/zwischen-uns-sei-wahrheit/,zwischen uns sei wahrheit,IFI Archive Player film record,Public film-page metadata exposed by the IFI Archive Player. The permalink represents a public viewing/metadata surface; MAR does not download or redistribute the audiovisual media and does not infer a licence to reproduce it.,
