institution,slug,country,continent,repository_code,archive_type,ifi_archive_player_detail_url,content_available_in_source,website_available,partner_site,platform,video_link,video_title,video_subject,video_description,video_published_at,video_title_display,video_date_display,video_theme,access_surface
IFI Irish Film Archive,ifi-irish-film-archive,Ireland,Europe,IE-IFI-IFA,National film archive,https://ifiarchiveplayer.ie/,True,True,https://ifiarchiveplayer.ie/,IFI Archive Player,https://ifiarchiveplayer.ie/a-day-of-drama-2/,A Day of Drama – Trish McAdam Filmmaker Playlist,"Filmmaker Playlist, Trish McAdam Filmmaker Playlist, The Irish Independence Film Collection Directed by: IFI | British Pathé Produced by: IFI | British Pathé Year: 2022 | 1922 Duration: 4 mins Language: English | Silent with English Intertitles Our second IFI Filmmaker Playlist is curated by filmmaker and visual artist Trish McAdam. Since the production of her early shorts in the 1980s, Trish has created a vibrant and varied body of work, embracing a range of forms and subjects and retaining a...","Public film-page metadata exposed by the IFI Archive Player. The permalink represents a public viewing/metadata surface; MAR does not download or redistribute the audiovisual media and does not infer a licence to reproduce it. Category: Filmmaker Playlist, Trish McAdam Filmmaker Playlist, The Irish Independence Film Collection Directed by: IFI | British Pathé Produced by: IFI | British Pathé Year: 2022 | 1922 Duration: 4 mins Language: English | Silent with English Intertitles Our second IFI Filmmaker Playlist is curated by filmmaker and visual artist Trish McAdam. Since the production of her early shorts in the 1980s, Trish has created a vibrant and varied body of work, embracing a range of forms and subjects and retaining a...; Directed by: IFI | British Pathé; Produced by: IFI | British Pathé; Duration: 4 mins; Language: English | Silent with English Intertitles.",2022 | 1922,A Day of Drama – Trish McAdam Filmmaker Playlist,2022 | 1922,Patrimônio fílmico irlandês em acesso público,Streaming audiovisual institucional público
IFI Irish Film Archive,ifi-irish-film-archive,Ireland,Europe,IE-IFI-IFA,National film archive,https://ifiarchiveplayer.ie/,True,True,https://ifiarchiveplayer.ie/,IFI Archive Player,https://ifiarchiveplayer.ie/a-good-age-introduction/,An Introduction to A Good Age,"Loopline Collection, TV Series, A Good Age Directed by: IFI Produced by: IFI Year: 2019 Duration: 2 mins Language: English A Good Age is a six-part television series, directed by Sé Merry Doyle, tackling head-on the myths and misconceptions that result in ageism. A forthright approach was taken throughout as the joys and realities of getting older are examined.","Public film-page metadata exposed by the IFI Archive Player. The permalink represents a public viewing/metadata surface; MAR does not download or redistribute the audiovisual media and does not infer a licence to reproduce it. Category: Loopline Collection, TV Series, A Good Age Directed by: IFI Produced by: IFI Year: 2019 Duration: 2 mins Language: English A Good Age is a six-part television series, directed by Sé Merry Doyle, tackling head-on the myths and misconceptions that result in ageism. A forthright approach was taken throughout as the joys and realities of getting older are examined.; Directed by: IFI; Produced by: IFI; Duration: 2 mins; Language: English.",2019,An Introduction to A Good Age,2019-01-01,Patrimônio fílmico irlandês em acesso público,Streaming audiovisual institucional público
IFI Irish Film Archive,ifi-irish-film-archive,Ireland,Europe,IE-IFI-IFA,National film archive,https://ifiarchiveplayer.ie/,True,True,https://ifiarchiveplayer.ie/,IFI Archive Player,https://ifiarchiveplayer.ie/a-fathers-letter/,A Father’s Letter,"Irish Culture, History, Short Film, Documentary Directed by: Joe Dolan Produced by: Niamh Heery, Swansong Films Year: 2016 Duration: 12 mins Language: English On the eve of his execution on May 7th 1916, Michael Mallin’s two-year-old son Joseph was brought to see him in Kilmainham Gaol. That night, his father wrote a letter that would change Joseph’s life forever. In it he tells his family that he loves them and asks his little boy to be a priest. Funded by Fís Éireann/ Screen Ireland (formerly...","Public film-page metadata exposed by the IFI Archive Player. The permalink represents a public viewing/metadata surface; MAR does not download or redistribute the audiovisual media and does not infer a licence to reproduce it. Category: Irish Culture, History, Short Film, Documentary Directed by: Joe Dolan Produced by: Niamh Heery, Swansong Films Year: 2016 Duration: 12 mins Language: English On the eve of his execution on May 7th 1916, Michael Mallin’s two-year-old son Joseph was brought to see him in Kilmainham Gaol. That night, his father wrote a letter that would change Joseph’s life forever. In it he tells his family that he loves them and asks his little boy to be a priest. Funded by Fís Éireann/ Screen Ireland (formerly...; Directed by: Joe Dolan; Produced by: Niamh Heery, Swansong Films; Duration: 12 mins; Language: English.",2016,A Father’s Letter,2016-01-01,Patrimônio fílmico irlandês em acesso público,Streaming audiovisual institucional público
IFI Irish Film Archive,ifi-irish-film-archive,Ireland,Europe,IE-IFI-IFA,National film archive,https://ifiarchiveplayer.ie/,True,True,https://ifiarchiveplayer.ie/,IFI Archive Player,https://ifiarchiveplayer.ie/a-terrible-hullabaloo/,A Terrible Hullabaloo,"Irish Culture, History, Short Film, After '16, Children on Film Directed by: Ben O'Conor Produced by: Bob Gallagher, Bowsie Workshop Year: 2016 Duration: 9 mins Language: English The story of young Vinny Byrne, a fourteen-year-old boy who found himself fighting for Ireland in the Easter Rising. An eighty-year-old Vinny reminisces on his time with the volunteers, which took him around the city during the fighting. With Vinny’s Dublin brought to life by handmade miniature sets and puppetry, the f...","Public film-page metadata exposed by the IFI Archive Player. The permalink represents a public viewing/metadata surface; MAR does not download or redistribute the audiovisual media and does not infer a licence to reproduce it. Category: Irish Culture, History, Short Film, After '16, Children on Film Directed by: Ben O'Conor Produced by: Bob Gallagher, Bowsie Workshop Year: 2016 Duration: 9 mins Language: English The story of young Vinny Byrne, a fourteen-year-old boy who found himself fighting for Ireland in the Easter Rising. An eighty-year-old Vinny reminisces on his time with the volunteers, which took him around the city during the fighting. With Vinny’s Dublin brought to life by handmade miniature sets and puppetry, the f...; Directed by: Ben O'Conor; Produced by: Bob Gallagher, Bowsie Workshop; Duration: 9 mins; Language: English.",2016,A Terrible Hullabaloo,2016-01-01,Patrimônio fílmico irlandês em acesso público,Streaming audiovisual institucional público
IFI Irish Film Archive,ifi-irish-film-archive,Ireland,Europe,IE-IFI-IFA,National film archive,https://ifiarchiveplayer.ie/,True,True,https://ifiarchiveplayer.ie/,IFI Archive Player,https://ifiarchiveplayer.ie/23-degrees-5-minutes/,23 Degrees 5 minutes,"Animation Directed by: Darragh O'Connell Produced by: Colm Tyrrell, Brown Bag Films Year: 2011 Duration: 10 mins Language: English An old explorer close to freezing in the Arctic re-lives the events that brought him there. He recalls his student days at Trinity College in Dublin when he studied under the enigmatic Professor Orit, the professor who was driven to madness by his obsessive pursuit of the unified theory. Convinced that the answer somehow lay in the relationship between the numbers t...","Public film-page metadata exposed by the IFI Archive Player. The permalink represents a public viewing/metadata surface; MAR does not download or redistribute the audiovisual media and does not infer a licence to reproduce it. Category: Animation Directed by: Darragh O'Connell Produced by: Colm Tyrrell, Brown Bag Films Year: 2011 Duration: 10 mins Language: English An old explorer close to freezing in the Arctic re-lives the events that brought him there. He recalls his student days at Trinity College in Dublin when he studied under the enigmatic Professor Orit, the professor who was driven to madness by his obsessive pursuit of the unified theory. Convinced that the answer somehow lay in the relationship between the numbers t...; Directed by: Darragh O'Connell; Produced by: Colm Tyrrell, Brown Bag Films; Duration: 10 mins; Language: English.",2011,23 Degrees 5 minutes,2011-01-01,Patrimônio fílmico irlandês em acesso público,Streaming audiovisual institucional público
IFI Irish Film Archive,ifi-irish-film-archive,Ireland,Europe,IE-IFI-IFA,National film archive,https://ifiarchiveplayer.ie/,True,True,https://ifiarchiveplayer.ie/,IFI Archive Player,https://ifiarchiveplayer.ie/a-ferret-call-mickey/,A Ferret Called Mickey,"LGBT+, Short Film, Drama, Children on Film Directed by: Barry Dignam Produced by: Rough Magic Films Year: 2003 Duration: 10 mins Language: English Eight year old Paulie is happiest when dressing-up in his mother’s high heels and having tea parties in the garden. His father however would prefer him to involved in more ‘manly’ pursuits and decides to take action. It is left to Mickey, a ferret with the cutest nose and the sharpest teeth, to sort out the men from the boys. This film is part of Chi...","Public film-page metadata exposed by the IFI Archive Player. The permalink represents a public viewing/metadata surface; MAR does not download or redistribute the audiovisual media and does not infer a licence to reproduce it. Category: LGBT+, Short Film, Drama, Children on Film Directed by: Barry Dignam Produced by: Rough Magic Films Year: 2003 Duration: 10 mins Language: English Eight year old Paulie is happiest when dressing-up in his mother’s high heels and having tea parties in the garden. His father however would prefer him to involved in more ‘manly’ pursuits and decides to take action. It is left to Mickey, a ferret with the cutest nose and the sharpest teeth, to sort out the men from the boys. This film is part of Chi...; Directed by: Barry Dignam; Produced by: Rough Magic Films; Duration: 10 mins; Language: English.",2003,A Ferret Called Mickey,2003-01-01,Patrimônio fílmico irlandês em acesso público,Streaming audiovisual institucional público
IFI Irish Film Archive,ifi-irish-film-archive,Ireland,Europe,IE-IFI-IFA,National film archive,https://ifiarchiveplayer.ie/,True,True,https://ifiarchiveplayer.ie/,IFI Archive Player,https://ifiarchiveplayer.ie/a-plague-on-both-your-houses/,A Plague on Both Your Houses,"Documentary Directed by: Margo Harkin Produced by: Margo Harkin Year: 1999 Duration: 39 mins Language: English Couples from mixed Protestant and Catholic marriages recount the difficulties they’ve encountered in a divided society, including rejection by their families, friction in the workplace, intimidation in their neighbourhoods, and the bullying suffered by their children for choices made by their parents. They also detail their strategies of resistance and survival, and significant instanc...","Public film-page metadata exposed by the IFI Archive Player. The permalink represents a public viewing/metadata surface; MAR does not download or redistribute the audiovisual media and does not infer a licence to reproduce it. Category: Documentary Directed by: Margo Harkin Produced by: Margo Harkin Year: 1999 Duration: 39 mins Language: English Couples from mixed Protestant and Catholic marriages recount the difficulties they’ve encountered in a divided society, including rejection by their families, friction in the workplace, intimidation in their neighbourhoods, and the bullying suffered by their children for choices made by their parents. They also detail their strategies of resistance and survival, and significant instanc...; Directed by: Margo Harkin; Produced by: Margo Harkin; Duration: 39 mins; Language: English.",1999,A Plague on Both Your Houses,1999-01-01,Patrimônio fílmico irlandês em acesso público,Streaming audiovisual institucional público
IFI Irish Film Archive,ifi-irish-film-archive,Ireland,Europe,IE-IFI-IFA,National film archive,https://ifiarchiveplayer.ie/,True,True,https://ifiarchiveplayer.ie/,IFI Archive Player,https://ifiarchiveplayer.ie/a-good-age-ageism/,Ageism – A Good Age: Episode 1,"Loopline Collection, TV Series, A Good Age Directed by: Sé Merry Doyle Produced by: Bernadine Carraher, Loopline Year: 1997 Duration: 26 mins Language: English Ageism is the first in a six-part television series that tackles the everyday myths and misconceptions that result in ageism. This episode explores ‘the propaganda of old age’ – mainly the senior citizen concerns of aging and illness, sexuality, and self-worth. This episode opens with an appearance by Olwen Fouéré and features contributi...","Public film-page metadata exposed by the IFI Archive Player. The permalink represents a public viewing/metadata surface; MAR does not download or redistribute the audiovisual media and does not infer a licence to reproduce it. Category: Loopline Collection, TV Series, A Good Age Directed by: Sé Merry Doyle Produced by: Bernadine Carraher, Loopline Year: 1997 Duration: 26 mins Language: English Ageism is the first in a six-part television series that tackles the everyday myths and misconceptions that result in ageism. This episode explores ‘the propaganda of old age’ – mainly the senior citizen concerns of aging and illness, sexuality, and self-worth. This episode opens with an appearance by Olwen Fouéré and features contributi...; Directed by: Sé Merry Doyle; Produced by: Bernadine Carraher, Loopline; Duration: 26 mins; Language: English.",1997,Ageism – A Good Age: Episode 1,1997-01-01,Patrimônio fílmico irlandês em acesso público,Streaming audiovisual institucional público
IFI Irish Film Archive,ifi-irish-film-archive,Ireland,Europe,IE-IFI-IFA,National film archive,https://ifiarchiveplayer.ie/,True,True,https://ifiarchiveplayer.ie/,IFI Archive Player,https://ifiarchiveplayer.ie/a-good-age-fighting-back/,Fighting Back – A Good Age: Episode 6,"Loopline Collection, TV Series, A Good Age Directed by: Sé Merry Doyle Produced by: Bernadine Carraher, Loopline Year: 1997 Duration: 26 mins Language: English The last episode of A Good Age explores the media representation of senior citizens and of the ageing process. Mary Robinson outlines her support for the Senior Citizen’s Parliament and Proinsias De Rossa discusses the enormous contribution senior citizens can make to society. Several others explore the effects of consumerism on senior c...","Public film-page metadata exposed by the IFI Archive Player. The permalink represents a public viewing/metadata surface; MAR does not download or redistribute the audiovisual media and does not infer a licence to reproduce it. Category: Loopline Collection, TV Series, A Good Age Directed by: Sé Merry Doyle Produced by: Bernadine Carraher, Loopline Year: 1997 Duration: 26 mins Language: English The last episode of A Good Age explores the media representation of senior citizens and of the ageing process. Mary Robinson outlines her support for the Senior Citizen’s Parliament and Proinsias De Rossa discusses the enormous contribution senior citizens can make to society. Several others explore the effects of consumerism on senior c...; Directed by: Sé Merry Doyle; Produced by: Bernadine Carraher, Loopline; Duration: 26 mins; Language: English.",1997,Fighting Back – A Good Age: Episode 6,1997-01-01,Patrimônio fílmico irlandês em acesso público,Streaming audiovisual institucional público
IFI Irish Film Archive,ifi-irish-film-archive,Ireland,Europe,IE-IFI-IFA,National film archive,https://ifiarchiveplayer.ie/,True,True,https://ifiarchiveplayer.ie/,IFI Archive Player,https://ifiarchiveplayer.ie/a-good-age-looking/,Looking After Yourself – A Good Age: Episode 3,"Loopline Collection, TV Series, A Good Age Directed by: Sé Merry Doyle Produced by: Bernadine Carraher, Loopline Year: 1997 Duration: 26 mins Language: English Looking After Yourself explores how ageism can create low self-esteem in senior citizens and can compromise the capacity for a full and healthy life. This episode features a range of housing schemes, retirement homes, medical and recreational facilities. Colourful characters with contrasting attitudes and approaches to growing old are al...","Public film-page metadata exposed by the IFI Archive Player. The permalink represents a public viewing/metadata surface; MAR does not download or redistribute the audiovisual media and does not infer a licence to reproduce it. Category: Loopline Collection, TV Series, A Good Age Directed by: Sé Merry Doyle Produced by: Bernadine Carraher, Loopline Year: 1997 Duration: 26 mins Language: English Looking After Yourself explores how ageism can create low self-esteem in senior citizens and can compromise the capacity for a full and healthy life. This episode features a range of housing schemes, retirement homes, medical and recreational facilities. Colourful characters with contrasting attitudes and approaches to growing old are al...; Directed by: Sé Merry Doyle; Produced by: Bernadine Carraher, Loopline; Duration: 26 mins; Language: English.",1997,Looking After Yourself – A Good Age: Episode 3,1997-01-01,Patrimônio fílmico irlandês em acesso público,Streaming audiovisual institucional público
IFI Irish Film Archive,ifi-irish-film-archive,Ireland,Europe,IE-IFI-IFA,National film archive,https://ifiarchiveplayer.ie/,True,True,https://ifiarchiveplayer.ie/,IFI Archive Player,https://ifiarchiveplayer.ie/a-good-age-relationships/,Relationships – A Good Age: Episode 4,"Loopline Collection, TV Series, A Good Age Directed by: Sé Merry Doyle Produced by: Bernadine Carraher, Loopline Year: 1997 Duration: 26 mins Language: English Relationships , episode four in A Good Age, deals with senior citizens who find themselves alone or isolated after the death of a partner. Therapists and counsellors offer bereavement advice, and stress the need for the bereaved to talk and learn to participate in normal life again. Eddie Johnston shares his harrowing yet uplifting story...","Public film-page metadata exposed by the IFI Archive Player. The permalink represents a public viewing/metadata surface; MAR does not download or redistribute the audiovisual media and does not infer a licence to reproduce it. Category: Loopline Collection, TV Series, A Good Age Directed by: Sé Merry Doyle Produced by: Bernadine Carraher, Loopline Year: 1997 Duration: 26 mins Language: English Relationships , episode four in A Good Age, deals with senior citizens who find themselves alone or isolated after the death of a partner. Therapists and counsellors offer bereavement advice, and stress the need for the bereaved to talk and learn to participate in normal life again. Eddie Johnston shares his harrowing yet uplifting story...; Directed by: Sé Merry Doyle; Produced by: Bernadine Carraher, Loopline; Duration: 26 mins; Language: English.",1997,Relationships – A Good Age: Episode 4,1997-01-01,Patrimônio fílmico irlandês em acesso público,Streaming audiovisual institucional público
IFI Irish Film Archive,ifi-irish-film-archive,Ireland,Europe,IE-IFI-IFA,National film archive,https://ifiarchiveplayer.ie/,True,True,https://ifiarchiveplayer.ie/,IFI Archive Player,https://ifiarchiveplayer.ie/a-good-age-renewal/,Renewal – A Good Age: Episode 5,"Loopline Collection, TV Series, A Good Age Directed by: Sé Merry Doyle Produced by: Bernadine Carraher, Loopline Year: 1997 Duration: 26 mins Language: English Renewal pays homage to people who have overcome ageism, confounded stereotypes and pursued new adventures in later years. Robert Greacen tells us how poetry and the creative arts greatly help him manage the aging process. Mamo McDonald recalls her experience of raising nine children, being widowed at forty; expanding her father-in-law’s...","Public film-page metadata exposed by the IFI Archive Player. The permalink represents a public viewing/metadata surface; MAR does not download or redistribute the audiovisual media and does not infer a licence to reproduce it. Category: Loopline Collection, TV Series, A Good Age Directed by: Sé Merry Doyle Produced by: Bernadine Carraher, Loopline Year: 1997 Duration: 26 mins Language: English Renewal pays homage to people who have overcome ageism, confounded stereotypes and pursued new adventures in later years. Robert Greacen tells us how poetry and the creative arts greatly help him manage the aging process. Mamo McDonald recalls her experience of raising nine children, being widowed at forty; expanding her father-in-law’s...; Directed by: Sé Merry Doyle; Produced by: Bernadine Carraher, Loopline; Duration: 26 mins; Language: English.",1997,Renewal – A Good Age: Episode 5,1997-01-01,Patrimônio fílmico irlandês em acesso público,Streaming audiovisual institucional público
IFI Irish Film Archive,ifi-irish-film-archive,Ireland,Europe,IE-IFI-IFA,National film archive,https://ifiarchiveplayer.ie/,True,True,https://ifiarchiveplayer.ie/,IFI Archive Player,https://ifiarchiveplayer.ie/a-good-age-long-weekend/,The Long Weekend – A Good Age: Episode 2,"Loopline Collection, TV Series, A Good Age Directed by: Sé Merry Doyle Produced by: Bernadine Carraher, Loopline Year: 1997 Duration: 26 mins Language: English The Long Weekend explores the emotions faced by people approaching retirement, and couples who find themselves spending more time together than they may wish. Seamus expresses frustration regarding the injustice of mandatory retirement and the definition of ‘old age pensioner’ while Patricia talks about the new book of children’s stories...","Public film-page metadata exposed by the IFI Archive Player. The permalink represents a public viewing/metadata surface; MAR does not download or redistribute the audiovisual media and does not infer a licence to reproduce it. Category: Loopline Collection, TV Series, A Good Age Directed by: Sé Merry Doyle Produced by: Bernadine Carraher, Loopline Year: 1997 Duration: 26 mins Language: English The Long Weekend explores the emotions faced by people approaching retirement, and couples who find themselves spending more time together than they may wish. Seamus expresses frustration regarding the injustice of mandatory retirement and the definition of ‘old age pensioner’ while Patricia talks about the new book of children’s stories...; Directed by: Sé Merry Doyle; Produced by: Bernadine Carraher, Loopline; Duration: 26 mins; Language: English.",1997,The Long Weekend – A Good Age: Episode 2,1997-01-01,Patrimônio fílmico irlandês em acesso público,Streaming audiovisual institucional público
IFI Irish Film Archive,ifi-irish-film-archive,Ireland,Europe,IE-IFI-IFA,National film archive,https://ifiarchiveplayer.ie/,True,True,https://ifiarchiveplayer.ie/,IFI Archive Player,https://ifiarchiveplayer.ie/a-hard-days-knight/,A Hard Day’s Knight,"Drama Directed by: Flora Kerrigan Produced by: Florafilm Productions Year: 1965 Duration: 6 mins 28 secs Language: Silent with musical accompaniment ‘A supercilious chess-player becomes obsessed with his white pawn as he sees her getting closer to becoming a queen. In his efforts to catch her, he enters into the game himself, with disastrous results.’ (Flora Kerrigan) In this playful exploration of hierarchy and power as manifested in the game of chess, Kerrigan experiments with film technique...","Public film-page metadata exposed by the IFI Archive Player. The permalink represents a public viewing/metadata surface; MAR does not download or redistribute the audiovisual media and does not infer a licence to reproduce it. Category: Drama Directed by: Flora Kerrigan Produced by: Florafilm Productions Year: 1965 Duration: 6 mins 28 secs Language: Silent with musical accompaniment ‘A supercilious chess-player becomes obsessed with his white pawn as he sees her getting closer to becoming a queen. In his efforts to catch her, he enters into the game himself, with disastrous results.’ (Flora Kerrigan) In this playful exploration of hierarchy and power as manifested in the game of chess, Kerrigan experiments with film technique...; Directed by: Flora Kerrigan; Produced by: Florafilm Productions; Duration: 6 mins 28 secs; Language: Silent with musical accompaniment.",1965,A Hard Day’s Knight,1965-01-01,Patrimônio fílmico irlandês em acesso público,Streaming audiovisual institucional público
IFI Irish Film Archive,ifi-irish-film-archive,Ireland,Europe,IE-IFI-IFA,National film archive,https://ifiarchiveplayer.ie/,True,True,https://ifiarchiveplayer.ie/,IFI Archive Player,https://ifiarchiveplayer.ie/200-escape-death-belfast-dublin-rail-crash/,200 Escape Death: Belfast-Dublin Rail Crash / Tháinig 200 slán: Taisme ar Iarnród Bhéal Feirste-Bhaile Átha Cliath,"Irish Language, History, Newsreels Directed by: Gael Linn Produced by: Gael Linn Year: 1963 Duration: 1 min Language: Irish with English subtitles Amharc Éireann – Eagrán 188 Luckily, no passengers are seriously injured when a Belfast–Dublin train derails. Ar ámharaí an tsaoil, níor gortaíodh aon phaisinéirí go dona nuair a chuaigh traein idir Béal Feirste agus Baile Átha Cliath den iarnród. Produced by Gael Linn, Amharc Éireann (A View of Ireland) is Ireland’s first long-running indigenous new...","Public film-page metadata exposed by the IFI Archive Player. The permalink represents a public viewing/metadata surface; MAR does not download or redistribute the audiovisual media and does not infer a licence to reproduce it. Category: Irish Language, History, Newsreels Directed by: Gael Linn Produced by: Gael Linn Year: 1963 Duration: 1 min Language: Irish with English subtitles Amharc Éireann – Eagrán 188 Luckily, no passengers are seriously injured when a Belfast–Dublin train derails. Ar ámharaí an tsaoil, níor gortaíodh aon phaisinéirí go dona nuair a chuaigh traein idir Béal Feirste agus Baile Átha Cliath den iarnród. Produced by Gael Linn, Amharc Éireann (A View of Ireland) is Ireland’s first long-running indigenous new...; Directed by: Gael Linn; Produced by: Gael Linn; Duration: 1 min; Language: Irish with English subtitles.",1963,200 Escape Death: Belfast-Dublin Rail Crash / Tháinig 200 slán: Taisme ar Iarnród Bhéal Feirste-Bhaile Átha Cliath,1963-01-01,Patrimônio fílmico irlandês em acesso público,Streaming audiovisual institucional público
IFI Irish Film Archive,ifi-irish-film-archive,Ireland,Europe,IE-IFI-IFA,National film archive,https://ifiarchiveplayer.ie/,True,True,https://ifiarchiveplayer.ie/,IFI Archive Player,https://ifiarchiveplayer.ie/30000-farmers-in-limerick-price-protest-march/,"30,000 Farmers in Limerick Price Protest March / 30,000 Feirmeoir i Luimneach páirteach in Agóid faoi Phraghasanna","Irish Language, History, Newsreels Directed by: Gael Linn Produced by: Gael Linn Year: 1963 Duration: 1 min 35 sec Language: Irish with English subtitles Amharc Éireann – Eagrán 230 In Limerick, 30,000 farmers protest against rising costs. I Luimneach, tá 30,000 feirmeoir i mbun agóide i gcoinne costas agus iad ag ardú. Produced by Gael Linn, Amharc Éireann (A View of Ireland) is Ireland’s first long-running indigenous newsreel series. It was distributed to cinemas throughout the country to pro...","Public film-page metadata exposed by the IFI Archive Player. The permalink represents a public viewing/metadata surface; MAR does not download or redistribute the audiovisual media and does not infer a licence to reproduce it. Category: Irish Language, History, Newsreels Directed by: Gael Linn Produced by: Gael Linn Year: 1963 Duration: 1 min 35 sec Language: Irish with English subtitles Amharc Éireann – Eagrán 230 In Limerick, 30,000 farmers protest against rising costs. I Luimneach, tá 30,000 feirmeoir i mbun agóide i gcoinne costas agus iad ag ardú. Produced by Gael Linn, Amharc Éireann (A View of Ireland) is Ireland’s first long-running indigenous newsreel series. It was distributed to cinemas throughout the country to pro...; Directed by: Gael Linn; Produced by: Gael Linn; Duration: 1 min 35 sec; Language: Irish with English subtitles.",1963,"30,000 Farmers in Limerick Price Protest March / 30,000 Feirmeoir i Luimneach páirteach in Agóid faoi Phraghasanna",1963-01-01,Patrimônio fílmico irlandês em acesso público,Streaming audiovisual institucional público
IFI Irish Film Archive,ifi-irish-film-archive,Ireland,Europe,IE-IFI-IFA,National film archive,https://ifiarchiveplayer.ie/,True,True,https://ifiarchiveplayer.ie/,IFI Archive Player,https://ifiarchiveplayer.ie/a-city-solitary/,A City Solitary,"Documentary, Short Film, The Terence McDonald Collection Directed by: Terence McDonald Produced by: Terence McDonald and John Hume Year: 1963 Duration: 22 mins Language: English Opening with a quote from Lamentations ‘How doth the city sit solitary that was full of people’ and the melody of Londonderry Air (more recognisable to many as the tune of Danny Boy ), this expository documentary is an early collaboration between Terence McDonald and John Hume, based on Hume’s research towards his 1964...","Public film-page metadata exposed by the IFI Archive Player. The permalink represents a public viewing/metadata surface; MAR does not download or redistribute the audiovisual media and does not infer a licence to reproduce it. Category: Documentary, Short Film, The Terence McDonald Collection Directed by: Terence McDonald Produced by: Terence McDonald and John Hume Year: 1963 Duration: 22 mins Language: English Opening with a quote from Lamentations ‘How doth the city sit solitary that was full of people’ and the melody of Londonderry Air (more recognisable to many as the tune of Danny Boy ), this expository documentary is an early collaboration between Terence McDonald and John Hume, based on Hume’s research towards his 1964...; Directed by: Terence McDonald; Produced by: Terence McDonald and John Hume; Duration: 22 mins; Language: English.",1963,A City Solitary,1963-01-01,Patrimônio fílmico irlandês em acesso público,Streaming audiovisual institucional público
IFI Irish Film Archive,ifi-irish-film-archive,Ireland,Europe,IE-IFI-IFA,National film archive,https://ifiarchiveplayer.ie/,True,True,https://ifiarchiveplayer.ie/,IFI Archive Player,https://ifiarchiveplayer.ie/abbeyfeale-most-irish-town-with-de-valera-and-sean-o-riada/,"Abbeyfeale Most Irish Town, with De Valera and Seán Ó Riada / Mainistir na Féile, an Baile is Éireannaí, le De Valera agus Seán Ó Riada","Irish Language, History, Newsreels Directed by: Gael Linn Produced by: Gael Linn Year: 1963 Duration: 1 min 32 sec Language: Irish with English subtitles Amharc Éireann – Eagrán 197 Abbeyfeale wins a major award, including a trophy and £200, for having the highest number of Irish speakers in the constituency. Gradam mór buaite ag Mainistir na Féile, lena n-áirítear corn agus £200, as an líon is mó cainteoirí Gaeilge sa toghcheantar. Produced by Gael Linn, Amharc Éireann (A View of Ireland) is I...","Public film-page metadata exposed by the IFI Archive Player. The permalink represents a public viewing/metadata surface; MAR does not download or redistribute the audiovisual media and does not infer a licence to reproduce it. Category: Irish Language, History, Newsreels Directed by: Gael Linn Produced by: Gael Linn Year: 1963 Duration: 1 min 32 sec Language: Irish with English subtitles Amharc Éireann – Eagrán 197 Abbeyfeale wins a major award, including a trophy and £200, for having the highest number of Irish speakers in the constituency. Gradam mór buaite ag Mainistir na Féile, lena n-áirítear corn agus £200, as an líon is mó cainteoirí Gaeilge sa toghcheantar. Produced by Gael Linn, Amharc Éireann (A View of Ireland) is I...; Directed by: Gael Linn; Produced by: Gael Linn; Duration: 1 min 32 sec; Language: Irish with English subtitles.",1963,"Abbeyfeale Most Irish Town, with De Valera and Seán Ó Riada / Mainistir na Féile, an Baile is Éireannaí, le De Valera agus Seán Ó Riada",1963-01-01,Patrimônio fílmico irlandês em acesso público,Streaming audiovisual institucional público
IFI Irish Film Archive,ifi-irish-film-archive,Ireland,Europe,IE-IFI-IFA,National film archive,https://ifiarchiveplayer.ie/,True,True,https://ifiarchiveplayer.ie/,IFI Archive Player,https://ifiarchiveplayer.ie/a-wet-christmas-in-howth/,A Wet Christmas in Howth / Nollaig Fhliuch i mBinn Éadair,"Irish Language, History, Newsreels Directed by: Gael Linn Produced by: Gael Linn Year: 1961 Duration: 55 sec Language: Irish with English Subtitles Amharc Éireann – Eagrán 83 Mr and Mrs Carr brave the cold waters at Balscadden Bay as onlookers cheer them on, in awe of this chilly Christmas tradition. Thug an tUasal Carr agus a bhean chéile aghaidh ar uisce fuar Bhá Bhaile Scadán agus lucht féachana á spreagadh, agus iad faoi gheasa ag an traidisiún fuar seo um Nollaig. Produced by Gael Linn, Am...","Public film-page metadata exposed by the IFI Archive Player. The permalink represents a public viewing/metadata surface; MAR does not download or redistribute the audiovisual media and does not infer a licence to reproduce it. Category: Irish Language, History, Newsreels Directed by: Gael Linn Produced by: Gael Linn Year: 1961 Duration: 55 sec Language: Irish with English Subtitles Amharc Éireann – Eagrán 83 Mr and Mrs Carr brave the cold waters at Balscadden Bay as onlookers cheer them on, in awe of this chilly Christmas tradition. Thug an tUasal Carr agus a bhean chéile aghaidh ar uisce fuar Bhá Bhaile Scadán agus lucht féachana á spreagadh, agus iad faoi gheasa ag an traidisiún fuar seo um Nollaig. Produced by Gael Linn, Am...; Directed by: Gael Linn; Produced by: Gael Linn; Duration: 55 sec; Language: Irish with English Subtitles.",1961,A Wet Christmas in Howth / Nollaig Fhliuch i mBinn Éadair,1961-01-01,Patrimônio fílmico irlandês em acesso público,Streaming audiovisual institucional público
IFI Irish Film Archive,ifi-irish-film-archive,Ireland,Europe,IE-IFI-IFA,National film archive,https://ifiarchiveplayer.ie/,True,True,https://ifiarchiveplayer.ie/,IFI Archive Player,https://ifiarchiveplayer.ie/2nd-ulster-cross-country-classic/,2nd Ulster Cross-Country Classic / An 2ú Clasaiceach Tras Tíre Uladh,"Irish Language, History, Newsreels Directed by: Gael Linn Produced by: Gael Linn Year: 1960 Duration: 58 sec Language: Irish with English subtitles Amharc Éireann – Eagrán 33 The National Athletic and Cycling Association of Ireland hold their Ulster Cross-Country competition near Armagh. D’eagraigh Cumann Lúthchleas Gael agus Cumann Rothaíochta na hÉireann a gcomórtas Trastíre Uladh gar d’Ard Mhacha. Produced by Gael Linn, Amharc Éireann (A View of Ireland) is Ireland’s first long-running indig...","Public film-page metadata exposed by the IFI Archive Player. The permalink represents a public viewing/metadata surface; MAR does not download or redistribute the audiovisual media and does not infer a licence to reproduce it. Category: Irish Language, History, Newsreels Directed by: Gael Linn Produced by: Gael Linn Year: 1960 Duration: 58 sec Language: Irish with English subtitles Amharc Éireann – Eagrán 33 The National Athletic and Cycling Association of Ireland hold their Ulster Cross-Country competition near Armagh. D’eagraigh Cumann Lúthchleas Gael agus Cumann Rothaíochta na hÉireann a gcomórtas Trastíre Uladh gar d’Ard Mhacha. Produced by Gael Linn, Amharc Éireann (A View of Ireland) is Ireland’s first long-running indig...; Directed by: Gael Linn; Produced by: Gael Linn; Duration: 58 sec; Language: Irish with English subtitles.",1960,2nd Ulster Cross-Country Classic / An 2ú Clasaiceach Tras Tíre Uladh,1960-01-01,Patrimônio fílmico irlandês em acesso público,Streaming audiovisual institucional público
IFI Irish Film Archive,ifi-irish-film-archive,Ireland,Europe,IE-IFI-IFA,National film archive,https://ifiarchiveplayer.ie/,True,True,https://ifiarchiveplayer.ie/,IFI Archive Player,https://ifiarchiveplayer.ie/a-million-people-kneel-in-worship/,A Million People Kneel in Worship,"The Irish Independence Film Collection - The Early Irish Free State Directed by: British Pathé Produced by: British Pathé Year: 1932 Duration: 2 mins 17 sec Language: Silent with English intertitles The Eucharistic Congress, one of the largest public events to ever take place in Ireland, occurred between the 22 nd and 26 th of June 1932. As part of the 31 st Congress clergy and lay people from all over the world came to celebrate the ‘Holy Eucharist’ in Dublin. The vast scale of the final Congr...","Public film-page metadata exposed by the IFI Archive Player. The permalink represents a public viewing/metadata surface; MAR does not download or redistribute the audiovisual media and does not infer a licence to reproduce it. Category: The Irish Independence Film Collection - The Early Irish Free State Directed by: British Pathé Produced by: British Pathé Year: 1932 Duration: 2 mins 17 sec Language: Silent with English intertitles The Eucharistic Congress, one of the largest public events to ever take place in Ireland, occurred between the 22 nd and 26 th of June 1932. As part of the 31 st Congress clergy and lay people from all over the world came to celebrate the ‘Holy Eucharist’ in Dublin. The vast scale of the final Congr...; Directed by: British Pathé; Produced by: British Pathé; Duration: 2 mins 17 sec; Language: Silent with English intertitles.",1932,A Million People Kneel in Worship,1932-01-01,Patrimônio fílmico irlandês em acesso público,Streaming audiovisual institucional público
IFI Irish Film Archive,ifi-irish-film-archive,Ireland,Europe,IE-IFI-IFA,National film archive,https://ifiarchiveplayer.ie/,True,True,https://ifiarchiveplayer.ie/,IFI Archive Player,https://ifiarchiveplayer.ie/a-bygone-craft/,A Bygone Craft,"The Irish Independence Film Collection - The Early Irish Free State Directed by: British Pathé Produced by: British Pathé Year: 1931 Duration: 2 mins Language: Silent with English intertitles This 1931 newsreel depicts Irish men making a coracle, a hide-covered boat used for salmon fishing. The boat-making process is demonstrated to camera, from creating a base with twigs, to weaving the structure and covering it in animal hide for waterproofing. Men then push the coracle out onto the River Boy...","Public film-page metadata exposed by the IFI Archive Player. The permalink represents a public viewing/metadata surface; MAR does not download or redistribute the audiovisual media and does not infer a licence to reproduce it. Category: The Irish Independence Film Collection - The Early Irish Free State Directed by: British Pathé Produced by: British Pathé Year: 1931 Duration: 2 mins Language: Silent with English intertitles This 1931 newsreel depicts Irish men making a coracle, a hide-covered boat used for salmon fishing. The boat-making process is demonstrated to camera, from creating a base with twigs, to weaving the structure and covering it in animal hide for waterproofing. Men then push the coracle out onto the River Boy...; Directed by: British Pathé; Produced by: British Pathé; Duration: 2 mins; Language: Silent with English intertitles.",1931,A Bygone Craft,1931-01-01,Patrimônio fílmico irlandês em acesso público,Streaming audiovisual institucional público
IFI Irish Film Archive,ifi-irish-film-archive,Ireland,Europe,IE-IFI-IFA,National film archive,https://ifiarchiveplayer.ie/,True,True,https://ifiarchiveplayer.ie/,IFI Archive Player,https://ifiarchiveplayer.ie/300000-at-demonstration/,"300,000 at Demonstration","The Irish Independence Film Collection Directed by: British Pathé Produced by: British Pathé Year: 1924 Duration: 51 sec Language: Silent with English Intertitles 300,000 people attend a demonstration at a Ulster Loyalist meeting in Omagh. A man is seen giving a speech on a podium to a large crowd, some carrying Union flags and others with signs with place names, such as Ballycawley and Clocher. The term ‘loyalist’ was first used in Irish politics in the 1790s to refer to Protestants who oppose...","Public film-page metadata exposed by the IFI Archive Player. The permalink represents a public viewing/metadata surface; MAR does not download or redistribute the audiovisual media and does not infer a licence to reproduce it. Category: The Irish Independence Film Collection Directed by: British Pathé Produced by: British Pathé Year: 1924 Duration: 51 sec Language: Silent with English Intertitles 300,000 people attend a demonstration at a Ulster Loyalist meeting in Omagh. A man is seen giving a speech on a podium to a large crowd, some carrying Union flags and others with signs with place names, such as Ballycawley and Clocher. The term ‘loyalist’ was first used in Irish politics in the 1790s to refer to Protestants who oppose...; Directed by: British Pathé; Produced by: British Pathé; Duration: 51 sec; Language: Silent with English Intertitles.",1924,"300,000 at Demonstration",1924-01-01,Patrimônio fílmico irlandês em acesso público,Streaming audiovisual institucional público
IFI Irish Film Archive,ifi-irish-film-archive,Ireland,Europe,IE-IFI-IFA,National film archive,https://ifiarchiveplayer.ie/,True,True,https://ifiarchiveplayer.ie/,IFI Archive Player,https://ifiarchiveplayer.ie/a-day-of-drama/,A Day of Drama,"The Irish Independence Film Collection Directed by: British Pathé Produced by: British Pathé Year: 1922 Duration: 1 min 59 sec Language: SIlent with English Intertitles This newsreel shows a crowd of people outside Mountjoy Prison in December 1922 in support of, and praying for the hunger striking prisoners. Lord Mayor of Dublin Laurence O’Neill and Maud Gonne McBride stand outside the Mountjoy Prison gates. Between the years of 1913 – 1922 more than 1000 hunger strikes occurred in both England...","Public film-page metadata exposed by the IFI Archive Player. The permalink represents a public viewing/metadata surface; MAR does not download or redistribute the audiovisual media and does not infer a licence to reproduce it. Category: The Irish Independence Film Collection Directed by: British Pathé Produced by: British Pathé Year: 1922 Duration: 1 min 59 sec Language: SIlent with English Intertitles This newsreel shows a crowd of people outside Mountjoy Prison in December 1922 in support of, and praying for the hunger striking prisoners. Lord Mayor of Dublin Laurence O’Neill and Maud Gonne McBride stand outside the Mountjoy Prison gates. Between the years of 1913 – 1922 more than 1000 hunger strikes occurred in both England...; Directed by: British Pathé; Produced by: British Pathé; Duration: 1 min 59 sec; Language: SIlent with English Intertitles.",1922,A Day of Drama,1922-01-01,Patrimônio fílmico irlandês em acesso público,Streaming audiovisual institucional público
IFI Irish Film Archive,ifi-irish-film-archive,Ireland,Europe,IE-IFI-IFA,National film archive,https://ifiarchiveplayer.ie/,True,True,https://ifiarchiveplayer.ie/,IFI Archive Player,https://ifiarchiveplayer.ie/aer-lingus-earth-couple/,aer lingus earth couple,IFI Archive Player film record,Public film-page metadata exposed by the IFI Archive Player. The permalink represents a public viewing/metadata surface; MAR does not download or redistribute the audiovisual media and does not infer a licence to reproduce it.,,aer lingus earth couple,,Patrimônio fílmico irlandês em acesso público,Streaming audiovisual institucional público
IFI Irish Film Archive,ifi-irish-film-archive,Ireland,Europe,IE-IFI-IFA,National film archive,https://ifiarchiveplayer.ie/,True,True,https://ifiarchiveplayer.ie/,IFI Archive Player,https://ifiarchiveplayer.ie/aer-lingus-flying/,aer lingus flying,IFI Archive Player film record,Public film-page metadata exposed by the IFI Archive Player. The permalink represents a public viewing/metadata surface; MAR does not download or redistribute the audiovisual media and does not infer a licence to reproduce it.,,aer lingus flying,,Patrimônio fílmico irlandês em acesso público,Streaming audiovisual institucional público
IFI Irish Film Archive,ifi-irish-film-archive,Ireland,Europe,IE-IFI-IFA,National film archive,https://ifiarchiveplayer.ie/,True,True,https://ifiarchiveplayer.ie/,IFI Archive Player,https://ifiarchiveplayer.ie/aer-lingus-people-you-know/,aer lingus people you know,IFI Archive Player film record,Public film-page metadata exposed by the IFI Archive Player. The permalink represents a public viewing/metadata surface; MAR does not download or redistribute the audiovisual media and does not infer a licence to reproduce it.,,aer lingus people you know,,Patrimônio fílmico irlandês em acesso público,Streaming audiovisual institucional público
IFI Irish Film Archive,ifi-irish-film-archive,Ireland,Europe,IE-IFI-IFA,National film archive,https://ifiarchiveplayer.ie/,True,True,https://ifiarchiveplayer.ie/,IFI Archive Player,https://ifiarchiveplayer.ie/aer-lingus-travel-bargain/,aer lingus travel bargain,IFI Archive Player film record,Public film-page metadata exposed by the IFI Archive Player. The permalink represents a public viewing/metadata surface; MAR does not download or redistribute the audiovisual media and does not infer a licence to reproduce it.,,aer lingus travel bargain,,Patrimônio fílmico irlandês em acesso público,Streaming audiovisual institucional público
IFI Irish Film Archive,ifi-irish-film-archive,Ireland,Europe,IE-IFI-IFA,National film archive,https://ifiarchiveplayer.ie/,True,True,https://ifiarchiveplayer.ie/,IFI Archive Player,https://ifiarchiveplayer.ie/ages-of-man/,ages of man,IFI Archive Player film record,Public film-page metadata exposed by the IFI Archive Player. The permalink represents a public viewing/metadata surface; MAR does not download or redistribute the audiovisual media and does not infer a licence to reproduce it.,,ages of man,,Patrimônio fílmico irlandês em acesso público,Streaming audiovisual institucional público
IFI Irish Film Archive,ifi-irish-film-archive,Ireland,Europe,IE-IFI-IFA,National film archive,https://ifiarchiveplayer.ie/,True,True,https://ifiarchiveplayer.ie/,IFI Archive Player,https://ifiarchiveplayer.ie/agricultural-research-centre-opened/,agricultural research centre opened,IFI Archive Player film record,Public film-page metadata exposed by the IFI Archive Player. The permalink represents a public viewing/metadata surface; MAR does not download or redistribute the audiovisual media and does not infer a licence to reproduce it.,,agricultural research centre opened,,Patrimônio fílmico irlandês em acesso público,Streaming audiovisual institucional público
IFI Irish Film Archive,ifi-irish-film-archive,Ireland,Europe,IE-IFI-IFA,National film archive,https://ifiarchiveplayer.ie/,True,True,https://ifiarchiveplayer.ie/,IFI Archive Player,https://ifiarchiveplayer.ie/aib-students/,aib students,IFI Archive Player film record,Public film-page metadata exposed by the IFI Archive Player. The permalink represents a public viewing/metadata surface; MAR does not download or redistribute the audiovisual media and does not infer a licence to reproduce it.,,aib students,,Patrimônio fílmico irlandês em acesso público,Streaming audiovisual institucional público
IFI Irish Film Archive,ifi-irish-film-archive,Ireland,Europe,IE-IFI-IFA,National film archive,https://ifiarchiveplayer.ie/,True,True,https://ifiarchiveplayer.ie/,IFI Archive Player,https://ifiarchiveplayer.ie/albert-hall/,albert hall,IFI Archive Player film record,Public film-page metadata exposed by the IFI Archive Player. The permalink represents a public viewing/metadata surface; MAR does not download or redistribute the audiovisual media and does not infer a licence to reproduce it.,,albert hall,,Patrimônio fílmico irlandês em acesso público,Streaming audiovisual institucional público
IFI Irish Film Archive,ifi-irish-film-archive,Ireland,Europe,IE-IFI-IFA,National film archive,https://ifiarchiveplayer.ie/,True,True,https://ifiarchiveplayer.ie/,IFI Archive Player,https://ifiarchiveplayer.ie/alive-alive-o-a-ballad/,alive alive o a ballad,IFI Archive Player film record,Public film-page metadata exposed by the IFI Archive Player. The permalink represents a public viewing/metadata surface; MAR does not download or redistribute the audiovisual media and does not infer a licence to reproduce it.,,alive alive o a ballad,,Patrimônio fílmico irlandês em acesso público,Streaming audiovisual institucional público
IFI Irish Film Archive,ifi-irish-film-archive,Ireland,Europe,IE-IFI-IFA,National film archive,https://ifiarchiveplayer.ie/,True,True,https://ifiarchiveplayer.ie/,IFI Archive Player,https://ifiarchiveplayer.ie/alive-alive-o-people/,alive alive o people,IFI Archive Player film record,Public film-page metadata exposed by the IFI Archive Player. The permalink represents a public viewing/metadata surface; MAR does not download or redistribute the audiovisual media and does not infer a licence to reproduce it.,,alive alive o people,,Patrimônio fílmico irlandês em acesso público,Streaming audiovisual institucional público
IFI Irish Film Archive,ifi-irish-film-archive,Ireland,Europe,IE-IFI-IFA,National film archive,https://ifiarchiveplayer.ie/,True,True,https://ifiarchiveplayer.ie/,IFI Archive Player,https://ifiarchiveplayer.ie/alive-alive-o-tony-gregory/,alive alive o tony gregory,IFI Archive Player film record,Public film-page metadata exposed by the IFI Archive Player. The permalink represents a public viewing/metadata surface; MAR does not download or redistribute the audiovisual media and does not infer a licence to reproduce it.,,alive alive o tony gregory,,Patrimônio fílmico irlandês em acesso público,Streaming audiovisual institucional público
IFI Irish Film Archive,ifi-irish-film-archive,Ireland,Europe,IE-IFI-IFA,National film archive,https://ifiarchiveplayer.ie/,True,True,https://ifiarchiveplayer.ie/,IFI Archive Player,https://ifiarchiveplayer.ie/all-army-cross-country-championships/,all army cross country championships,IFI Archive Player film record,Public film-page metadata exposed by the IFI Archive Player. The permalink represents a public viewing/metadata surface; MAR does not download or redistribute the audiovisual media and does not infer a licence to reproduce it.,,all army cross country championships,,Patrimônio fílmico irlandês em acesso público,Streaming audiovisual institucional público
IFI Irish Film Archive,ifi-irish-film-archive,Ireland,Europe,IE-IFI-IFA,National film archive,https://ifiarchiveplayer.ie/,True,True,https://ifiarchiveplayer.ie/,IFI Archive Player,https://ifiarchiveplayer.ie/all-army-physical-training-championship/,all army physical training championship,IFI Archive Player film record,Public film-page metadata exposed by the IFI Archive Player. The permalink represents a public viewing/metadata surface; MAR does not download or redistribute the audiovisual media and does not infer a licence to reproduce it.,,all army physical training championship,,Patrimônio fílmico irlandês em acesso público,Streaming audiovisual institucional público
IFI Irish Film Archive,ifi-irish-film-archive,Ireland,Europe,IE-IFI-IFA,National film archive,https://ifiarchiveplayer.ie/,True,True,https://ifiarchiveplayer.ie/,IFI Archive Player,https://ifiarchiveplayer.ie/all-ireland-camogie-final-dublin-outplay-mayo/,all ireland camogie final dublin outplay mayo,IFI Archive Player film record,Public film-page metadata exposed by the IFI Archive Player. The permalink represents a public viewing/metadata surface; MAR does not download or redistribute the audiovisual media and does not infer a licence to reproduce it.,,all ireland camogie final dublin outplay mayo,,Patrimônio fílmico irlandês em acesso público,Streaming audiovisual institucional público
IFI Irish Film Archive,ifi-irish-film-archive,Ireland,Europe,IE-IFI-IFA,National film archive,https://ifiarchiveplayer.ie/,True,True,https://ifiarchiveplayer.ie/,IFI Archive Player,https://ifiarchiveplayer.ie/all-ireland-cross-country-junior-championship-wicklow/,all ireland cross country junior championship wicklow,IFI Archive Player film record,Public film-page metadata exposed by the IFI Archive Player. The permalink represents a public viewing/metadata surface; MAR does not download or redistribute the audiovisual media and does not infer a licence to reproduce it.,,all ireland cross country junior championship wicklow,,Patrimônio fílmico irlandês em acesso público,Streaming audiovisual institucional público
IFI Irish Film Archive,ifi-irish-film-archive,Ireland,Europe,IE-IFI-IFA,National film archive,https://ifiarchiveplayer.ie/,True,True,https://ifiarchiveplayer.ie/,IFI Archive Player,https://ifiarchiveplayer.ie/all-ireland-gaa-semi-final-down-beats-kerry/,all ireland gaa semi final down beats kerry,IFI Archive Player film record,Public film-page metadata exposed by the IFI Archive Player. The permalink represents a public viewing/metadata surface; MAR does not download or redistribute the audiovisual media and does not infer a licence to reproduce it.,,all ireland gaa semi final down beats kerry,,Patrimônio fílmico irlandês em acesso público,Streaming audiovisual institucional público
IFI Irish Film Archive,ifi-irish-film-archive,Ireland,Europe,IE-IFI-IFA,National film archive,https://ifiarchiveplayer.ie/,True,True,https://ifiarchiveplayer.ie/,IFI Archive Player,https://ifiarchiveplayer.ie/all-ireland-strike/,all ireland strike,IFI Archive Player film record,Public film-page metadata exposed by the IFI Archive Player. The permalink represents a public viewing/metadata surface; MAR does not download or redistribute the audiovisual media and does not infer a licence to reproduce it.,,all ireland strike,,Patrimônio fílmico irlandês em acesso público,Streaming audiovisual institucional público
IFI Irish Film Archive,ifi-irish-film-archive,Ireland,Europe,IE-IFI-IFA,National film archive,https://ifiarchiveplayer.ie/,True,True,https://ifiarchiveplayer.ie/,IFI Archive Player,https://ifiarchiveplayer.ie/alls-fair-in/,alls fair in,IFI Archive Player film record,Public film-page metadata exposed by the IFI Archive Player. The permalink represents a public viewing/metadata surface; MAR does not download or redistribute the audiovisual media and does not infer a licence to reproduce it.,,alls fair in,,Patrimônio fílmico irlandês em acesso público,Streaming audiovisual institucional público
IFI Irish Film Archive,ifi-irish-film-archive,Ireland,Europe,IE-IFI-IFA,National film archive,https://ifiarchiveplayer.ie/,True,True,https://ifiarchiveplayer.ie/,IFI Archive Player,https://ifiarchiveplayer.ie/along-the-line/,along the line,IFI Archive Player film record,Public film-page metadata exposed by the IFI Archive Player. The permalink represents a public viewing/metadata surface; MAR does not download or redistribute the audiovisual media and does not infer a licence to reproduce it.,,along the line,,Patrimônio fílmico irlandês em acesso público,Streaming audiovisual institucional público
IFI Irish Film Archive,ifi-irish-film-archive,Ireland,Europe,IE-IFI-IFA,National film archive,https://ifiarchiveplayer.ie/,True,True,https://ifiarchiveplayer.ie/,IFI Archive Player,https://ifiarchiveplayer.ie/along-the-milky-way/,along the milky way,IFI Archive Player film record,Public film-page metadata exposed by the IFI Archive Player. The permalink represents a public viewing/metadata surface; MAR does not download or redistribute the audiovisual media and does not infer a licence to reproduce it.,,along the milky way,,Patrimônio fílmico irlandês em acesso público,Streaming audiovisual institucional público
IFI Irish Film Archive,ifi-irish-film-archive,Ireland,Europe,IE-IFI-IFA,National film archive,https://ifiarchiveplayer.ie/,True,True,https://ifiarchiveplayer.ie/,IFI Archive Player,https://ifiarchiveplayer.ie/amateur-ballroom-challenge-trophy/,amateur ballroom challenge trophy,IFI Archive Player film record,Public film-page metadata exposed by the IFI Archive Player. The permalink represents a public viewing/metadata surface; MAR does not download or redistribute the audiovisual media and does not infer a licence to reproduce it.,,amateur ballroom challenge trophy,,Patrimônio fílmico irlandês em acesso público,Streaming audiovisual institucional público
IFI Irish Film Archive,ifi-irish-film-archive,Ireland,Europe,IE-IFI-IFA,National film archive,https://ifiarchiveplayer.ie/,True,True,https://ifiarchiveplayer.ie/,IFI Archive Player,https://ifiarchiveplayer.ie/american-mission-to-ireland/,american mission to ireland,IFI Archive Player film record,Public film-page metadata exposed by the IFI Archive Player. The permalink represents a public viewing/metadata surface; MAR does not download or redistribute the audiovisual media and does not infer a licence to reproduce it.,,american mission to ireland,,Patrimônio fílmico irlandês em acesso público,Streaming audiovisual institucional público
IFI Irish Film Archive,ifi-irish-film-archive,Ireland,Europe,IE-IFI-IFA,National film archive,https://ifiarchiveplayer.ie/,True,True,https://ifiarchiveplayer.ie/,IFI Archive Player,https://ifiarchiveplayer.ie/an-introd/,an introd,IFI Archive Player film record,Public film-page metadata exposed by the IFI Archive Player. The permalink represents a public viewing/metadata surface; MAR does not download or redistribute the audiovisual media and does not infer a licence to reproduce it.,,an introd,,Patrimônio fílmico irlandês em acesso público,Streaming audiovisual institucional público
IFI Irish Film Archive,ifi-irish-film-archive,Ireland,Europe,IE-IFI-IFA,National film archive,https://ifiarchiveplayer.ie/,True,True,https://ifiarchiveplayer.ie/,IFI Archive Player,https://ifiarchiveplayer.ie/an-irish-solution-in-view/,an irish solution in view,IFI Archive Player film record,Public film-page metadata exposed by the IFI Archive Player. The permalink represents a public viewing/metadata surface; MAR does not download or redistribute the audiovisual media and does not infer a licence to reproduce it.,,an irish solution in view,,Patrimônio fílmico irlandês em acesso público,Streaming audiovisual institucional público
IFI Irish Film Archive,ifi-irish-film-archive,Ireland,Europe,IE-IFI-IFA,National film archive,https://ifiarchiveplayer.ie/,True,True,https://ifiarchiveplayer.ie/,IFI Archive Player,https://ifiarchiveplayer.ie/an-rinceoir/,an rinceoir,IFI Archive Player film record,Public film-page metadata exposed by the IFI Archive Player. The permalink represents a public viewing/metadata surface; MAR does not download or redistribute the audiovisual media and does not infer a licence to reproduce it.,,an rinceoir,,Patrimônio fílmico irlandês em acesso público,Streaming audiovisual institucional público
IFI Irish Film Archive,ifi-irish-film-archive,Ireland,Europe,IE-IFI-IFA,National film archive,https://ifiarchiveplayer.ie/,True,True,https://ifiarchiveplayer.ie/,IFI Archive Player,https://ifiarchiveplayer.ie/annual-blessing-of-aer-lingus-fleet/,annual blessing of aer lingus fleet,IFI Archive Player film record,Public film-page metadata exposed by the IFI Archive Player. The permalink represents a public viewing/metadata surface; MAR does not download or redistribute the audiovisual media and does not infer a licence to reproduce it.,,annual blessing of aer lingus fleet,,Patrimônio fílmico irlandês em acesso público,Streaming audiovisual institucional público
IFI Irish Film Archive,ifi-irish-film-archive,Ireland,Europe,IE-IFI-IFA,National film archive,https://ifiarchiveplayer.ie/,True,True,https://ifiarchiveplayer.ie/,IFI Archive Player,https://ifiarchiveplayer.ie/annual-pilgrimage-to-croagh-patrick/,annual pilgrimage to croagh patrick,IFI Archive Player film record,Public film-page metadata exposed by the IFI Archive Player. The permalink represents a public viewing/metadata surface; MAR does not download or redistribute the audiovisual media and does not infer a licence to reproduce it.,,annual pilgrimage to croagh patrick,,Patrimônio fílmico irlandês em acesso público,Streaming audiovisual institucional público
IFI Irish Film Archive,ifi-irish-film-archive,Ireland,Europe,IE-IFI-IFA,National film archive,https://ifiarchiveplayer.ie/,True,True,https://ifiarchiveplayer.ie/,IFI Archive Player,https://ifiarchiveplayer.ie/aqua/,aqua,IFI Archive Player film record,Public film-page metadata exposed by the IFI Archive Player. The permalink represents a public viewing/metadata surface; MAR does not download or redistribute the audiovisual media and does not infer a licence to reproduce it.,,aqua,,Patrimônio fílmico irlandês em acesso público,Streaming audiovisual institucional público
IFI Irish Film Archive,ifi-irish-film-archive,Ireland,Europe,IE-IFI-IFA,National film archive,https://ifiarchiveplayer.ie/,True,True,https://ifiarchiveplayer.ie/,IFI Archive Player,https://ifiarchiveplayer.ie/ar-dover-fein/,ar dover fein,IFI Archive Player film record,Public film-page metadata exposed by the IFI Archive Player. The permalink represents a public viewing/metadata surface; MAR does not download or redistribute the audiovisual media and does not infer a licence to reproduce it.,,ar dover fein,,Patrimônio fílmico irlandês em acesso público,Streaming audiovisual institucional público
IFI Irish Film Archive,ifi-irish-film-archive,Ireland,Europe,IE-IFI-IFA,National film archive,https://ifiarchiveplayer.ie/,True,True,https://ifiarchiveplayer.ie/,IFI Archive Player,https://ifiarchiveplayer.ie/arbour-hill-easter-week-commemoration/,arbour hill easter week commemoration,IFI Archive Player film record,Public film-page metadata exposed by the IFI Archive Player. The permalink represents a public viewing/metadata surface; MAR does not download or redistribute the audiovisual media and does not infer a licence to reproduce it.,,arbour hill easter week commemoration,,Patrimônio fílmico irlandês em acesso público,Streaming audiovisual institucional público
IFI Irish Film Archive,ifi-irish-film-archive,Ireland,Europe,IE-IFI-IFA,National film archive,https://ifiarchiveplayer.ie/,True,True,https://ifiarchiveplayer.ie/,IFI Archive Player,https://ifiarchiveplayer.ie/archbishop-of-dublin-receives-new-irish-hymnal/,archbishop of dublin receives new irish hymnal,IFI Archive Player film record,Public film-page metadata exposed by the IFI Archive Player. The permalink represents a public viewing/metadata surface; MAR does not download or redistribute the audiovisual media and does not infer a licence to reproduce it.,,archbishop of dublin receives new irish hymnal,,Patrimônio fílmico irlandês em acesso público,Streaming audiovisual institucional público
IFI Irish Film Archive,ifi-irish-film-archive,Ireland,Europe,IE-IFI-IFA,National film archive,https://ifiarchiveplayer.ie/,True,True,https://ifiarchiveplayer.ie/,IFI Archive Player,https://ifiarchiveplayer.ie/arklow-interprovincial-water-polo-ulster-leinster/,arklow interprovincial water polo ulster leinster,IFI Archive Player film record,Public film-page metadata exposed by the IFI Archive Player. The permalink represents a public viewing/metadata surface; MAR does not download or redistribute the audiovisual media and does not infer a licence to reproduce it.,,arklow interprovincial water polo ulster leinster,,Patrimônio fílmico irlandês em acesso público,Streaming audiovisual institucional público
IFI Irish Film Archive,ifi-irish-film-archive,Ireland,Europe,IE-IFI-IFA,National film archive,https://ifiarchiveplayer.ie/,True,True,https://ifiarchiveplayer.ie/,IFI Archive Player,https://ifiarchiveplayer.ie/armistice-day-dublin/,armistice day dublin,IFI Archive Player film record,Public film-page metadata exposed by the IFI Archive Player. The permalink represents a public viewing/metadata surface; MAR does not download or redistribute the audiovisual media and does not infer a licence to reproduce it.,,armistice day dublin,,Patrimônio fílmico irlandês em acesso público,Streaming audiovisual institucional público
IFI Irish Film Archive,ifi-irish-film-archive,Ireland,Europe,IE-IFI-IFA,National film archive,https://ifiarchiveplayer.ie/,True,True,https://ifiarchiveplayer.ie/,IFI Archive Player,https://ifiarchiveplayer.ie/army/,army,IFI Archive Player film record,Public film-page metadata exposed by the IFI Archive Player. The permalink represents a public viewing/metadata surface; MAR does not download or redistribute the audiovisual media and does not infer a licence to reproduce it.,,army,,Patrimônio fílmico irlandês em acesso público,Streaming audiovisual institucional público
IFI Irish Film Archive,ifi-irish-film-archive,Ireland,Europe,IE-IFI-IFA,National film archive,https://ifiarchiveplayer.ie/,True,True,https://ifiarchiveplayer.ie/,IFI Archive Player,https://ifiarchiveplayer.ie/arrival-of-sir-edward-carson/,arrival of sir edward carson,IFI Archive Player film record,Public film-page metadata exposed by the IFI Archive Player. The permalink represents a public viewing/metadata surface; MAR does not download or redistribute the audiovisual media and does not infer a licence to reproduce it.,,arrival of sir edward carson,,Patrimônio fílmico irlandês em acesso público,Streaming audiovisual institucional público
IFI Irish Film Archive,ifi-irish-film-archive,Ireland,Europe,IE-IFI-IFA,National film archive,https://ifiarchiveplayer.ie/,True,True,https://ifiarchiveplayer.ie/,IFI Archive Player,https://ifiarchiveplayer.ie/art-students-get-twisted/,art students get twisted,IFI Archive Player film record,Public film-page metadata exposed by the IFI Archive Player. The permalink represents a public viewing/metadata surface; MAR does not download or redistribute the audiovisual media and does not infer a licence to reproduce it.,,art students get twisted,,Patrimônio fílmico irlandês em acesso público,Streaming audiovisual institucional público
IFI Irish Film Archive,ifi-irish-film-archive,Ireland,Europe,IE-IFI-IFA,National film archive,https://ifiarchiveplayer.ie/,True,True,https://ifiarchiveplayer.ie/,IFI Archive Player,https://ifiarchiveplayer.ie/autumn-fashions/,autumn fashions,IFI Archive Player film record,Public film-page metadata exposed by the IFI Archive Player. The permalink represents a public viewing/metadata surface; MAR does not download or redistribute the audiovisual media and does not infer a licence to reproduce it.,,autumn fashions,,Patrimônio fílmico irlandês em acesso público,Streaming audiovisual institucional público
IFI Irish Film Archive,ifi-irish-film-archive,Ireland,Europe,IE-IFI-IFA,National film archive,https://ifiarchiveplayer.ie/,True,True,https://ifiarchiveplayer.ie/,IFI Archive Player,https://ifiarchiveplayer.ie/autumn-fashions-on-parade/,autumn fashions on parade,IFI Archive Player film record,Public film-page metadata exposed by the IFI Archive Player. The permalink represents a public viewing/metadata surface; MAR does not download or redistribute the audiovisual media and does not infer a licence to reproduce it.,,autumn fashions on parade,,Patrimônio fílmico irlandês em acesso público,Streaming audiovisual institucional público
IFI Irish Film Archive,ifi-irish-film-archive,Ireland,Europe,IE-IFI-IFA,National film archive,https://ifiarchiveplayer.ie/,True,True,https://ifiarchiveplayer.ie/,IFI Archive Player,https://ifiarchiveplayer.ie/autumn-fashions-preview/,autumn fashions preview,IFI Archive Player film record,Public film-page metadata exposed by the IFI Archive Player. The permalink represents a public viewing/metadata surface; MAR does not download or redistribute the audiovisual media and does not infer a licence to reproduce it.,,autumn fashions preview,,Patrimônio fílmico irlandês em acesso público,Streaming audiovisual institucional público
IFI Irish Film Archive,ifi-irish-film-archive,Ireland,Europe,IE-IFI-IFA,National film archive,https://ifiarchiveplayer.ie/,True,True,https://ifiarchiveplayer.ie/,IFI Archive Player,https://ifiarchiveplayer.ie/avonmore-milk/,avonmore milk,IFI Archive Player film record,Public film-page metadata exposed by the IFI Archive Player. The permalink represents a public viewing/metadata surface; MAR does not download or redistribute the audiovisual media and does not infer a licence to reproduce it.,,avonmore milk,,Patrimônio fílmico irlandês em acesso público,Streaming audiovisual institucional público
IFI Irish Film Archive,ifi-irish-film-archive,Ireland,Europe,IE-IFI-IFA,National film archive,https://ifiarchiveplayer.ie/,True,True,https://ifiarchiveplayer.ie/,IFI Archive Player,https://ifiarchiveplayer.ie/babysoft-tissues-family-size/,babysoft tissues family size,IFI Archive Player film record,Public film-page metadata exposed by the IFI Archive Player. The permalink represents a public viewing/metadata surface; MAR does not download or redistribute the audiovisual media and does not infer a licence to reproduce it.,,babysoft tissues family size,,Patrimônio fílmico irlandês em acesso público,Streaming audiovisual institucional público
IFI Irish Film Archive,ifi-irish-film-archive,Ireland,Europe,IE-IFI-IFA,National film archive,https://ifiarchiveplayer.ie/,True,True,https://ifiarchiveplayer.ie/,IFI Archive Player,https://ifiarchiveplayer.ie/babysoft-tissues-kitchen-towels/,babysoft tissues kitchen towels,IFI Archive Player film record,Public film-page metadata exposed by the IFI Archive Player. The permalink represents a public viewing/metadata surface; MAR does not download or redistribute the audiovisual media and does not infer a licence to reproduce it.,,babysoft tissues kitchen towels,,Patrimônio fílmico irlandês em acesso público,Streaming audiovisual institucional público
IFI Irish Film Archive,ifi-irish-film-archive,Ireland,Europe,IE-IFI-IFA,National film archive,https://ifiarchiveplayer.ie/,True,True,https://ifiarchiveplayer.ie/,IFI Archive Player,https://ifiarchiveplayer.ie/back-from-the-usa/,back from the usa,IFI Archive Player film record,Public film-page metadata exposed by the IFI Archive Player. The permalink represents a public viewing/metadata surface; MAR does not download or redistribute the audiovisual media and does not infer a licence to reproduce it.,,back from the usa,,Patrimônio fílmico irlandês em acesso público,Streaming audiovisual institucional público
IFI Irish Film Archive,ifi-irish-film-archive,Ireland,Europe,IE-IFI-IFA,National film archive,https://ifiarchiveplayer.ie/,True,True,https://ifiarchiveplayer.ie/,IFI Archive Player,https://ifiarchiveplayer.ie/badminton-championships-mens-doubles/,badminton championships mens doubles,IFI Archive Player film record,Public film-page metadata exposed by the IFI Archive Player. The permalink represents a public viewing/metadata surface; MAR does not download or redistribute the audiovisual media and does not infer a licence to reproduce it.,,badminton championships mens doubles,,Patrimônio fílmico irlandês em acesso público,Streaming audiovisual institucional público
IFI Irish Film Archive,ifi-irish-film-archive,Ireland,Europe,IE-IFI-IFA,National film archive,https://ifiarchiveplayer.ie/,True,True,https://ifiarchiveplayer.ie/,IFI Archive Player,https://ifiarchiveplayer.ie/bagenalstown-new-look-in-pig-production-methods/,bagenalstown new look in pig production methods,IFI Archive Player film record,Public film-page metadata exposed by the IFI Archive Player. The permalink represents a public viewing/metadata surface; MAR does not download or redistribute the audiovisual media and does not infer a licence to reproduce it.,,bagenalstown new look in pig production methods,,Patrimônio fílmico irlandês em acesso público,Streaming audiovisual institucional público
IFI Irish Film Archive,ifi-irish-film-archive,Ireland,Europe,IE-IFI-IFA,National film archive,https://ifiarchiveplayer.ie/,True,True,https://ifiarchiveplayer.ie/,IFI Archive Player,https://ifiarchiveplayer.ie/bai-films-babyface-goes-to-hollywood/,bai films babyface goes to hollywood,IFI Archive Player film record,Public film-page metadata exposed by the IFI Archive Player. The permalink represents a public viewing/metadata surface; MAR does not download or redistribute the audiovisual media and does not infer a licence to reproduce it.,,bai films babyface goes to hollywood,,Patrimônio fílmico irlandês em acesso público,Streaming audiovisual institucional público
IFI Irish Film Archive,ifi-irish-film-archive,Ireland,Europe,IE-IFI-IFA,National film archive,https://ifiarchiveplayer.ie/,True,True,https://ifiarchiveplayer.ie/,IFI Archive Player,https://ifiarchiveplayer.ie/baldoyle-races-despite-snow-and-ice/,baldoyle races despite snow and ice,IFI Archive Player film record,Public film-page metadata exposed by the IFI Archive Player. The permalink represents a public viewing/metadata surface; MAR does not download or redistribute the audiovisual media and does not infer a licence to reproduce it.,,baldoyle races despite snow and ice,,Patrimônio fílmico irlandês em acesso público,Streaming audiovisual institucional público
IFI Irish Film Archive,ifi-irish-film-archive,Ireland,Europe,IE-IFI-IFA,National film archive,https://ifiarchiveplayer.ie/,True,True,https://ifiarchiveplayer.ie/,IFI Archive Player,https://ifiarchiveplayer.ie/ballinascreen/,ballinascreen,IFI Archive Player film record,Public film-page metadata exposed by the IFI Archive Player. The permalink represents a public viewing/metadata surface; MAR does not download or redistribute the audiovisual media and does not infer a licence to reproduce it.,,ballinascreen,,Patrimônio fílmico irlandês em acesso público,Streaming audiovisual institucional público
IFI Irish Film Archive,ifi-irish-film-archive,Ireland,Europe,IE-IFI-IFA,National film archive,https://ifiarchiveplayer.ie/,True,True,https://ifiarchiveplayer.ie/,IFI Archive Player,https://ifiarchiveplayer.ie/ballyfree-eggs/,ballyfree eggs,IFI Archive Player film record,Public film-page metadata exposed by the IFI Archive Player. The permalink represents a public viewing/metadata surface; MAR does not download or redistribute the audiovisual media and does not infer a licence to reproduce it.,,ballyfree eggs,,Patrimônio fílmico irlandês em acesso público,Streaming audiovisual institucional público
IFI Irish Film Archive,ifi-irish-film-archive,Ireland,Europe,IE-IFI-IFA,National film archive,https://ifiarchiveplayer.ie/,True,True,https://ifiarchiveplayer.ie/,IFI Archive Player,https://ifiarchiveplayer.ie/ballymun-arts/,ballymun arts,IFI Archive Player film record,Public film-page metadata exposed by the IFI Archive Player. The permalink represents a public viewing/metadata surface; MAR does not download or redistribute the audiovisual media and does not infer a licence to reproduce it.,,ballymun arts,,Patrimônio fílmico irlandês em acesso público,Streaming audiovisual institucional público
IFI Irish Film Archive,ifi-irish-film-archive,Ireland,Europe,IE-IFI-IFA,National film archive,https://ifiarchiveplayer.ie/,True,True,https://ifiarchiveplayer.ie/,IFI Archive Player,https://ifiarchiveplayer.ie/ballymun-employment/,ballymun employment,IFI Archive Player film record,Public film-page metadata exposed by the IFI Archive Player. The permalink represents a public viewing/metadata surface; MAR does not download or redistribute the audiovisual media and does not infer a licence to reproduce it.,,ballymun employment,,Patrimônio fílmico irlandês em acesso público,Streaming audiovisual institucional público
IFI Irish Film Archive,ifi-irish-film-archive,Ireland,Europe,IE-IFI-IFA,National film archive,https://ifiarchiveplayer.ie/,True,True,https://ifiarchiveplayer.ie/,IFI Archive Player,https://ifiarchiveplayer.ie/ballymun-horizon/,ballymun horizon,IFI Archive Player film record,Public film-page metadata exposed by the IFI Archive Player. The permalink represents a public viewing/metadata surface; MAR does not download or redistribute the audiovisual media and does not infer a licence to reproduce it.,,ballymun horizon,,Patrimônio fílmico irlandês em acesso público,Streaming audiovisual institucional público
IFI Irish Film Archive,ifi-irish-film-archive,Ireland,Europe,IE-IFI-IFA,National film archive,https://ifiarchiveplayer.ie/,True,True,https://ifiarchiveplayer.ie/,IFI Archive Player,https://ifiarchiveplayer.ie/ballymun-lullaby/,ballymun lullaby,IFI Archive Player film record,Public film-page metadata exposed by the IFI Archive Player. The permalink represents a public viewing/metadata surface; MAR does not download or redistribute the audiovisual media and does not infer a licence to reproduce it.,,ballymun lullaby,,Patrimônio fílmico irlandês em acesso público,Streaming audiovisual institucional público
IFI Irish Film Archive,ifi-irish-film-archive,Ireland,Europe,IE-IFI-IFA,National film archive,https://ifiarchiveplayer.ie/,True,True,https://ifiarchiveplayer.ie/,IFI Archive Player,https://ifiarchiveplayer.ie/ballymun-rap-rave/,ballymun rap rave,IFI Archive Player film record,Public film-page metadata exposed by the IFI Archive Player. The permalink represents a public viewing/metadata surface; MAR does not download or redistribute the audiovisual media and does not infer a licence to reproduce it.,,ballymun rap rave,,Patrimônio fílmico irlandês em acesso público,Streaming audiovisual institucional público
IFI Irish Film Archive,ifi-irish-film-archive,Ireland,Europe,IE-IFI-IFA,National film archive,https://ifiarchiveplayer.ie/,True,True,https://ifiarchiveplayer.ie/,IFI Archive Player,https://ifiarchiveplayer.ie/ballymun-summer/,ballymun summer,IFI Archive Player film record,Public film-page metadata exposed by the IFI Archive Player. The permalink represents a public viewing/metadata surface; MAR does not download or redistribute the audiovisual media and does not infer a licence to reproduce it.,,ballymun summer,,Patrimônio fílmico irlandês em acesso público,Streaming audiovisual institucional público
IFI Irish Film Archive,ifi-irish-film-archive,Ireland,Europe,IE-IFI-IFA,National film archive,https://ifiarchiveplayer.ie/,True,True,https://ifiarchiveplayer.ie/,IFI Archive Player,https://ifiarchiveplayer.ie/ballymun-youth-facility-opening/,ballymun youth facility opening,IFI Archive Player film record,Public film-page metadata exposed by the IFI Archive Player. The permalink represents a public viewing/metadata surface; MAR does not download or redistribute the audiovisual media and does not infer a licence to reproduce it.,,ballymun youth facility opening,,Patrimônio fílmico irlandês em acesso público,Streaming audiovisual institucional público
IFI Irish Film Archive,ifi-irish-film-archive,Ireland,Europe,IE-IFI-IFA,National film archive,https://ifiarchiveplayer.ie/,True,True,https://ifiarchiveplayer.ie/,IFI Archive Player,https://ifiarchiveplayer.ie/balmoral-agricultural-show/,balmoral agricultural show,IFI Archive Player film record,Public film-page metadata exposed by the IFI Archive Player. The permalink represents a public viewing/metadata surface; MAR does not download or redistribute the audiovisual media and does not infer a licence to reproduce it.,,balmoral agricultural show,,Patrimônio fílmico irlandês em acesso público,Streaming audiovisual institucional público
IFI Irish Film Archive,ifi-irish-film-archive,Ireland,Europe,IE-IFI-IFA,National film archive,https://ifiarchiveplayer.ie/,True,True,https://ifiarchiveplayer.ie/,IFI Archive Player,https://ifiarchiveplayer.ie/ban-ghardai-in-passing-out-parade/,ban ghardai in passing out parade,IFI Archive Player film record,Public film-page metadata exposed by the IFI Archive Player. The permalink represents a public viewing/metadata surface; MAR does not download or redistribute the audiovisual media and does not infer a licence to reproduce it.,,ban ghardai in passing out parade,,Patrimônio fílmico irlandês em acesso público,Streaming audiovisual institucional público
IFI Irish Film Archive,ifi-irish-film-archive,Ireland,Europe,IE-IFI-IFA,National film archive,https://ifiarchiveplayer.ie/,True,True,https://ifiarchiveplayer.ie/,IFI Archive Player,https://ifiarchiveplayer.ie/baring-arms/,baring arms,IFI Archive Player film record,Public film-page metadata exposed by the IFI Archive Player. The permalink represents a public viewing/metadata surface; MAR does not download or redistribute the audiovisual media and does not infer a licence to reproduce it.,,baring arms,,Patrimônio fílmico irlandês em acesso público,Streaming audiovisual institucional público
IFI Irish Film Archive,ifi-irish-film-archive,Ireland,Europe,IE-IFI-IFA,National film archive,https://ifiarchiveplayer.ie/,True,True,https://ifiarchiveplayer.ie/,IFI Archive Player,https://ifiarchiveplayer.ie/bass-ale/,bass ale,IFI Archive Player film record,Public film-page metadata exposed by the IFI Archive Player. The permalink represents a public viewing/metadata surface; MAR does not download or redistribute the audiovisual media and does not infer a licence to reproduce it.,,bass ale,,Patrimônio fílmico irlandês em acesso público,Streaming audiovisual institucional público
IFI Irish Film Archive,ifi-irish-film-archive,Ireland,Europe,IE-IFI-IFA,National film archive,https://ifiarchiveplayer.ie/,True,True,https://ifiarchiveplayer.ie/,IFI Archive Player,https://ifiarchiveplayer.ie/bass-ale-the-dubliners/,bass ale the dubliners,IFI Archive Player film record,Public film-page metadata exposed by the IFI Archive Player. The permalink represents a public viewing/metadata surface; MAR does not download or redistribute the audiovisual media and does not infer a licence to reproduce it.,,bass ale the dubliners,,Patrimônio fílmico irlandês em acesso público,Streaming audiovisual institucional público
IFI Irish Film Archive,ifi-irish-film-archive,Ireland,Europe,IE-IFI-IFA,National film archive,https://ifiarchiveplayer.ie/,True,True,https://ifiarchiveplayer.ie/,IFI Archive Player,https://ifiarchiveplayer.ie/battle-of-belleek/,battle of belleek,IFI Archive Player film record,Public film-page metadata exposed by the IFI Archive Player. The permalink represents a public viewing/metadata surface; MAR does not download or redistribute the audiovisual media and does not infer a licence to reproduce it.,,battle of belleek,,Patrimônio fílmico irlandês em acesso público,Streaming audiovisual institucional público
IFI Irish Film Archive,ifi-irish-film-archive,Ireland,Europe,IE-IFI-IFA,National film archive,https://ifiarchiveplayer.ie/,True,True,https://ifiarchiveplayer.ie/,IFI Archive Player,https://ifiarchiveplayer.ie/battle-of-the-four-courts/,battle of the four courts,IFI Archive Player film record,Public film-page metadata exposed by the IFI Archive Player. The permalink represents a public viewing/metadata surface; MAR does not download or redistribute the audiovisual media and does not infer a licence to reproduce it.,,battle of the four courts,,Patrimônio fílmico irlandês em acesso público,Streaming audiovisual institucional público
IFI Irish Film Archive,ifi-irish-film-archive,Ireland,Europe,IE-IFI-IFA,National film archive,https://ifiarchiveplayer.ie/,True,True,https://ifiarchiveplayer.ie/,IFI Archive Player,https://ifiarchiveplayer.ie/beanos/,beanos,IFI Archive Player film record,Public film-page metadata exposed by the IFI Archive Player. The permalink represents a public viewing/metadata surface; MAR does not download or redistribute the audiovisual media and does not infer a licence to reproduce it.,,beanos,,Patrimônio fílmico irlandês em acesso público,Streaming audiovisual institucional público
IFI Irish Film Archive,ifi-irish-film-archive,Ireland,Europe,IE-IFI-IFA,National film archive,https://ifiarchiveplayer.ie/,True,True,https://ifiarchiveplayer.ie/,IFI Archive Player,https://ifiarchiveplayer.ie/beara/,beara,IFI Archive Player film record,Public film-page metadata exposed by the IFI Archive Player. The permalink represents a public viewing/metadata surface; MAR does not download or redistribute the audiovisual media and does not infer a licence to reproduce it.,,beara,,Patrimônio fílmico irlandês em acesso público,Streaming audiovisual institucional público
IFI Irish Film Archive,ifi-irish-film-archive,Ireland,Europe,IE-IFI-IFA,National film archive,https://ifiarchiveplayer.ie/,True,True,https://ifiarchiveplayer.ie/,IFI Archive Player,https://ifiarchiveplayer.ie/beau-guest/,beau guest,IFI Archive Player film record,Public film-page metadata exposed by the IFI Archive Player. The permalink represents a public viewing/metadata surface; MAR does not download or redistribute the audiovisual media and does not infer a licence to reproduce it.,,beau guest,,Patrimônio fílmico irlandês em acesso público,Streaming audiovisual institucional público
IFI Irish Film Archive,ifi-irish-film-archive,Ireland,Europe,IE-IFI-IFA,National film archive,https://ifiarchiveplayer.ie/,True,True,https://ifiarchiveplayer.ie/,IFI Archive Player,https://ifiarchiveplayer.ie/beauty-now/,beauty now,IFI Archive Player film record,Public film-page metadata exposed by the IFI Archive Player. The permalink represents a public viewing/metadata surface; MAR does not download or redistribute the audiovisual media and does not infer a licence to reproduce it.,,beauty now,,Patrimônio fílmico irlandês em acesso público,Streaming audiovisual institucional público
IFI Irish Film Archive,ifi-irish-film-archive,Ireland,Europe,IE-IFI-IFA,National film archive,https://ifiarchiveplayer.ie/,True,True,https://ifiarchiveplayer.ie/,IFI Archive Player,https://ifiarchiveplayer.ie/behind-the-ifi-player/,behind the ifi player,IFI Archive Player film record,Public film-page metadata exposed by the IFI Archive Player. The permalink represents a public viewing/metadata surface; MAR does not download or redistribute the audiovisual media and does not infer a licence to reproduce it.,,behind the ifi player,,Patrimônio fílmico irlandês em acesso público,Streaming audiovisual institucional público
IFI Irish Film Archive,ifi-irish-film-archive,Ireland,Europe,IE-IFI-IFA,National film archive,https://ifiarchiveplayer.ie/,True,True,https://ifiarchiveplayer.ie/,IFI Archive Player,https://ifiarchiveplayer.ie/belfast/,belfast,IFI Archive Player film record,Public film-page metadata exposed by the IFI Archive Player. The permalink represents a public viewing/metadata surface; MAR does not download or redistribute the audiovisual media and does not infer a licence to reproduce it.,,belfast,,Patrimônio fílmico irlandês em acesso público,Streaming audiovisual institucional público
IFI Irish Film Archive,ifi-irish-film-archive,Ireland,Europe,IE-IFI-IFA,National film archive,https://ifiarchiveplayer.ie/,True,True,https://ifiarchiveplayer.ie/,IFI Archive Player,https://ifiarchiveplayer.ie/belfast-greets-satchmo-louis-armstrong/,belfast greets satchmo louis armstrong,IFI Archive Player film record,Public film-page metadata exposed by the IFI Archive Player. The permalink represents a public viewing/metadata surface; MAR does not download or redistribute the audiovisual media and does not infer a licence to reproduce it.,,belfast greets satchmo louis armstrong,,Patrimônio fílmico irlandês em acesso público,Streaming audiovisual institucional público
IFI Irish Film Archive,ifi-irish-film-archive,Ireland,Europe,IE-IFI-IFA,National film archive,https://ifiarchiveplayer.ie/,True,True,https://ifiarchiveplayer.ie/,IFI Archive Player,https://ifiarchiveplayer.ie/belleek-an-enduring-heritage/,belleek an enduring heritage,IFI Archive Player film record,Public film-page metadata exposed by the IFI Archive Player. The permalink represents a public viewing/metadata surface; MAR does not download or redistribute the audiovisual media and does not infer a licence to reproduce it.,,belleek an enduring heritage,,Patrimônio fílmico irlandês em acesso público,Streaming audiovisual institucional público
IFI Irish Film Archive,ifi-irish-film-archive,Ireland,Europe,IE-IFI-IFA,National film archive,https://ifiarchiveplayer.ie/,True,True,https://ifiarchiveplayer.ie/,IFI Archive Player,https://ifiarchiveplayer.ie/benburb/,benburb,IFI Archive Player film record,Public film-page metadata exposed by the IFI Archive Player. The permalink represents a public viewing/metadata surface; MAR does not download or redistribute the audiovisual media and does not infer a licence to reproduce it.,,benburb,,Patrimônio fílmico irlandês em acesso público,Streaming audiovisual institucional público
IFI Irish Film Archive,ifi-irish-film-archive,Ireland,Europe,IE-IFI-IFA,National film archive,https://ifiarchiveplayer.ie/,True,True,https://ifiarchiveplayer.ie/,IFI Archive Player,https://ifiarchiveplayer.ie/bending-the-sally/,bending the sally,IFI Archive Player film record,Public film-page metadata exposed by the IFI Archive Player. The permalink represents a public viewing/metadata surface; MAR does not download or redistribute the audiovisual media and does not infer a licence to reproduce it.,,bending the sally,,Patrimônio fílmico irlandês em acesso público,Streaming audiovisual institucional público
IFI Irish Film Archive,ifi-irish-film-archive,Ireland,Europe,IE-IFI-IFA,National film archive,https://ifiarchiveplayer.ie/,True,True,https://ifiarchiveplayer.ie/,IFI Archive Player,https://ifiarchiveplayer.ie/best-man/,best man,IFI Archive Player film record,Public film-page metadata exposed by the IFI Archive Player. The permalink represents a public viewing/metadata surface; MAR does not download or redistribute the audiovisual media and does not infer a licence to reproduce it.,,best man,,Patrimônio fílmico irlandês em acesso público,Streaming audiovisual institucional público
IFI Irish Film Archive,ifi-irish-film-archive,Ireland,Europe,IE-IFI-IFA,National film archive,https://ifiarchiveplayer.ie/,True,True,https://ifiarchiveplayer.ie/,IFI Archive Player,https://ifiarchiveplayer.ie/big-wave/,big wave,IFI Archive Player film record,Public film-page metadata exposed by the IFI Archive Player. The permalink represents a public viewing/metadata surface; MAR does not download or redistribute the audiovisual media and does not infer a licence to reproduce it.,,big wave,,Patrimônio fílmico irlandês em acesso público,Streaming audiovisual institucional público
IFI Irish Film Archive,ifi-irish-film-archive,Ireland,Europe,IE-IFI-IFA,National film archive,https://ifiarchiveplayer.ie/,True,True,https://ifiarchiveplayer.ie/,IFI Archive Player,https://ifiarchiveplayer.ie/bike/,bike,IFI Archive Player film record,Public film-page metadata exposed by the IFI Archive Player. The permalink represents a public viewing/metadata surface; MAR does not download or redistribute the audiovisual media and does not infer a licence to reproduce it.,,bike,,Patrimônio fílmico irlandês em acesso público,Streaming audiovisual institucional público
IFI Irish Film Archive,ifi-irish-film-archive,Ireland,Europe,IE-IFI-IFA,National film archive,https://ifiarchiveplayer.ie/,True,True,https://ifiarchiveplayer.ie/,IFI Archive Player,https://ifiarchiveplayer.ie/black-pot/,black pot,IFI Archive Player film record,Public film-page metadata exposed by the IFI Archive Player. The permalink represents a public viewing/metadata surface; MAR does not download or redistribute the audiovisual media and does not infer a licence to reproduce it.,,black pot,,Patrimônio fílmico irlandês em acesso público,Streaming audiovisual institucional público
IFI Irish Film Archive,ifi-irish-film-archive,Ireland,Europe,IE-IFI-IFA,National film archive,https://ifiarchiveplayer.ie/,True,True,https://ifiarchiveplayer.ie/,IFI Archive Player,https://ifiarchiveplayer.ie/blacksmith/,blacksmith,IFI Archive Player film record,Public film-page metadata exposed by the IFI Archive Player. The permalink represents a public viewing/metadata surface; MAR does not download or redistribute the audiovisual media and does not infer a licence to reproduce it.,,blacksmith,,Patrimônio fílmico irlandês em acesso público,Streaming audiovisual institucional público
IFI Irish Film Archive,ifi-irish-film-archive,Ireland,Europe,IE-IFI-IFA,National film archive,https://ifiarchiveplayer.ie/,True,True,https://ifiarchiveplayer.ie/,IFI Archive Player,https://ifiarchiveplayer.ie/blackwater-holiday/,blackwater holiday,IFI Archive Player film record,Public film-page metadata exposed by the IFI Archive Player. The permalink represents a public viewing/metadata surface; MAR does not download or redistribute the audiovisual media and does not infer a licence to reproduce it.,,blackwater holiday,,Patrimônio fílmico irlandês em acesso público,Streaming audiovisual institucional público
IFI Irish Film Archive,ifi-irish-film-archive,Ireland,Europe,IE-IFI-IFA,National film archive,https://ifiarchiveplayer.ie/,True,True,https://ifiarchiveplayer.ie/,IFI Archive Player,https://ifiarchiveplayer.ie/blessed-fruit/,blessed fruit,IFI Archive Player film record,Public film-page metadata exposed by the IFI Archive Player. The permalink represents a public viewing/metadata surface; MAR does not download or redistribute the audiovisual media and does not infer a licence to reproduce it.,,blessed fruit,,Patrimônio fílmico irlandês em acesso público,Streaming audiovisual institucional público
IFI Irish Film Archive,ifi-irish-film-archive,Ireland,Europe,IE-IFI-IFA,National film archive,https://ifiarchiveplayer.ie/,True,True,https://ifiarchiveplayer.ie/,IFI Archive Player,https://ifiarchiveplayer.ie/blip/,blip,IFI Archive Player film record,Public film-page metadata exposed by the IFI Archive Player. The permalink represents a public viewing/metadata surface; MAR does not download or redistribute the audiovisual media and does not infer a licence to reproduce it.,,blip,,Patrimônio fílmico irlandês em acesso público,Streaming audiovisual institucional público
IFI Irish Film Archive,ifi-irish-film-archive,Ireland,Europe,IE-IFI-IFA,National film archive,https://ifiarchiveplayer.ie/,True,True,https://ifiarchiveplayer.ie/,IFI Archive Player,https://ifiarchiveplayer.ie/bloomsday-62-james-joyce-tower-opened/,bloomsday 62 james joyce tower opened,IFI Archive Player film record,Public film-page metadata exposed by the IFI Archive Player. The permalink represents a public viewing/metadata surface; MAR does not download or redistribute the audiovisual media and does not infer a licence to reproduce it.,,bloomsday 62 james joyce tower opened,,Patrimônio fílmico irlandês em acesso público,Streaming audiovisual institucional público
IFI Irish Film Archive,ifi-irish-film-archive,Ireland,Europe,IE-IFI-IFA,National film archive,https://ifiarchiveplayer.ie/,True,True,https://ifiarchiveplayer.ie/,IFI Archive Player,https://ifiarchiveplayer.ie/bold-emmett-irelands-martyr/,bold emmett irelands martyr,IFI Archive Player film record,Public film-page metadata exposed by the IFI Archive Player. The permalink represents a public viewing/metadata surface; MAR does not download or redistribute the audiovisual media and does not infer a licence to reproduce it.,,bold emmett irelands martyr,,Patrimônio fílmico irlandês em acesso público,Streaming audiovisual institucional público
IFI Irish Film Archive,ifi-irish-film-archive,Ireland,Europe,IE-IFI-IFA,National film archive,https://ifiarchiveplayer.ie/,True,True,https://ifiarchiveplayer.ie/,IFI Archive Player,https://ifiarchiveplayer.ie/boogaloo-and-graham/,boogaloo and graham,IFI Archive Player film record,Public film-page metadata exposed by the IFI Archive Player. The permalink represents a public viewing/metadata surface; MAR does not download or redistribute the audiovisual media and does not infer a licence to reproduce it.,,boogaloo and graham,,Patrimônio fílmico irlandês em acesso público,Streaming audiovisual institucional público
IFI Irish Film Archive,ifi-irish-film-archive,Ireland,Europe,IE-IFI-IFA,National film archive,https://ifiarchiveplayer.ie/,True,True,https://ifiarchiveplayer.ie/,IFI Archive Player,https://ifiarchiveplayer.ie/bord-na-mona-briquette-factory-opened/,bord na mona briquette factory opened,IFI Archive Player film record,Public film-page metadata exposed by the IFI Archive Player. The permalink represents a public viewing/metadata surface; MAR does not download or redistribute the audiovisual media and does not infer a licence to reproduce it.,,bord na mona briquette factory opened,,Patrimônio fílmico irlandês em acesso público,Streaming audiovisual institucional público
IFI Irish Film Archive,ifi-irish-film-archive,Ireland,Europe,IE-IFI-IFA,National film archive,https://ifiarchiveplayer.ie/,True,True,https://ifiarchiveplayer.ie/,IFI Archive Player,https://ifiarchiveplayer.ie/bottle-1/,bottle 1,IFI Archive Player film record,Public film-page metadata exposed by the IFI Archive Player. The permalink represents a public viewing/metadata surface; MAR does not download or redistribute the audiovisual media and does not infer a licence to reproduce it.,,bottle 1,,Patrimônio fílmico irlandês em acesso público,Streaming audiovisual institucional público
IFI Irish Film Archive,ifi-irish-film-archive,Ireland,Europe,IE-IFI-IFA,National film archive,https://ifiarchiveplayer.ie/,True,True,https://ifiarchiveplayer.ie/,IFI Archive Player,https://ifiarchiveplayer.ie/bovril-cubes-red-meat/,bovril cubes red meat,IFI Archive Player film record,Public film-page metadata exposed by the IFI Archive Player. The permalink represents a public viewing/metadata surface; MAR does not download or redistribute the audiovisual media and does not infer a licence to reproduce it.,,bovril cubes red meat,,Patrimônio fílmico irlandês em acesso público,Streaming audiovisual institucional público
IFI Irish Film Archive,ifi-irish-film-archive,Ireland,Europe,IE-IFI-IFA,National film archive,https://ifiarchiveplayer.ie/,True,True,https://ifiarchiveplayer.ie/,IFI Archive Player,https://ifiarchiveplayer.ie/bovril-stock-cubes/,bovril stock cubes,IFI Archive Player film record,Public film-page metadata exposed by the IFI Archive Player. The permalink represents a public viewing/metadata surface; MAR does not download or redistribute the audiovisual media and does not infer a licence to reproduce it.,,bovril stock cubes,,Patrimônio fílmico irlandês em acesso público,Streaming audiovisual institucional público
IFI Irish Film Archive,ifi-irish-film-archive,Ireland,Europe,IE-IFI-IFA,National film archive,https://ifiarchiveplayer.ie/,True,True,https://ifiarchiveplayer.ie/,IFI Archive Player,https://ifiarchiveplayer.ie/boy-wanted/,boy wanted,IFI Archive Player film record,Public film-page metadata exposed by the IFI Archive Player. The permalink represents a public viewing/metadata surface; MAR does not download or redistribute the audiovisual media and does not infer a licence to reproduce it.,,boy wanted,,Patrimônio fílmico irlandês em acesso público,Streaming audiovisual institucional público
IFI Irish Film Archive,ifi-irish-film-archive,Ireland,Europe,IE-IFI-IFA,National film archive,https://ifiarchiveplayer.ie/,True,True,https://ifiarchiveplayer.ie/,IFI Archive Player,https://ifiarchiveplayer.ie/bradys-bargain/,bradys bargain,IFI Archive Player film record,Public film-page metadata exposed by the IFI Archive Player. The permalink represents a public viewing/metadata surface; MAR does not download or redistribute the audiovisual media and does not infer a licence to reproduce it.,,bradys bargain,,Patrimônio fílmico irlandês em acesso público,Streaming audiovisual institucional público
IFI Irish Film Archive,ifi-irish-film-archive,Ireland,Europe,IE-IFI-IFA,National film archive,https://ifiarchiveplayer.ie/,True,True,https://ifiarchiveplayer.ie/,IFI Archive Player,https://ifiarchiveplayer.ie/bricklayer/,bricklayer,IFI Archive Player film record,Public film-page metadata exposed by the IFI Archive Player. The permalink represents a public viewing/metadata surface; MAR does not download or redistribute the audiovisual media and does not infer a licence to reproduce it.,,bricklayer,,Patrimônio fílmico irlandês em acesso público,Streaming audiovisual institucional público
IFI Irish Film Archive,ifi-irish-film-archive,Ireland,Europe,IE-IFI-IFA,National film archive,https://ifiarchiveplayer.ie/,True,True,https://ifiarchiveplayer.ie/,IFI Archive Player,https://ifiarchiveplayer.ie/british-evacuate-ireland-after-hundreds-of-years-of-occupation/,british evacuate ireland after hundreds of years of occupation,IFI Archive Player film record,Public film-page metadata exposed by the IFI Archive Player. The permalink represents a public viewing/metadata surface; MAR does not download or redistribute the audiovisual media and does not infer a licence to reproduce it.,,british evacuate ireland after hundreds of years of occupation,,Patrimônio fílmico irlandês em acesso público,Streaming audiovisual institucional público
IFI Irish Film Archive,ifi-irish-film-archive,Ireland,Europe,IE-IFI-IFA,National film archive,https://ifiarchiveplayer.ie/,True,True,https://ifiarchiveplayer.ie/,IFI Archive Player,https://ifiarchiveplayer.ie/brittas-bay-beached-ship/,brittas bay beached ship,IFI Archive Player film record,Public film-page metadata exposed by the IFI Archive Player. The permalink represents a public viewing/metadata surface; MAR does not download or redistribute the audiovisual media and does not infer a licence to reproduce it.,,brittas bay beached ship,,Patrimônio fílmico irlandês em acesso público,Streaming audiovisual institucional público
IFI Irish Film Archive,ifi-irish-film-archive,Ireland,Europe,IE-IFI-IFA,National film archive,https://ifiarchiveplayer.ie/,True,True,https://ifiarchiveplayer.ie/,IFI Archive Player,https://ifiarchiveplayer.ie/brother/,brother,IFI Archive Player film record,Public film-page metadata exposed by the IFI Archive Player. The permalink represents a public viewing/metadata surface; MAR does not download or redistribute the audiovisual media and does not infer a licence to reproduce it.,,brother,,Patrimônio fílmico irlandês em acesso público,Streaming audiovisual institucional público
IFI Irish Film Archive,ifi-irish-film-archive,Ireland,Europe,IE-IFI-IFA,National film archive,https://ifiarchiveplayer.ie/,True,True,https://ifiarchiveplayer.ie/,IFI Archive Player,https://ifiarchiveplayer.ie/brother-electronic-sewing-machines/,brother electronic sewing machines,IFI Archive Player film record,Public film-page metadata exposed by the IFI Archive Player. The permalink represents a public viewing/metadata surface; MAR does not download or redistribute the audiovisual media and does not infer a licence to reproduce it.,,brother electronic sewing machines,,Patrimônio fílmico irlandês em acesso público,Streaming audiovisual institucional público
IFI Irish Film Archive,ifi-irish-film-archive,Ireland,Europe,IE-IFI-IFA,National film archive,https://ifiarchiveplayer.ie/,True,True,https://ifiarchiveplayer.ie/,IFI Archive Player,https://ifiarchiveplayer.ie/brother-sewing-machines/,brother sewing machines,IFI Archive Player film record,Public film-page metadata exposed by the IFI Archive Player. The permalink represents a public viewing/metadata surface; MAR does not download or redistribute the audiovisual media and does not infer a licence to reproduce it.,,brother sewing machines,,Patrimônio fílmico irlandês em acesso público,Streaming audiovisual institucional público
IFI Irish Film Archive,ifi-irish-film-archive,Ireland,Europe,IE-IFI-IFA,National film archive,https://ifiarchiveplayer.ie/,True,True,https://ifiarchiveplayer.ie/,IFI Archive Player,https://ifiarchiveplayer.ie/bua/,bua,IFI Archive Player film record,Public film-page metadata exposed by the IFI Archive Player. The permalink represents a public viewing/metadata surface; MAR does not download or redistribute the audiovisual media and does not infer a licence to reproduce it.,,bua,,Patrimônio fílmico irlandês em acesso público,Streaming audiovisual institucional público
IFI Irish Film Archive,ifi-irish-film-archive,Ireland,Europe,IE-IFI-IFA,National film archive,https://ifiarchiveplayer.ie/,True,True,https://ifiarchiveplayer.ie/,IFI Archive Player,https://ifiarchiveplayer.ie/builder/,builder,IFI Archive Player film record,Public film-page metadata exposed by the IFI Archive Player. The permalink represents a public viewing/metadata surface; MAR does not download or redistribute the audiovisual media and does not infer a licence to reproduce it.,,builder,,Patrimônio fílmico irlandês em acesso público,Streaming audiovisual institucional público
IFI Irish Film Archive,ifi-irish-film-archive,Ireland,Europe,IE-IFI-IFA,National film archive,https://ifiarchiveplayer.ie/,True,True,https://ifiarchiveplayer.ie/,IFI Archive Player,https://ifiarchiveplayer.ie/bush-superstar/,bush superstar,IFI Archive Player film record,Public film-page metadata exposed by the IFI Archive Player. The permalink represents a public viewing/metadata surface; MAR does not download or redistribute the audiovisual media and does not infer a licence to reproduce it.,,bush superstar,,Patrimônio fílmico irlandês em acesso público,Streaming audiovisual institucional público
IFI Irish Film Archive,ifi-irish-film-archive,Ireland,Europe,IE-IFI-IFA,National film archive,https://ifiarchiveplayer.ie/,True,True,https://ifiarchiveplayer.ie/,IFI Archive Player,https://ifiarchiveplayer.ie/bye-bye-now/,bye bye now,IFI Archive Player film record,Public film-page metadata exposed by the IFI Archive Player. The permalink represents a public viewing/metadata surface; MAR does not download or redistribute the audiovisual media and does not infer a licence to reproduce it.,,bye bye now,,Patrimônio fílmico irlandês em acesso público,Streaming audiovisual institucional público
IFI Irish Film Archive,ifi-irish-film-archive,Ireland,Europe,IE-IFI-IFA,National film archive,https://ifiarchiveplayer.ie/,True,True,https://ifiarchiveplayer.ie/,IFI Archive Player,https://ifiarchiveplayer.ie/cad-e-sin/,cad e sin,IFI Archive Player film record,Public film-page metadata exposed by the IFI Archive Player. The permalink represents a public viewing/metadata surface; MAR does not download or redistribute the audiovisual media and does not infer a licence to reproduce it.,,cad e sin,,Patrimônio fílmico irlandês em acesso público,Streaming audiovisual institucional público
IFI Irish Film Archive,ifi-irish-film-archive,Ireland,Europe,IE-IFI-IFA,National film archive,https://ifiarchiveplayer.ie/,True,True,https://ifiarchiveplayer.ie/,IFI Archive Player,https://ifiarchiveplayer.ie/cadburys-irish-rose/,cadburys irish rose,IFI Archive Player film record,Public film-page metadata exposed by the IFI Archive Player. The permalink represents a public viewing/metadata surface; MAR does not download or redistribute the audiovisual media and does not infer a licence to reproduce it.,,cadburys irish rose,,Patrimônio fílmico irlandês em acesso público,Streaming audiovisual institucional público
IFI Irish Film Archive,ifi-irish-film-archive,Ireland,Europe,IE-IFI-IFA,National film archive,https://ifiarchiveplayer.ie/,True,True,https://ifiarchiveplayer.ie/,IFI Archive Player,https://ifiarchiveplayer.ie/cadburys-milk-tray/,cadburys milk tray,IFI Archive Player film record,Public film-page metadata exposed by the IFI Archive Player. The permalink represents a public viewing/metadata surface; MAR does not download or redistribute the audiovisual media and does not infer a licence to reproduce it.,,cadburys milk tray,,Patrimônio fílmico irlandês em acesso público,Streaming audiovisual institucional público
IFI Irish Film Archive,ifi-irish-film-archive,Ireland,Europe,IE-IFI-IFA,National film archive,https://ifiarchiveplayer.ie/,True,True,https://ifiarchiveplayer.ie/,IFI Archive Player,https://ifiarchiveplayer.ie/cadet-marching-band/,cadet marching band,IFI Archive Player film record,Public film-page metadata exposed by the IFI Archive Player. The permalink represents a public viewing/metadata surface; MAR does not download or redistribute the audiovisual media and does not infer a licence to reproduce it.,,cadet marching band,,Patrimônio fílmico irlandês em acesso público,Streaming audiovisual institucional público
IFI Irish Film Archive,ifi-irish-film-archive,Ireland,Europe,IE-IFI-IFA,National film archive,https://ifiarchiveplayer.ie/,True,True,https://ifiarchiveplayer.ie/,IFI Archive Player,https://ifiarchiveplayer.ie/callahans-murphys/,callahans murphys,IFI Archive Player film record,Public film-page metadata exposed by the IFI Archive Player. The permalink represents a public viewing/metadata surface; MAR does not download or redistribute the audiovisual media and does not infer a licence to reproduce it.,,callahans murphys,,Patrimônio fílmico irlandês em acesso público,Streaming audiovisual institucional público
IFI Irish Film Archive,ifi-irish-film-archive,Ireland,Europe,IE-IFI-IFA,National film archive,https://ifiarchiveplayer.ie/,True,True,https://ifiarchiveplayer.ie/,IFI Archive Player,https://ifiarchiveplayer.ie/calor-kosangas-cooker/,calor kosangas cooker,IFI Archive Player film record,Public film-page metadata exposed by the IFI Archive Player. The permalink represents a public viewing/metadata surface; MAR does not download or redistribute the audiovisual media and does not infer a licence to reproduce it.,,calor kosangas cooker,,Patrimônio fílmico irlandês em acesso público,Streaming audiovisual institucional público
IFI Irish Film Archive,ifi-irish-film-archive,Ireland,Europe,IE-IFI-IFA,National film archive,https://ifiarchiveplayer.ie/,True,True,https://ifiarchiveplayer.ie/,IFI Archive Player,https://ifiarchiveplayer.ie/calor-kosangas-countrywide/,calor kosangas countrywide,IFI Archive Player film record,Public film-page metadata exposed by the IFI Archive Player. The permalink represents a public viewing/metadata surface; MAR does not download or redistribute the audiovisual media and does not infer a licence to reproduce it.,,calor kosangas countrywide,,Patrimônio fílmico irlandês em acesso público,Streaming audiovisual institucional público
IFI Irish Film Archive,ifi-irish-film-archive,Ireland,Europe,IE-IFI-IFA,National film archive,https://ifiarchiveplayer.ie/,True,True,https://ifiarchiveplayer.ie/,IFI Archive Player,https://ifiarchiveplayer.ie/calor-kosangas-master-heat/,calor kosangas master heat,IFI Archive Player film record,Public film-page metadata exposed by the IFI Archive Player. The permalink represents a public viewing/metadata surface; MAR does not download or redistribute the audiovisual media and does not infer a licence to reproduce it.,,calor kosangas master heat,,Patrimônio fílmico irlandês em acesso público,Streaming audiovisual institucional público
IFI Irish Film Archive,ifi-irish-film-archive,Ireland,Europe,IE-IFI-IFA,National film archive,https://ifiarchiveplayer.ie/,True,True,https://ifiarchiveplayer.ie/,IFI Archive Player,https://ifiarchiveplayer.ie/calor-kosangas-significant-saving/,calor kosangas significant saving,IFI Archive Player film record,Public film-page metadata exposed by the IFI Archive Player. The permalink represents a public viewing/metadata surface; MAR does not download or redistribute the audiovisual media and does not infer a licence to reproduce it.,,calor kosangas significant saving,,Patrimônio fílmico irlandês em acesso público,Streaming audiovisual institucional público
IFI Irish Film Archive,ifi-irish-film-archive,Ireland,Europe,IE-IFI-IFA,National film archive,https://ifiarchiveplayer.ie/,True,True,https://ifiarchiveplayer.ie/,IFI Archive Player,https://ifiarchiveplayer.ie/caltex-sports-awards/,caltex sports awards,IFI Archive Player film record,Public film-page metadata exposed by the IFI Archive Player. The permalink represents a public viewing/metadata surface; MAR does not download or redistribute the audiovisual media and does not infer a licence to reproduce it.,,caltex sports awards,,Patrimônio fílmico irlandês em acesso público,Streaming audiovisual institucional público
IFI Irish Film Archive,ifi-irish-film-archive,Ireland,Europe,IE-IFI-IFA,National film archive,https://ifiarchiveplayer.ie/,True,True,https://ifiarchiveplayer.ie/,IFI Archive Player,https://ifiarchiveplayer.ie/calvita-boutique/,calvita boutique,IFI Archive Player film record,Public film-page metadata exposed by the IFI Archive Player. The permalink represents a public viewing/metadata surface; MAR does not download or redistribute the audiovisual media and does not infer a licence to reproduce it.,,calvita boutique,,Patrimônio fílmico irlandês em acesso público,Streaming audiovisual institucional público
IFI Irish Film Archive,ifi-irish-film-archive,Ireland,Europe,IE-IFI-IFA,National film archive,https://ifiarchiveplayer.ie/,True,True,https://ifiarchiveplayer.ie/,IFI Archive Player,https://ifiarchiveplayer.ie/canoe-camping-holidays-on-munster-blackwater/,canoe camping holidays on munster blackwater,IFI Archive Player film record,Public film-page metadata exposed by the IFI Archive Player. The permalink represents a public viewing/metadata surface; MAR does not download or redistribute the audiovisual media and does not infer a licence to reproduce it.,,canoe camping holidays on munster blackwater,,Patrimônio fílmico irlandês em acesso público,Streaming audiovisual institucional público
IFI Irish Film Archive,ifi-irish-film-archive,Ireland,Europe,IE-IFI-IFA,National film archive,https://ifiarchiveplayer.ie/,True,True,https://ifiarchiveplayer.ie/,IFI Archive Player,https://ifiarchiveplayer.ie/cappagh-hospital-christmas-party-for-children/,cappagh hospital christmas party for children,IFI Archive Player film record,Public film-page metadata exposed by the IFI Archive Player. The permalink represents a public viewing/metadata surface; MAR does not download or redistribute the audiovisual media and does not infer a licence to reproduce it.,,cappagh hospital christmas party for children,,Patrimônio fílmico irlandês em acesso público,Streaming audiovisual institucional público
IFI Irish Film Archive,ifi-irish-film-archive,Ireland,Europe,IE-IFI-IFA,National film archive,https://ifiarchiveplayer.ie/,True,True,https://ifiarchiveplayer.ie/,IFI Archive Player,https://ifiarchiveplayer.ie/captain-crisps/,captain crisps,IFI Archive Player film record,Public film-page metadata exposed by the IFI Archive Player. The permalink represents a public viewing/metadata surface; MAR does not download or redistribute the audiovisual media and does not infer a licence to reproduce it.,,captain crisps,,Patrimônio fílmico irlandês em acesso público,Streaming audiovisual institucional público
IFI Irish Film Archive,ifi-irish-film-archive,Ireland,Europe,IE-IFI-IFA,National film archive,https://ifiarchiveplayer.ie/,True,True,https://ifiarchiveplayer.ie/,IFI Archive Player,https://ifiarchiveplayer.ie/car/,car,IFI Archive Player film record,Public film-page metadata exposed by the IFI Archive Player. The permalink represents a public viewing/metadata surface; MAR does not download or redistribute the audiovisual media and does not infer a licence to reproduce it.,,car,,Patrimônio fílmico irlandês em acesso público,Streaming audiovisual institucional público
IFI Irish Film Archive,ifi-irish-film-archive,Ireland,Europe,IE-IFI-IFA,National film archive,https://ifiarchiveplayer.ie/,True,True,https://ifiarchiveplayer.ie/,IFI Archive Player,https://ifiarchiveplayer.ie/carling/,carling,IFI Archive Player film record,Public film-page metadata exposed by the IFI Archive Player. The permalink represents a public viewing/metadata surface; MAR does not download or redistribute the audiovisual media and does not infer a licence to reproduce it.,,carling,,Patrimônio fílmico irlandês em acesso público,Streaming audiovisual institucional público
IFI Irish Film Archive,ifi-irish-film-archive,Ireland,Europe,IE-IFI-IFA,National film archive,https://ifiarchiveplayer.ie/,True,True,https://ifiarchiveplayer.ie/,IFI Archive Player,https://ifiarchiveplayer.ie/carlsberg-mermaid/,carlsberg mermaid,IFI Archive Player film record,Public film-page metadata exposed by the IFI Archive Player. The permalink represents a public viewing/metadata surface; MAR does not download or redistribute the audiovisual media and does not infer a licence to reproduce it.,,carlsberg mermaid,,Patrimônio fílmico irlandês em acesso público,Streaming audiovisual institucional público
IFI Irish Film Archive,ifi-irish-film-archive,Ireland,Europe,IE-IFI-IFA,National film archive,https://ifiarchiveplayer.ie/,True,True,https://ifiarchiveplayer.ie/,IFI Archive Player,https://ifiarchiveplayer.ie/carte-de-visite/,carte de visite,IFI Archive Player film record,Public film-page metadata exposed by the IFI Archive Player. The permalink represents a public viewing/metadata surface; MAR does not download or redistribute the audiovisual media and does not infer a licence to reproduce it.,,carte de visite,,Patrimônio fílmico irlandês em acesso público,Streaming audiovisual institucional público
IFI Irish Film Archive,ifi-irish-film-archive,Ireland,Europe,IE-IFI-IFA,National film archive,https://ifiarchiveplayer.ie/,True,True,https://ifiarchiveplayer.ie/,IFI Archive Player,https://ifiarchiveplayer.ie/castleblayney-agricultural-show/,castleblayney agricultural show,IFI Archive Player film record,Public film-page metadata exposed by the IFI Archive Player. The permalink represents a public viewing/metadata surface; MAR does not download or redistribute the audiovisual media and does not infer a licence to reproduce it.,,castleblayney agricultural show,,Patrimônio fílmico irlandês em acesso público,Streaming audiovisual institucional público
IFI Irish Film Archive,ifi-irish-film-archive,Ireland,Europe,IE-IFI-IFA,National film archive,https://ifiarchiveplayer.ie/,True,True,https://ifiarchiveplayer.ie/,IFI Archive Player,https://ifiarchiveplayer.ie/castledermot-karting-season-starts/,castledermot karting season starts,IFI Archive Player film record,Public film-page metadata exposed by the IFI Archive Player. The permalink represents a public viewing/metadata surface; MAR does not download or redistribute the audiovisual media and does not infer a licence to reproduce it.,,castledermot karting season starts,,Patrimônio fílmico irlandês em acesso público,Streaming audiovisual institucional público
IFI Irish Film Archive,ifi-irish-film-archive,Ireland,Europe,IE-IFI-IFA,National film archive,https://ifiarchiveplayer.ie/,True,True,https://ifiarchiveplayer.ie/,IFI Archive Player,https://ifiarchiveplayer.ie/cathal-black-in-focus-2/,cathal black in focus 2,IFI Archive Player film record,Public film-page metadata exposed by the IFI Archive Player. The permalink represents a public viewing/metadata surface; MAR does not download or redistribute the audiovisual media and does not infer a licence to reproduce it.,,cathal black in focus 2,,Patrimônio fílmico irlandês em acesso público,Streaming audiovisual institucional público
IFI Irish Film Archive,ifi-irish-film-archive,Ireland,Europe,IE-IFI-IFA,National film archive,https://ifiarchiveplayer.ie/,True,True,https://ifiarchiveplayer.ie/,IFI Archive Player,https://ifiarchiveplayer.ie/cead-mile-failte/,cead mile failte,IFI Archive Player film record,Public film-page metadata exposed by the IFI Archive Player. The permalink represents a public viewing/metadata surface; MAR does not download or redistribute the audiovisual media and does not infer a licence to reproduce it.,,cead mile failte,,Patrimônio fílmico irlandês em acesso público,Streaming audiovisual institucional público
IFI Irish Film Archive,ifi-irish-film-archive,Ireland,Europe,IE-IFI-IFA,National film archive,https://ifiarchiveplayer.ie/,True,True,https://ifiarchiveplayer.ie/,IFI Archive Player,https://ifiarchiveplayer.ie/cenotaph-to-michael-collins/,cenotaph to michael collins,IFI Archive Player film record,Public film-page metadata exposed by the IFI Archive Player. The permalink represents a public viewing/metadata surface; MAR does not download or redistribute the audiovisual media and does not infer a licence to reproduce it.,,cenotaph to michael collins,,Patrimônio fílmico irlandês em acesso público,Streaming audiovisual institucional público
IFI Irish Film Archive,ifi-irish-film-archive,Ireland,Europe,IE-IFI-IFA,National film archive,https://ifiarchiveplayer.ie/,True,True,https://ifiarchiveplayer.ie/,IFI Archive Player,https://ifiarchiveplayer.ie/changing-tastes/,changing tastes,IFI Archive Player film record,Public film-page metadata exposed by the IFI Archive Player. The permalink represents a public viewing/metadata surface; MAR does not download or redistribute the audiovisual media and does not infer a licence to reproduce it.,,changing tastes,,Patrimônio fílmico irlandês em acesso público,Streaming audiovisual institucional público
IFI Irish Film Archive,ifi-irish-film-archive,Ireland,Europe,IE-IFI-IFA,National film archive,https://ifiarchiveplayer.ie/,True,True,https://ifiarchiveplayer.ie/,IFI Archive Player,https://ifiarchiveplayer.ie/chicken/,chicken,IFI Archive Player film record,Public film-page metadata exposed by the IFI Archive Player. The permalink represents a public viewing/metadata surface; MAR does not download or redistribute the audiovisual media and does not infer a licence to reproduce it.,,chicken,,Patrimônio fílmico irlandês em acesso público,Streaming audiovisual institucional público
IFI Irish Film Archive,ifi-irish-film-archive,Ireland,Europe,IE-IFI-IFA,National film archive,https://ifiarchiveplayer.ie/,True,True,https://ifiarchiveplayer.ie/,IFI Archive Player,https://ifiarchiveplayer.ie/chieftains/,chieftains,IFI Archive Player film record,Public film-page metadata exposed by the IFI Archive Player. The permalink represents a public viewing/metadata surface; MAR does not download or redistribute the audiovisual media and does not infer a licence to reproduce it.,,chieftains,,Patrimônio fílmico irlandês em acesso público,Streaming audiovisual institucional público
IFI Irish Film Archive,ifi-irish-film-archive,Ireland,Europe,IE-IFI-IFA,National film archive,https://ifiarchiveplayer.ie/,True,True,https://ifiarchiveplayer.ie/,IFI Archive Player,https://ifiarchiveplayer.ie/christmas-cards-help-worlds-refugees/,christmas cards help worlds refugees,IFI Archive Player film record,Public film-page metadata exposed by the IFI Archive Player. The permalink represents a public viewing/metadata surface; MAR does not download or redistribute the audiovisual media and does not infer a licence to reproduce it.,,christmas cards help worlds refugees,,Patrimônio fílmico irlandês em acesso público,Streaming audiovisual institucional público
IFI Irish Film Archive,ifi-irish-film-archive,Ireland,Europe,IE-IFI-IFA,National film archive,https://ifiarchiveplayer.ie/,True,True,https://ifiarchiveplayer.ie/,IFI Archive Player,https://ifiarchiveplayer.ie/christmas-day-swim/,christmas day swim,IFI Archive Player film record,Public film-page metadata exposed by the IFI Archive Player. The permalink represents a public viewing/metadata surface; MAR does not download or redistribute the audiovisual media and does not infer a licence to reproduce it.,,christmas day swim,,Patrimônio fílmico irlandês em acesso público,Streaming audiovisual institucional público
IFI Irish Film Archive,ifi-irish-film-archive,Ireland,Europe,IE-IFI-IFA,National film archive,https://ifiarchiveplayer.ie/,True,True,https://ifiarchiveplayer.ie/,IFI Archive Player,https://ifiarchiveplayer.ie/christmas-in-dublin-streets/,christmas in dublin streets,IFI Archive Player film record,Public film-page metadata exposed by the IFI Archive Player. The permalink represents a public viewing/metadata surface; MAR does not download or redistribute the audiovisual media and does not infer a licence to reproduce it.,,christmas in dublin streets,,Patrimônio fílmico irlandês em acesso público,Streaming audiovisual institucional público
IFI Irish Film Archive,ifi-irish-film-archive,Ireland,Europe,IE-IFI-IFA,National film archive,https://ifiarchiveplayer.ie/,True,True,https://ifiarchiveplayer.ie/,IFI Archive Player,https://ifiarchiveplayer.ie/christmas-in-the-city/,christmas in the city,IFI Archive Player film record,Public film-page metadata exposed by the IFI Archive Player. The permalink represents a public viewing/metadata surface; MAR does not download or redistribute the audiovisual media and does not infer a licence to reproduce it.,,christmas in the city,,Patrimônio fílmico irlandês em acesso público,Streaming audiovisual institucional público
IFI Irish Film Archive,ifi-irish-film-archive,Ireland,Europe,IE-IFI-IFA,National film archive,https://ifiarchiveplayer.ie/,True,True,https://ifiarchiveplayer.ie/,IFI Archive Player,https://ifiarchiveplayer.ie/christmas-lights/,christmas lights,IFI Archive Player film record,Public film-page metadata exposed by the IFI Archive Player. The permalink represents a public viewing/metadata surface; MAR does not download or redistribute the audiovisual media and does not infer a licence to reproduce it.,,christmas lights,,Patrimônio fílmico irlandês em acesso público,Streaming audiovisual institucional público
IFI Irish Film Archive,ifi-irish-film-archive,Ireland,Europe,IE-IFI-IFA,National film archive,https://ifiarchiveplayer.ie/,True,True,https://ifiarchiveplayer.ie/,IFI Archive Player,https://ifiarchiveplayer.ie/christmas-morning/,christmas morning,IFI Archive Player film record,Public film-page metadata exposed by the IFI Archive Player. The permalink represents a public viewing/metadata surface; MAR does not download or redistribute the audiovisual media and does not infer a licence to reproduce it.,,christmas morning,,Patrimônio fílmico irlandês em acesso público,Streaming audiovisual institucional público
IFI Irish Film Archive,ifi-irish-film-archive,Ireland,Europe,IE-IFI-IFA,National film archive,https://ifiarchiveplayer.ie/,True,True,https://ifiarchiveplayer.ie/,IFI Archive Player,https://ifiarchiveplayer.ie/christmas-morning-lenny-abrahamson/,christmas morning lenny abrahamson,IFI Archive Player film record,Public film-page metadata exposed by the IFI Archive Player. The permalink represents a public viewing/metadata surface; MAR does not download or redistribute the audiovisual media and does not infer a licence to reproduce it.,,christmas morning lenny abrahamson,,Patrimônio fílmico irlandês em acesso público,Streaming audiovisual institucional público
IFI Irish Film Archive,ifi-irish-film-archive,Ireland,Europe,IE-IFI-IFA,National film archive,https://ifiarchiveplayer.ie/,True,True,https://ifiarchiveplayer.ie/,IFI Archive Player,https://ifiarchiveplayer.ie/church-and-general-insurance/,church and general insurance,IFI Archive Player film record,Public film-page metadata exposed by the IFI Archive Player. The permalink represents a public viewing/metadata surface; MAR does not download or redistribute the audiovisual media and does not infer a licence to reproduce it.,,church and general insurance,,Patrimônio fílmico irlandês em acesso público,Streaming audiovisual institucional público
IFI Irish Film Archive,ifi-irish-film-archive,Ireland,Europe,IE-IFI-IFA,National film archive,https://ifiarchiveplayer.ie/,True,True,https://ifiarchiveplayer.ie/,IFI Archive Player,https://ifiarchiveplayer.ie/ciall-cheannaigh/,ciall cheannaigh,IFI Archive Player film record,Public film-page metadata exposed by the IFI Archive Player. The permalink represents a public viewing/metadata surface; MAR does not download or redistribute the audiovisual media and does not infer a licence to reproduce it.,,ciall cheannaigh,,Patrimônio fílmico irlandês em acesso público,Streaming audiovisual institucional público
IFI Irish Film Archive,ifi-irish-film-archive,Ireland,Europe,IE-IFI-IFA,National film archive,https://ifiarchiveplayer.ie/,True,True,https://ifiarchiveplayer.ie/,IFI Archive Player,https://ifiarchiveplayer.ie/cie-d-day/,cie d day,IFI Archive Player film record,Public film-page metadata exposed by the IFI Archive Player. The permalink represents a public viewing/metadata surface; MAR does not download or redistribute the audiovisual media and does not infer a licence to reproduce it.,,cie d day,,Patrimônio fílmico irlandês em acesso público,Streaming audiovisual institucional público
IFI Irish Film Archive,ifi-irish-film-archive,Ireland,Europe,IE-IFI-IFA,National film archive,https://ifiarchiveplayer.ie/,True,True,https://ifiarchiveplayer.ie/,IFI Archive Player,https://ifiarchiveplayer.ie/cie-go-midweek/,cie go midweek,IFI Archive Player film record,Public film-page metadata exposed by the IFI Archive Player. The permalink represents a public viewing/metadata surface; MAR does not download or redistribute the audiovisual media and does not infer a licence to reproduce it.,,cie go midweek,,Patrimônio fílmico irlandês em acesso público,Streaming audiovisual institucional público
IFI Irish Film Archive,ifi-irish-film-archive,Ireland,Europe,IE-IFI-IFA,National film archive,https://ifiarchiveplayer.ie/,True,True,https://ifiarchiveplayer.ie/,IFI Archive Player,https://ifiarchiveplayer.ie/cie-going-home/,cie going home,IFI Archive Player film record,Public film-page metadata exposed by the IFI Archive Player. The permalink represents a public viewing/metadata surface; MAR does not download or redistribute the audiovisual media and does not infer a licence to reproduce it.,,cie going home,,Patrimônio fílmico irlandês em acesso público,Streaming audiovisual institucional público
IFI Irish Film Archive,ifi-irish-film-archive,Ireland,Europe,IE-IFI-IFA,National film archive,https://ifiarchiveplayer.ie/,True,True,https://ifiarchiveplayer.ie/,IFI Archive Player,https://ifiarchiveplayer.ie/cie-great-train-robbery/,cie great train robbery,IFI Archive Player film record,Public film-page metadata exposed by the IFI Archive Player. The permalink represents a public viewing/metadata surface; MAR does not download or redistribute the audiovisual media and does not infer a licence to reproduce it.,,cie great train robbery,,Patrimônio fílmico irlandês em acesso público,Streaming audiovisual institucional público
IFI Irish Film Archive,ifi-irish-film-archive,Ireland,Europe,IE-IFI-IFA,National film archive,https://ifiarchiveplayer.ie/,True,True,https://ifiarchiveplayer.ie/,IFI Archive Player,https://ifiarchiveplayer.ie/cie-holiday-for-a-day/,cie holiday for a day,IFI Archive Player film record,Public film-page metadata exposed by the IFI Archive Player. The permalink represents a public viewing/metadata surface; MAR does not download or redistribute the audiovisual media and does not infer a licence to reproduce it.,,cie holiday for a day,,Patrimônio fílmico irlandês em acesso público,Streaming audiovisual institucional público
IFI Irish Film Archive,ifi-irish-film-archive,Ireland,Europe,IE-IFI-IFA,National film archive,https://ifiarchiveplayer.ie/,True,True,https://ifiarchiveplayer.ie/,IFI Archive Player,https://ifiarchiveplayer.ie/cie-miles-cheaper/,cie miles cheaper,IFI Archive Player film record,Public film-page metadata exposed by the IFI Archive Player. The permalink represents a public viewing/metadata surface; MAR does not download or redistribute the audiovisual media and does not infer a licence to reproduce it.,,cie miles cheaper,,Patrimônio fílmico irlandês em acesso público,Streaming audiovisual institucional público
IFI Irish Film Archive,ifi-irish-film-archive,Ireland,Europe,IE-IFI-IFA,National film archive,https://ifiarchiveplayer.ie/,True,True,https://ifiarchiveplayer.ie/,IFI Archive Player,https://ifiarchiveplayer.ie/cie-supertrain/,cie supertrain,IFI Archive Player film record,Public film-page metadata exposed by the IFI Archive Player. The permalink represents a public viewing/metadata surface; MAR does not download or redistribute the audiovisual media and does not infer a licence to reproduce it.,,cie supertrain,,Patrimônio fílmico irlandês em acesso público,Streaming audiovisual institucional público
IFI Irish Film Archive,ifi-irish-film-archive,Ireland,Europe,IE-IFI-IFA,National film archive,https://ifiarchiveplayer.ie/,True,True,https://ifiarchiveplayer.ie/,IFI Archive Player,https://ifiarchiveplayer.ie/cie-supertrain-2/,cie supertrain 2,IFI Archive Player film record,Public film-page metadata exposed by the IFI Archive Player. The permalink represents a public viewing/metadata surface; MAR does not download or redistribute the audiovisual media and does not infer a licence to reproduce it.,,cie supertrain 2,,Patrimônio fílmico irlandês em acesso público,Streaming audiovisual institucional público
IFI Irish Film Archive,ifi-irish-film-archive,Ireland,Europe,IE-IFI-IFA,National film archive,https://ifiarchiveplayer.ie/,True,True,https://ifiarchiveplayer.ie/,IFI Archive Player,https://ifiarchiveplayer.ie/cie-take-it-easy/,cie take it easy,IFI Archive Player film record,Public film-page metadata exposed by the IFI Archive Player. The permalink represents a public viewing/metadata surface; MAR does not download or redistribute the audiovisual media and does not infer a licence to reproduce it.,,cie take it easy,,Patrimônio fílmico irlandês em acesso público,Streaming audiovisual institucional público
IFI Irish Film Archive,ifi-irish-film-archive,Ireland,Europe,IE-IFI-IFA,National film archive,https://ifiarchiveplayer.ie/,True,True,https://ifiarchiveplayer.ie/,IFI Archive Player,https://ifiarchiveplayer.ie/cie-traffic-control-room/,cie traffic control room,IFI Archive Player film record,Public film-page metadata exposed by the IFI Archive Player. The permalink represents a public viewing/metadata surface; MAR does not download or redistribute the audiovisual media and does not infer a licence to reproduce it.,,cie traffic control room,,Patrimônio fílmico irlandês em acesso público,Streaming audiovisual institucional público
IFI Irish Film Archive,ifi-irish-film-archive,Ireland,Europe,IE-IFI-IFA,National film archive,https://ifiarchiveplayer.ie/,True,True,https://ifiarchiveplayer.ie/,IFI Archive Player,https://ifiarchiveplayer.ie/cie-what-do-dubliners-think/,cie what do dubliners think,IFI Archive Player film record,Public film-page metadata exposed by the IFI Archive Player. The permalink represents a public viewing/metadata surface; MAR does not download or redistribute the audiovisual media and does not infer a licence to reproduce it.,,cie what do dubliners think,,Patrimônio fílmico irlandês em acesso público,Streaming audiovisual institucional público
IFI Irish Film Archive,ifi-irish-film-archive,Ireland,Europe,IE-IFI-IFA,National film archive,https://ifiarchiveplayer.ie/,True,True,https://ifiarchiveplayer.ie/,IFI Archive Player,https://ifiarchiveplayer.ie/cie-what-do-dubliners-think-night/,cie what do dubliners think night,IFI Archive Player film record,Public film-page metadata exposed by the IFI Archive Player. The permalink represents a public viewing/metadata surface; MAR does not download or redistribute the audiovisual media and does not infer a licence to reproduce it.,,cie what do dubliners think night,,Patrimônio fílmico irlandês em acesso público,Streaming audiovisual institucional público
IFI Irish Film Archive,ifi-irish-film-archive,Ireland,Europe,IE-IFI-IFA,National film archive,https://ifiarchiveplayer.ie/,True,True,https://ifiarchiveplayer.ie/,IFI Archive Player,https://ifiarchiveplayer.ie/circus-man/,circus man,IFI Archive Player film record,Public film-page metadata exposed by the IFI Archive Player. The permalink represents a public viewing/metadata surface; MAR does not download or redistribute the audiovisual media and does not infer a licence to reproduce it.,,circus man,,Patrimônio fílmico irlandês em acesso público,Streaming audiovisual institucional público
IFI Irish Film Archive,ifi-irish-film-archive,Ireland,Europe,IE-IFI-IFA,National film archive,https://ifiarchiveplayer.ie/,True,True,https://ifiarchiveplayer.ie/,IFI Archive Player,https://ifiarchiveplayer.ie/city-of-dublin-sports-second-annual-meeting/,city of dublin sports second annual meeting,IFI Archive Player film record,Public film-page metadata exposed by the IFI Archive Player. The permalink represents a public viewing/metadata surface; MAR does not download or redistribute the audiovisual media and does not infer a licence to reproduce it.,,city of dublin sports second annual meeting,,Patrimônio fílmico irlandês em acesso público,Streaming audiovisual institucional público
IFI Irish Film Archive,ifi-irish-film-archive,Ireland,Europe,IE-IFI-IFA,National film archive,https://ifiarchiveplayer.ie/,True,True,https://ifiarchiveplayer.ie/,IFI Archive Player,https://ifiarchiveplayer.ie/city-of-terror/,city of terror,IFI Archive Player film record,Public film-page metadata exposed by the IFI Archive Player. The permalink represents a public viewing/metadata surface; MAR does not download or redistribute the audiovisual media and does not infer a licence to reproduce it.,,city of terror,,Patrimônio fílmico irlandês em acesso público,Streaming audiovisual institucional público
IFI Irish Film Archive,ifi-irish-film-archive,Ireland,Europe,IE-IFI-IFA,National film archive,https://ifiarchiveplayer.ie/,True,True,https://ifiarchiveplayer.ie/,IFI Archive Player,https://ifiarchiveplayer.ie/civil-defence-training-for-gardai/,civil defence training for gardai,IFI Archive Player film record,Public film-page metadata exposed by the IFI Archive Player. The permalink represents a public viewing/metadata surface; MAR does not download or redistribute the audiovisual media and does not infer a licence to reproduce it.,,civil defence training for gardai,,Patrimônio fílmico irlandês em acesso público,Streaming audiovisual institucional público
IFI Irish Film Archive,ifi-irish-film-archive,Ireland,Europe,IE-IFI-IFA,National film archive,https://ifiarchiveplayer.ie/,True,True,https://ifiarchiveplayer.ie/,IFI Archive Player,https://ifiarchiveplayer.ie/civil-war-in-ireland/,civil war in ireland,IFI Archive Player film record,Public film-page metadata exposed by the IFI Archive Player. The permalink represents a public viewing/metadata surface; MAR does not download or redistribute the audiovisual media and does not infer a licence to reproduce it.,,civil war in ireland,,Patrimônio fílmico irlandês em acesso público,Streaming audiovisual institucional público
IFI Irish Film Archive,ifi-irish-film-archive,Ireland,Europe,IE-IFI-IFA,National film archive,https://ifiarchiveplayer.ie/,True,True,https://ifiarchiveplayer.ie/,IFI Archive Player,https://ifiarchiveplayer.ie/clannad/,clannad,IFI Archive Player film record,Public film-page metadata exposed by the IFI Archive Player. The permalink represents a public viewing/metadata surface; MAR does not download or redistribute the audiovisual media and does not infer a licence to reproduce it.,,clannad,,Patrimônio fílmico irlandês em acesso público,Streaming audiovisual institucional público
IFI Irish Film Archive,ifi-irish-film-archive,Ireland,Europe,IE-IFI-IFA,National film archive,https://ifiarchiveplayer.ie/,True,True,https://ifiarchiveplayer.ie/,IFI Archive Player,https://ifiarchiveplayer.ie/clare-sa-speir/,clare sa speir,IFI Archive Player film record,Public film-page metadata exposed by the IFI Archive Player. The permalink represents a public viewing/metadata surface; MAR does not download or redistribute the audiovisual media and does not infer a licence to reproduce it.,,clare sa speir,,Patrimônio fílmico irlandês em acesso público,Streaming audiovisual institucional público
IFI Irish Film Archive,ifi-irish-film-archive,Ireland,Europe,IE-IFI-IFA,National film archive,https://ifiarchiveplayer.ie/,True,True,https://ifiarchiveplayer.ie/,IFI Archive Player,https://ifiarchiveplayer.ie/clear-the-stage/,clear the stage,IFI Archive Player film record,Public film-page metadata exposed by the IFI Archive Player. The permalink represents a public viewing/metadata surface; MAR does not download or redistribute the audiovisual media and does not infer a licence to reproduce it.,,clear the stage,,Patrimônio fílmico irlandês em acesso público,Streaming audiovisual institucional público
IFI Irish Film Archive,ifi-irish-film-archive,Ireland,Europe,IE-IFI-IFA,National film archive,https://ifiarchiveplayer.ie/,True,True,https://ifiarchiveplayer.ie/,IFI Archive Player,https://ifiarchiveplayer.ie/clerys-advert-1932/,clerys advert 1932,IFI Archive Player film record,Public film-page metadata exposed by the IFI Archive Player. The permalink represents a public viewing/metadata surface; MAR does not download or redistribute the audiovisual media and does not infer a licence to reproduce it.,,clerys advert 1932,,Patrimônio fílmico irlandês em acesso público,Streaming audiovisual institucional público
IFI Irish Film Archive,ifi-irish-film-archive,Ireland,Europe,IE-IFI-IFA,National film archive,https://ifiarchiveplayer.ie/,True,True,https://ifiarchiveplayer.ie/,IFI Archive Player,https://ifiarchiveplayer.ie/climax-of-horse-show-aga-khan-cup-presented-by-president-de-valera/,climax of horse show aga khan cup presented by president de valera,IFI Archive Player film record,Public film-page metadata exposed by the IFI Archive Player. The permalink represents a public viewing/metadata surface; MAR does not download or redistribute the audiovisual media and does not infer a licence to reproduce it.,,climax of horse show aga khan cup presented by president de valera,,Patrimônio fílmico irlandês em acesso público,Streaming audiovisual institucional público
IFI Irish Film Archive,ifi-irish-film-archive,Ireland,Europe,IE-IFI-IFA,National film archive,https://ifiarchiveplayer.ie/,True,True,https://ifiarchiveplayer.ie/,IFI Archive Player,https://ifiarchiveplayer.ie/clock-tower-animaton-lenny-abrahamson/,clock tower animaton lenny abrahamson,IFI Archive Player film record,Public film-page metadata exposed by the IFI Archive Player. The permalink represents a public viewing/metadata surface; MAR does not download or redistribute the audiovisual media and does not infer a licence to reproduce it.,,clock tower animaton lenny abrahamson,,Patrimônio fílmico irlandês em acesso público,Streaming audiovisual institucional público
IFI Irish Film Archive,ifi-irish-film-archive,Ireland,Europe,IE-IFI-IFA,National film archive,https://ifiarchiveplayer.ie/,True,True,https://ifiarchiveplayer.ie/,IFI Archive Player,https://ifiarchiveplayer.ie/clones-fleadh-ceoil/,clones fleadh ceoil,IFI Archive Player film record,Public film-page metadata exposed by the IFI Archive Player. The permalink represents a public viewing/metadata surface; MAR does not download or redistribute the audiovisual media and does not infer a licence to reproduce it.,,clones fleadh ceoil,,Patrimônio fílmico irlandês em acesso público,Streaming audiovisual institucional público
IFI Irish Film Archive,ifi-irish-film-archive,Ireland,Europe,IE-IFI-IFA,National film archive,https://ifiarchiveplayer.ie/,True,True,https://ifiarchiveplayer.ie/,IFI Archive Player,https://ifiarchiveplayer.ie/clontarf-baths-christmas-day-swim/,clontarf baths christmas day swim,IFI Archive Player film record,Public film-page metadata exposed by the IFI Archive Player. The permalink represents a public viewing/metadata surface; MAR does not download or redistribute the audiovisual media and does not infer a licence to reproduce it.,,clontarf baths christmas day swim,,Patrimônio fílmico irlandês em acesso público,Streaming audiovisual institucional público
IFI Irish Film Archive,ifi-irish-film-archive,Ireland,Europe,IE-IFI-IFA,National film archive,https://ifiarchiveplayer.ie/,True,True,https://ifiarchiveplayer.ie/,IFI Archive Player,https://ifiarchiveplayer.ie/club-goldgrain-professor/,club goldgrain professor,IFI Archive Player film record,Public film-page metadata exposed by the IFI Archive Player. The permalink represents a public viewing/metadata surface; MAR does not download or redistribute the audiovisual media and does not infer a licence to reproduce it.,,club goldgrain professor,,Patrimônio fílmico irlandês em acesso público,Streaming audiovisual institucional público
IFI Irish Film Archive,ifi-irish-film-archive,Ireland,Europe,IE-IFI-IFA,National film archive,https://ifiarchiveplayer.ie/,True,True,https://ifiarchiveplayer.ie/,IFI Archive Player,https://ifiarchiveplayer.ie/club-milk-bishop/,club milk bishop,IFI Archive Player film record,Public film-page metadata exposed by the IFI Archive Player. The permalink represents a public viewing/metadata surface; MAR does not download or redistribute the audiovisual media and does not infer a licence to reproduce it.,,club milk bishop,,Patrimônio fílmico irlandês em acesso público,Streaming audiovisual institucional público
IFI Irish Film Archive,ifi-irish-film-archive,Ireland,Europe,IE-IFI-IFA,National film archive,https://ifiarchiveplayer.ie/,True,True,https://ifiarchiveplayer.ie/,IFI Archive Player,https://ifiarchiveplayer.ie/club-milk-have-a-cuppa/,club milk have a cuppa,IFI Archive Player film record,Public film-page metadata exposed by the IFI Archive Player. The permalink represents a public viewing/metadata surface; MAR does not download or redistribute the audiovisual media and does not infer a licence to reproduce it.,,club milk have a cuppa,,Patrimônio fílmico irlandês em acesso público,Streaming audiovisual institucional público
IFI Irish Film Archive,ifi-irish-film-archive,Ireland,Europe,IE-IFI-IFA,National film archive,https://ifiarchiveplayer.ie/,True,True,https://ifiarchiveplayer.ie/,IFI Archive Player,https://ifiarchiveplayer.ie/club-orange-big-o/,club orange big o,IFI Archive Player film record,Public film-page metadata exposed by the IFI Archive Player. The permalink represents a public viewing/metadata surface; MAR does not download or redistribute the audiovisual media and does not infer a licence to reproduce it.,,club orange big o,,Patrimônio fílmico irlandês em acesso público,Streaming audiovisual institucional público
IFI Irish Film Archive,ifi-irish-film-archive,Ireland,Europe,IE-IFI-IFA,National film archive,https://ifiarchiveplayer.ie/,True,True,https://ifiarchiveplayer.ie/,IFI Archive Player,https://ifiarchiveplayer.ie/club-tonic/,club tonic,IFI Archive Player film record,Public film-page metadata exposed by the IFI Archive Player. The permalink represents a public viewing/metadata surface; MAR does not download or redistribute the audiovisual media and does not infer a licence to reproduce it.,,club tonic,,Patrimônio fílmico irlandês em acesso público,Streaming audiovisual institucional público
IFI Irish Film Archive,ifi-irish-film-archive,Ireland,Europe,IE-IFI-IFA,National film archive,https://ifiarchiveplayer.ie/,True,True,https://ifiarchiveplayer.ie/,IFI Archive Player,https://ifiarchiveplayer.ie/clubs-are-trumps/,clubs are trumps,IFI Archive Player film record,Public film-page metadata exposed by the IFI Archive Player. The permalink represents a public viewing/metadata surface; MAR does not download or redistribute the audiovisual media and does not infer a licence to reproduce it.,,clubs are trumps,,Patrimônio fílmico irlandês em acesso público,Streaming audiovisual institucional público
IFI Irish Film Archive,ifi-irish-film-archive,Ireland,Europe,IE-IFI-IFA,National film archive,https://ifiarchiveplayer.ie/,True,True,https://ifiarchiveplayer.ie/,IFI Archive Player,https://ifiarchiveplayer.ie/co-wicklow-ploughing-championships/,co wicklow ploughing championships,IFI Archive Player film record,Public film-page metadata exposed by the IFI Archive Player. The permalink represents a public viewing/metadata surface; MAR does not download or redistribute the audiovisual media and does not infer a licence to reproduce it.,,co wicklow ploughing championships,,Patrimônio fílmico irlandês em acesso público,Streaming audiovisual institucional público
IFI Irish Film Archive,ifi-irish-film-archive,Ireland,Europe,IE-IFI-IFA,National film archive,https://ifiarchiveplayer.ie/,True,True,https://ifiarchiveplayer.ie/,IFI Archive Player,https://ifiarchiveplayer.ie/coal-strike-ireland/,coal strike ireland,IFI Archive Player film record,Public film-page metadata exposed by the IFI Archive Player. The permalink represents a public viewing/metadata surface; MAR does not download or redistribute the audiovisual media and does not infer a licence to reproduce it.,,coal strike ireland,,Patrimônio fílmico irlandês em acesso público,Streaming audiovisual institucional público
IFI Irish Film Archive,ifi-irish-film-archive,Ireland,Europe,IE-IFI-IFA,National film archive,https://ifiarchiveplayer.ie/,True,True,https://ifiarchiveplayer.ie/,IFI Archive Player,https://ifiarchiveplayer.ie/cocktails/,cocktails,IFI Archive Player film record,Public film-page metadata exposed by the IFI Archive Player. The permalink represents a public viewing/metadata surface; MAR does not download or redistribute the audiovisual media and does not infer a licence to reproduce it.,,cocktails,,Patrimônio fílmico irlandês em acesso público,Streaming audiovisual institucional público
IFI Irish Film Archive,ifi-irish-film-archive,Ireland,Europe,IE-IFI-IFA,National film archive,https://ifiarchiveplayer.ie/,True,True,https://ifiarchiveplayer.ie/,IFI Archive Player,https://ifiarchiveplayer.ie/coin/,coin,IFI Archive Player film record,Public film-page metadata exposed by the IFI Archive Player. The permalink represents a public viewing/metadata surface; MAR does not download or redistribute the audiovisual media and does not infer a licence to reproduce it.,,coin,,Patrimônio fílmico irlandês em acesso público,Streaming audiovisual institucional público
IFI Irish Film Archive,ifi-irish-film-archive,Ireland,Europe,IE-IFI-IFA,National film archive,https://ifiarchiveplayer.ie/,True,True,https://ifiarchiveplayer.ie/,IFI Archive Player,https://ifiarchiveplayer.ie/cold-feet/,cold feet,IFI Archive Player film record,Public film-page metadata exposed by the IFI Archive Player. The permalink represents a public viewing/metadata surface; MAR does not download or redistribute the audiovisual media and does not infer a licence to reproduce it.,,cold feet,,Patrimônio fílmico irlandês em acesso público,Streaming audiovisual institucional público
IFI Irish Film Archive,ifi-irish-film-archive,Ireland,Europe,IE-IFI-IFA,National film archive,https://ifiarchiveplayer.ie/,True,True,https://ifiarchiveplayer.ie/,IFI Archive Player,https://ifiarchiveplayer.ie/colman-doyle-abhar-machnaimh/,colman doyle abhar machnaimh,IFI Archive Player film record,Public film-page metadata exposed by the IFI Archive Player. The permalink represents a public viewing/metadata surface; MAR does not download or redistribute the audiovisual media and does not infer a licence to reproduce it.,,colman doyle abhar machnaimh,,Patrimônio fílmico irlandês em acesso público,Streaming audiovisual institucional público
IFI Irish Film Archive,ifi-irish-film-archive,Ireland,Europe,IE-IFI-IFA,National film archive,https://ifiarchiveplayer.ie/,True,True,https://ifiarchiveplayer.ie/,IFI Archive Player,https://ifiarchiveplayer.ie/colourful-beachwear-from-new-synthetics/,colourful beachwear from new synthetics,IFI Archive Player film record,Public film-page metadata exposed by the IFI Archive Player. The permalink represents a public viewing/metadata surface; MAR does not download or redistribute the audiovisual media and does not infer a licence to reproduce it.,,colourful beachwear from new synthetics,,Patrimônio fílmico irlandês em acesso público,Streaming audiovisual institucional público
IFI Irish Film Archive,ifi-irish-film-archive,Ireland,Europe,IE-IFI-IFA,National film archive,https://ifiarchiveplayer.ie/,True,True,https://ifiarchiveplayer.ie/,IFI Archive Player,https://ifiarchiveplayer.ie/come-back-to-erin/,come back to erin,IFI Archive Player film record,Public film-page metadata exposed by the IFI Archive Player. The permalink represents a public viewing/metadata surface; MAR does not download or redistribute the audiovisual media and does not infer a licence to reproduce it.,,come back to erin,,Patrimônio fílmico irlandês em acesso público,Streaming audiovisual institucional público
IFI Irish Film Archive,ifi-irish-film-archive,Ireland,Europe,IE-IFI-IFA,National film archive,https://ifiarchiveplayer.ie/,True,True,https://ifiarchiveplayer.ie/,IFI Archive Player,https://ifiarchiveplayer.ie/come-back-to-erin-2/,come back to erin 2,IFI Archive Player film record,Public film-page metadata exposed by the IFI Archive Player. The permalink represents a public viewing/metadata surface; MAR does not download or redistribute the audiovisual media and does not infer a licence to reproduce it.,,come back to erin 2,,Patrimônio fílmico irlandês em acesso público,Streaming audiovisual institucional público
IFI Irish Film Archive,ifi-irish-film-archive,Ireland,Europe,IE-IFI-IFA,National film archive,https://ifiarchiveplayer.ie/,True,True,https://ifiarchiveplayer.ie/,IFI Archive Player,https://ifiarchiveplayer.ie/coming-out-of-the-west/,coming out of the west,IFI Archive Player film record,Public film-page metadata exposed by the IFI Archive Player. The permalink represents a public viewing/metadata surface; MAR does not download or redistribute the audiovisual media and does not infer a licence to reproduce it.,,coming out of the west,,Patrimônio fílmico irlandês em acesso público,Streaming audiovisual institucional público
IFI Irish Film Archive,ifi-irish-film-archive,Ireland,Europe,IE-IFI-IFA,National film archive,https://ifiarchiveplayer.ie/,True,True,https://ifiarchiveplayer.ie/,IFI Archive Player,https://ifiarchiveplayer.ie/commissioning-ceremony-at-curragh-camp/,commissioning ceremony at curragh camp,IFI Archive Player film record,Public film-page metadata exposed by the IFI Archive Player. The permalink represents a public viewing/metadata surface; MAR does not download or redistribute the audiovisual media and does not infer a licence to reproduce it.,,commissioning ceremony at curragh camp,,Patrimônio fílmico irlandês em acesso público,Streaming audiovisual institucional público
IFI Irish Film Archive,ifi-irish-film-archive,Ireland,Europe,IE-IFI-IFA,National film archive,https://ifiarchiveplayer.ie/,True,True,https://ifiarchiveplayer.ie/,IFI Archive Player,https://ifiarchiveplayer.ie/commissioning-of-indian-aircraft-carrier-vikrant/,commissioning of indian aircraft carrier vikrant,IFI Archive Player film record,Public film-page metadata exposed by the IFI Archive Player. The permalink represents a public viewing/metadata surface; MAR does not download or redistribute the audiovisual media and does not infer a licence to reproduce it.,,commissioning of indian aircraft carrier vikrant,,Patrimônio fílmico irlandês em acesso público,Streaming audiovisual institucional público
IFI Irish Film Archive,ifi-irish-film-archive,Ireland,Europe,IE-IFI-IFA,National film archive,https://ifiarchiveplayer.ie/,True,True,https://ifiarchiveplayer.ie/,IFI Archive Player,https://ifiarchiveplayer.ie/complan/,complan,IFI Archive Player film record,Public film-page metadata exposed by the IFI Archive Player. The permalink represents a public viewing/metadata surface; MAR does not download or redistribute the audiovisual media and does not infer a licence to reproduce it.,,complan,,Patrimônio fílmico irlandês em acesso público,Streaming audiovisual institucional público
IFI Irish Film Archive,ifi-irish-film-archive,Ireland,Europe,IE-IFI-IFA,National film archive,https://ifiarchiveplayer.ie/,True,True,https://ifiarchiveplayer.ie/,IFI Archive Player,https://ifiarchiveplayer.ie/congolese-premier-visits-ireland/,congolese premier visits ireland,IFI Archive Player film record,Public film-page metadata exposed by the IFI Archive Player. The permalink represents a public viewing/metadata surface; MAR does not download or redistribute the audiovisual media and does not infer a licence to reproduce it.,,congolese premier visits ireland,,Patrimônio fílmico irlandês em acesso público,Streaming audiovisual institucional público
IFI Irish Film Archive,ifi-irish-film-archive,Ireland,Europe,IE-IFI-IFA,National film archive,https://ifiarchiveplayer.ie/,True,True,https://ifiarchiveplayer.ie/,IFI Archive Player,https://ifiarchiveplayer.ie/connemaras-appeal/,connemaras appeal,IFI Archive Player film record,Public film-page metadata exposed by the IFI Archive Player. The permalink represents a public viewing/metadata surface; MAR does not download or redistribute the audiovisual media and does not infer a licence to reproduce it.,,connemaras appeal,,Patrimônio fílmico irlandês em acesso público,Streaming audiovisual institucional público
IFI Irish Film Archive,ifi-irish-film-archive,Ireland,Europe,IE-IFI-IFA,National film archive,https://ifiarchiveplayer.ie/,True,True,https://ifiarchiveplayer.ie/,IFI Archive Player,https://ifiarchiveplayer.ie/conquest-of-light/,conquest of light,IFI Archive Player film record,Public film-page metadata exposed by the IFI Archive Player. The permalink represents a public viewing/metadata surface; MAR does not download or redistribute the audiovisual media and does not infer a licence to reproduce it.,,conquest of light,,Patrimônio fílmico irlandês em acesso público,Streaming audiovisual institucional público
IFI Irish Film Archive,ifi-irish-film-archive,Ireland,Europe,IE-IFI-IFA,National film archive,https://ifiarchiveplayer.ie/,True,True,https://ifiarchiveplayer.ie/,IFI Archive Player,https://ifiarchiveplayer.ie/constellation-dream-of-luxury/,constellation dream of luxury,IFI Archive Player film record,Public film-page metadata exposed by the IFI Archive Player. The permalink represents a public viewing/metadata surface; MAR does not download or redistribute the audiovisual media and does not infer a licence to reproduce it.,,constellation dream of luxury,,Patrimônio fílmico irlandês em acesso público,Streaming audiovisual institucional público
IFI Irish Film Archive,ifi-irish-film-archive,Ireland,Europe,IE-IFI-IFA,National film archive,https://ifiarchiveplayer.ie/,True,True,https://ifiarchiveplayer.ie/,IFI Archive Player,https://ifiarchiveplayer.ie/cork-airport-inaugural-flight/,cork airport inaugural flight,IFI Archive Player film record,Public film-page metadata exposed by the IFI Archive Player. The permalink represents a public viewing/metadata surface; MAR does not download or redistribute the audiovisual media and does not infer a licence to reproduce it.,,cork airport inaugural flight,,Patrimônio fílmico irlandês em acesso público,Streaming audiovisual institucional público
IFI Irish Film Archive,ifi-irish-film-archive,Ireland,Europe,IE-IFI-IFA,National film archive,https://ifiarchiveplayer.ie/,True,True,https://ifiarchiveplayer.ie/,IFI Archive Player,https://ifiarchiveplayer.ie/cork-amateurs-stage-merry-widow/,cork amateurs stage merry widow,IFI Archive Player film record,Public film-page metadata exposed by the IFI Archive Player. The permalink represents a public viewing/metadata surface; MAR does not download or redistribute the audiovisual media and does not infer a licence to reproduce it.,,cork amateurs stage merry widow,,Patrimônio fílmico irlandês em acesso público,Streaming audiovisual institucional público
IFI Irish Film Archive,ifi-irish-film-archive,Ireland,Europe,IE-IFI-IFA,National film archive,https://ifiarchiveplayer.ie/,True,True,https://ifiarchiveplayer.ie/,IFI Archive Player,https://ifiarchiveplayer.ie/corvette-maeve-arrests-russian-ship/,corvette maeve arrests russian ship,IFI Archive Player film record,Public film-page metadata exposed by the IFI Archive Player. The permalink represents a public viewing/metadata surface; MAR does not download or redistribute the audiovisual media and does not infer a licence to reproduce it.,,corvette maeve arrests russian ship,,Patrimônio fílmico irlandês em acesso público,Streaming audiovisual institucional público
IFI Irish Film Archive,ifi-irish-film-archive,Ireland,Europe,IE-IFI-IFA,National film archive,https://ifiarchiveplayer.ie/,True,True,https://ifiarchiveplayer.ie/,IFI Archive Player,https://ifiarchiveplayer.ie/cospoir-sport-for-all/,cospoir sport for all,IFI Archive Player film record,Public film-page metadata exposed by the IFI Archive Player. The permalink represents a public viewing/metadata surface; MAR does not download or redistribute the audiovisual media and does not infer a licence to reproduce it.,,cospoir sport for all,,Patrimônio fílmico irlandês em acesso público,Streaming audiovisual institucional público
IFI Irish Film Archive,ifi-irish-film-archive,Ireland,Europe,IE-IFI-IFA,National film archive,https://ifiarchiveplayer.ie/,True,True,https://ifiarchiveplayer.ie/,IFI Archive Player,https://ifiarchiveplayer.ie/cospoir-sport-is-sult/,cospoir sport is sult,IFI Archive Player film record,Public film-page metadata exposed by the IFI Archive Player. The permalink represents a public viewing/metadata surface; MAR does not download or redistribute the audiovisual media and does not infer a licence to reproduce it.,,cospoir sport is sult,,Patrimônio fílmico irlandês em acesso público,Streaming audiovisual institucional público
IFI Irish Film Archive,ifi-irish-film-archive,Ireland,Europe,IE-IFI-IFA,National film archive,https://ifiarchiveplayer.ie/,True,True,https://ifiarchiveplayer.ie/,IFI Archive Player,https://ifiarchiveplayer.ie/countess-markievicz-the-only-woman-candidate-returned/,countess markievicz the only woman candidate returned,IFI Archive Player film record,Public film-page metadata exposed by the IFI Archive Player. The permalink represents a public viewing/metadata surface; MAR does not download or redistribute the audiovisual media and does not infer a licence to reproduce it.,,countess markievicz the only woman candidate returned,,Patrimônio fílmico irlandês em acesso público,Streaming audiovisual institucional público
IFI Irish Film Archive,ifi-irish-film-archive,Ireland,Europe,IE-IFI-IFA,National film archive,https://ifiarchiveplayer.ie/,True,True,https://ifiarchiveplayer.ie/,IFI Archive Player,https://ifiarchiveplayer.ie/cradle-of-genius/,cradle of genius,IFI Archive Player film record,Public film-page metadata exposed by the IFI Archive Player. The permalink represents a public viewing/metadata surface; MAR does not download or redistribute the audiovisual media and does not infer a licence to reproduce it.,,cradle of genius,,Patrimônio fílmico irlandês em acesso público,Streaming audiovisual institucional público
IFI Irish Film Archive,ifi-irish-film-archive,Ireland,Europe,IE-IFI-IFA,National film archive,https://ifiarchiveplayer.ie/,True,True,https://ifiarchiveplayer.ie/,IFI Archive Player,https://ifiarchiveplayer.ie/creation-ball-to-help-remedial-clinic/,creation ball to help remedial clinic,IFI Archive Player film record,Public film-page metadata exposed by the IFI Archive Player. The permalink represents a public viewing/metadata surface; MAR does not download or redistribute the audiovisual media and does not infer a licence to reproduce it.,,creation ball to help remedial clinic,,Patrimônio fílmico irlandês em acesso público,Streaming audiovisual institucional público
IFI Irish Film Archive,ifi-irish-film-archive,Ireland,Europe,IE-IFI-IFA,National film archive,https://ifiarchiveplayer.ie/,True,True,https://ifiarchiveplayer.ie/,IFI Archive Player,https://ifiarchiveplayer.ie/crock-of-gold/,crock of gold,IFI Archive Player film record,Public film-page metadata exposed by the IFI Archive Player. The permalink represents a public viewing/metadata surface; MAR does not download or redistribute the audiovisual media and does not infer a licence to reproduce it.,,crock of gold,,Patrimônio fílmico irlandês em acesso público,Streaming audiovisual institucional público
IFI Irish Film Archive,ifi-irish-film-archive,Ireland,Europe,IE-IFI-IFA,National film archive,https://ifiarchiveplayer.ie/,True,True,https://ifiarchiveplayer.ie/,IFI Archive Player,https://ifiarchiveplayer.ie/croke-park-all-ireland-camogie-final-dublin-beat-galway/,croke park all ireland camogie final dublin beat galway,IFI Archive Player film record,Public film-page metadata exposed by the IFI Archive Player. The permalink represents a public viewing/metadata surface; MAR does not download or redistribute the audiovisual media and does not infer a licence to reproduce it.,,croke park all ireland camogie final dublin beat galway,,Patrimônio fílmico irlandês em acesso público,Streaming audiovisual institucional público
IFI Irish Film Archive,ifi-irish-film-archive,Ireland,Europe,IE-IFI-IFA,National film archive,https://ifiarchiveplayer.ie/,True,True,https://ifiarchiveplayer.ie/,IFI Archive Player,https://ifiarchiveplayer.ie/croke-park-all-ireland-hurling-final-tipp-just-makes-it/,croke park all ireland hurling final tipp just makes it,IFI Archive Player film record,Public film-page metadata exposed by the IFI Archive Player. The permalink represents a public viewing/metadata surface; MAR does not download or redistribute the audiovisual media and does not infer a licence to reproduce it.,,croke park all ireland hurling final tipp just makes it,,Patrimônio fílmico irlandês em acesso público,Streaming audiovisual institucional público
IFI Irish Film Archive,ifi-irish-film-archive,Ireland,Europe,IE-IFI-IFA,National film archive,https://ifiarchiveplayer.ie/,True,True,https://ifiarchiveplayer.ie/,IFI Archive Player,https://ifiarchiveplayer.ie/croke-park-all-ireland-semi-final/,croke park all ireland semi final,IFI Archive Player film record,Public film-page metadata exposed by the IFI Archive Player. The permalink represents a public viewing/metadata surface; MAR does not download or redistribute the audiovisual media and does not infer a licence to reproduce it.,,croke park all ireland semi final,,Patrimônio fílmico irlandês em acesso público,Streaming audiovisual institucional público
IFI Irish Film Archive,ifi-irish-film-archive,Ireland,Europe,IE-IFI-IFA,National film archive,https://ifiarchiveplayer.ie/,True,True,https://ifiarchiveplayer.ie/,IFI Archive Player,https://ifiarchiveplayer.ie/croke-park-football-final-down-champions-by-one-point/,croke park football final down champions by one point,IFI Archive Player film record,Public film-page metadata exposed by the IFI Archive Player. The permalink represents a public viewing/metadata surface; MAR does not download or redistribute the audiovisual media and does not infer a licence to reproduce it.,,croke park football final down champions by one point,,Patrimônio fílmico irlandês em acesso público,Streaming audiovisual institucional público
IFI Irish Film Archive,ifi-irish-film-archive,Ireland,Europe,IE-IFI-IFA,National film archive,https://ifiarchiveplayer.ie/,True,True,https://ifiarchiveplayer.ie/,IFI Archive Player,https://ifiarchiveplayer.ie/croke-park-kerry-beat-galway-to-qualify-for-final/,croke park kerry beat galway to qualify for final,IFI Archive Player film record,Public film-page metadata exposed by the IFI Archive Player. The permalink represents a public viewing/metadata surface; MAR does not download or redistribute the audiovisual media and does not infer a licence to reproduce it.,,croke park kerry beat galway to qualify for final,,Patrimônio fílmico irlandês em acesso público,Streaming audiovisual institucional público
IFI Irish Film Archive,ifi-irish-film-archive,Ireland,Europe,IE-IFI-IFA,National film archive,https://ifiarchiveplayer.ie/,True,True,https://ifiarchiveplayer.ie/,IFI Archive Player,https://ifiarchiveplayer.ie/croke-park-national-league-final-kerry-beats-derry/,croke park national league final kerry beats derry,IFI Archive Player film record,Public film-page metadata exposed by the IFI Archive Player. The permalink represents a public viewing/metadata surface; MAR does not download or redistribute the audiovisual media and does not infer a licence to reproduce it.,,croke park national league final kerry beats derry,,Patrimônio fílmico irlandês em acesso público,Streaming audiovisual institucional público
IFI Irish Film Archive,ifi-irish-film-archive,Ireland,Europe,IE-IFI-IFA,National film archive,https://ifiarchiveplayer.ie/,True,True,https://ifiarchiveplayer.ie/,IFI Archive Player,https://ifiarchiveplayer.ie/cuilin-dualach/,cuilin dualach,IFI Archive Player film record,Public film-page metadata exposed by the IFI Archive Player. The permalink represents a public viewing/metadata surface; MAR does not download or redistribute the audiovisual media and does not infer a licence to reproduce it.,,cuilin dualach,,Patrimônio fílmico irlandês em acesso público,Streaming audiovisual institucional público
IFI Irish Film Archive,ifi-irish-film-archive,Ireland,Europe,IE-IFI-IFA,National film archive,https://ifiarchiveplayer.ie/,True,True,https://ifiarchiveplayer.ie/,IFI Archive Player,https://ifiarchiveplayer.ie/curious-persons/,curious persons,IFI Archive Player film record,Public film-page metadata exposed by the IFI Archive Player. The permalink represents a public viewing/metadata surface; MAR does not download or redistribute the audiovisual media and does not infer a licence to reproduce it.,,curious persons,,Patrimônio fílmico irlandês em acesso público,Streaming audiovisual institucional público
IFI Irish Film Archive,ifi-irish-film-archive,Ireland,Europe,IE-IFI-IFA,National film archive,https://ifiarchiveplayer.ie/,True,True,https://ifiarchiveplayer.ie/,IFI Archive Player,https://ifiarchiveplayer.ie/curragh-carpets-new-house/,curragh carpets new house,IFI Archive Player film record,Public film-page metadata exposed by the IFI Archive Player. The permalink represents a public viewing/metadata surface; MAR does not download or redistribute the audiovisual media and does not infer a licence to reproduce it.,,curragh carpets new house,,Patrimônio fílmico irlandês em acesso público,Streaming audiovisual institucional público
IFI Irish Film Archive,ifi-irish-film-archive,Ireland,Europe,IE-IFI-IFA,National film archive,https://ifiarchiveplayer.ie/,True,True,https://ifiarchiveplayer.ie/,IFI Archive Player,https://ifiarchiveplayer.ie/curragh-stable-lads-strike/,curragh stable lads strike,IFI Archive Player film record,Public film-page metadata exposed by the IFI Archive Player. The permalink represents a public viewing/metadata surface; MAR does not download or redistribute the audiovisual media and does not infer a licence to reproduce it.,,curragh stable lads strike,,Patrimônio fílmico irlandês em acesso público,Streaming audiovisual institucional público
IFI Irish Film Archive,ifi-irish-film-archive,Ireland,Europe,IE-IFI-IFA,National film archive,https://ifiarchiveplayer.ie/,True,True,https://ifiarchiveplayer.ie/,IFI Archive Player,https://ifiarchiveplayer.ie/danish-frigates-visit-dublin/,danish frigates visit dublin,IFI Archive Player film record,Public film-page metadata exposed by the IFI Archive Player. The permalink represents a public viewing/metadata surface; MAR does not download or redistribute the audiovisual media and does not infer a licence to reproduce it.,,danish frigates visit dublin,,Patrimônio fílmico irlandês em acesso público,Streaming audiovisual institucional público
IFI Irish Film Archive,ifi-irish-film-archive,Ireland,Europe,IE-IFI-IFA,National film archive,https://ifiarchiveplayer.ie/,True,True,https://ifiarchiveplayer.ie/,IFI Archive Player,https://ifiarchiveplayer.ie/dark-moon-hollow/,dark moon hollow,IFI Archive Player film record,Public film-page metadata exposed by the IFI Archive Player. The permalink represents a public viewing/metadata surface; MAR does not download or redistribute the audiovisual media and does not infer a licence to reproduce it.,,dark moon hollow,,Patrimônio fílmico irlandês em acesso público,Streaming audiovisual institucional público
IFI Irish Film Archive,ifi-irish-film-archive,Ireland,Europe,IE-IFI-IFA,National film archive,https://ifiarchiveplayer.ie/,True,True,https://ifiarchiveplayer.ie/,IFI Archive Player,https://ifiarchiveplayer.ie/dartboard/,dartboard,IFI Archive Player film record,Public film-page metadata exposed by the IFI Archive Player. The permalink represents a public viewing/metadata surface; MAR does not download or redistribute the audiovisual media and does not infer a licence to reproduce it.,,dartboard,,Patrimônio fílmico irlandês em acesso público,Streaming audiovisual institucional público
IFI Irish Film Archive,ifi-irish-film-archive,Ireland,Europe,IE-IFI-IFA,National film archive,https://ifiarchiveplayer.ie/,True,True,https://ifiarchiveplayer.ie/,IFI Archive Player,https://ifiarchiveplayer.ie/day-one/,day one,IFI Archive Player film record,Public film-page metadata exposed by the IFI Archive Player. The permalink represents a public viewing/metadata surface; MAR does not download or redistribute the audiovisual media and does not infer a licence to reproduce it.,,day one,,Patrimônio fílmico irlandês em acesso público,Streaming audiovisual institucional público
IFI Irish Film Archive,ifi-irish-film-archive,Ireland,Europe,IE-IFI-IFA,National film archive,https://ifiarchiveplayer.ie/,True,True,https://ifiarchiveplayer.ie/,IFI Archive Player,https://ifiarchiveplayer.ie/dead-end/,dead end,IFI Archive Player film record,Public film-page metadata exposed by the IFI Archive Player. The permalink represents a public viewing/metadata surface; MAR does not download or redistribute the audiovisual media and does not infer a licence to reproduce it.,,dead end,,Patrimônio fílmico irlandês em acesso público,Streaming audiovisual institucional público
IFI Irish Film Archive,ifi-irish-film-archive,Ireland,Europe,IE-IFI-IFA,National film archive,https://ifiarchiveplayer.ie/,True,True,https://ifiarchiveplayer.ie/,IFI Archive Player,https://ifiarchiveplayer.ie/dear-daughter/,dear daughter,IFI Archive Player film record,Public film-page metadata exposed by the IFI Archive Player. The permalink represents a public viewing/metadata surface; MAR does not download or redistribute the audiovisual media and does not infer a licence to reproduce it.,,dear daughter,,Patrimônio fílmico irlandês em acesso público,Streaming audiovisual institucional público
IFI Irish Film Archive,ifi-irish-film-archive,Ireland,Europe,IE-IFI-IFA,National film archive,https://ifiarchiveplayer.ie/,True,True,https://ifiarchiveplayer.ie/,IFI Archive Player,https://ifiarchiveplayer.ie/dear-daughter-2/,dear daughter 2,IFI Archive Player film record,Public film-page metadata exposed by the IFI Archive Player. The permalink represents a public viewing/metadata surface; MAR does not download or redistribute the audiovisual media and does not infer a licence to reproduce it.,,dear daughter 2,,Patrimônio fílmico irlandês em acesso público,Streaming audiovisual institucional público
IFI Irish Film Archive,ifi-irish-film-archive,Ireland,Europe,IE-IFI-IFA,National film archive,https://ifiarchiveplayer.ie/,True,True,https://ifiarchiveplayer.ie/,IFI Archive Player,https://ifiarchiveplayer.ie/demolition-of-ballymun-towers/,demolition of ballymun towers,IFI Archive Player film record,Public film-page metadata exposed by the IFI Archive Player. The permalink represents a public viewing/metadata surface; MAR does not download or redistribute the audiovisual media and does not infer a licence to reproduce it.,,demolition of ballymun towers,,Patrimônio fílmico irlandês em acesso público,Streaming audiovisual institucional público
IFI Irish Film Archive,ifi-irish-film-archive,Ireland,Europe,IE-IFI-IFA,National film archive,https://ifiarchiveplayer.ie/,True,True,https://ifiarchiveplayer.ie/,IFI Archive Player,https://ifiarchiveplayer.ie/department-of-energy-savings/,department of energy savings,IFI Archive Player film record,Public film-page metadata exposed by the IFI Archive Player. The permalink represents a public viewing/metadata surface; MAR does not download or redistribute the audiovisual media and does not infer a licence to reproduce it.,,department of energy savings,,Patrimônio fílmico irlandês em acesso público,Streaming audiovisual institucional público
IFI Irish Film Archive,ifi-irish-film-archive,Ireland,Europe,IE-IFI-IFA,National film archive,https://ifiarchiveplayer.ie/,True,True,https://ifiarchiveplayer.ie/,IFI Archive Player,https://ifiarchiveplayer.ie/derry-and-toms-ambulance-corps/,derry and toms ambulance corps,IFI Archive Player film record,Public film-page metadata exposed by the IFI Archive Player. The permalink represents a public viewing/metadata surface; MAR does not download or redistribute the audiovisual media and does not infer a licence to reproduce it.,,derry and toms ambulance corps,,Patrimônio fílmico irlandês em acesso público,Streaming audiovisual institucional público
IFI Irish Film Archive,ifi-irish-film-archive,Ireland,Europe,IE-IFI-IFA,National film archive,https://ifiarchiveplayer.ie/,True,True,https://ifiarchiveplayer.ie/,IFI Archive Player,https://ifiarchiveplayer.ie/derry-election-day/,derry election day,IFI Archive Player film record,Public film-page metadata exposed by the IFI Archive Player. The permalink represents a public viewing/metadata surface; MAR does not download or redistribute the audiovisual media and does not infer a licence to reproduce it.,,derry election day,,Patrimônio fílmico irlandês em acesso público,Streaming audiovisual institucional público
IFI Irish Film Archive,ifi-irish-film-archive,Ireland,Europe,IE-IFI-IFA,National film archive,https://ifiarchiveplayer.ie/,True,True,https://ifiarchiveplayer.ie/,IFI Archive Player,https://ifiarchiveplayer.ie/desmond-egan-birdsbeasts/,desmond egan birdsbeasts,IFI Archive Player film record,Public film-page metadata exposed by the IFI Archive Player. The permalink represents a public viewing/metadata surface; MAR does not download or redistribute the audiovisual media and does not infer a licence to reproduce it.,,desmond egan birdsbeasts,,Patrimônio fílmico irlandês em acesso público,Streaming audiovisual institucional público
IFI Irish Film Archive,ifi-irish-film-archive,Ireland,Europe,IE-IFI-IFA,National film archive,https://ifiarchiveplayer.ie/,True,True,https://ifiarchiveplayer.ie/,IFI Archive Player,https://ifiarchiveplayer.ie/desmond-egan-collection-harvest/,desmond egan collection harvest,IFI Archive Player film record,Public film-page metadata exposed by the IFI Archive Player. The permalink represents a public viewing/metadata surface; MAR does not download or redistribute the audiovisual media and does not infer a licence to reproduce it.,,desmond egan collection harvest,,Patrimônio fílmico irlandês em acesso público,Streaming audiovisual institucional público
IFI Irish Film Archive,ifi-irish-film-archive,Ireland,Europe,IE-IFI-IFA,National film archive,https://ifiarchiveplayer.ie/,True,True,https://ifiarchiveplayer.ie/,IFI Archive Player,https://ifiarchiveplayer.ie/desmond-egan-collection-killarney-scenes/,desmond egan collection killarney scenes,IFI Archive Player film record,Public film-page metadata exposed by the IFI Archive Player. The permalink represents a public viewing/metadata surface; MAR does not download or redistribute the audiovisual media and does not infer a licence to reproduce it.,,desmond egan collection killarney scenes,,Patrimônio fílmico irlandês em acesso público,Streaming audiovisual institucional público
IFI Irish Film Archive,ifi-irish-film-archive,Ireland,Europe,IE-IFI-IFA,National film archive,https://ifiarchiveplayer.ie/,True,True,https://ifiarchiveplayer.ie/,IFI Archive Player,https://ifiarchiveplayer.ie/desmond-egan-collection-wicklow-hills/,desmond egan collection wicklow hills,IFI Archive Player film record,Public film-page metadata exposed by the IFI Archive Player. The permalink represents a public viewing/metadata surface; MAR does not download or redistribute the audiovisual media and does not infer a licence to reproduce it.,,desmond egan collection wicklow hills,,Patrimônio fílmico irlandês em acesso público,Streaming audiovisual institucional público
IFI Irish Film Archive,ifi-irish-film-archive,Ireland,Europe,IE-IFI-IFA,National film archive,https://ifiarchiveplayer.ie/,True,True,https://ifiarchiveplayer.ie/,IFI Archive Player,https://ifiarchiveplayer.ie/desmond-egan-corrib/,desmond egan corrib,IFI Archive Player film record,Public film-page metadata exposed by the IFI Archive Player. The permalink represents a public viewing/metadata surface; MAR does not download or redistribute the audiovisual media and does not infer a licence to reproduce it.,,desmond egan corrib,,Patrimônio fílmico irlandês em acesso público,Streaming audiovisual institucional público
IFI Irish Film Archive,ifi-irish-film-archive,Ireland,Europe,IE-IFI-IFA,National film archive,https://ifiarchiveplayer.ie/,True,True,https://ifiarchiveplayer.ie/,IFI Archive Player,https://ifiarchiveplayer.ie/dictol-oral-husk/,dictol oral husk,IFI Archive Player film record,Public film-page metadata exposed by the IFI Archive Player. The permalink represents a public viewing/metadata surface; MAR does not download or redistribute the audiovisual media and does not infer a licence to reproduce it.,,dictol oral husk,,Patrimônio fílmico irlandês em acesso público,Streaming audiovisual institucional público
IFI Irish Film Archive,ifi-irish-film-archive,Ireland,Europe,IE-IFI-IFA,National film archive,https://ifiarchiveplayer.ie/,True,True,https://ifiarchiveplayer.ie/,IFI Archive Player,https://ifiarchiveplayer.ie/ding-dong-dennys-history-of-ireland/,ding dong dennys history of ireland,IFI Archive Player film record,Public film-page metadata exposed by the IFI Archive Player. The permalink represents a public viewing/metadata surface; MAR does not download or redistribute the audiovisual media and does not infer a licence to reproduce it.,,ding dong dennys history of ireland,,Patrimônio fílmico irlandês em acesso público,Streaming audiovisual institucional público
IFI Irish Film Archive,ifi-irish-film-archive,Ireland,Europe,IE-IFI-IFA,National film archive,https://ifiarchiveplayer.ie/,True,True,https://ifiarchiveplayer.ie/,IFI Archive Player,https://ifiarchiveplayer.ie/discord/,discord,IFI Archive Player film record,Public film-page metadata exposed by the IFI Archive Player. The permalink represents a public viewing/metadata surface; MAR does not download or redistribute the audiovisual media and does not infer a licence to reproduce it.,,discord,,Patrimônio fílmico irlandês em acesso público,Streaming audiovisual institucional público
IFI Irish Film Archive,ifi-irish-film-archive,Ireland,Europe,IE-IFI-IFA,National film archive,https://ifiarchiveplayer.ie/,True,True,https://ifiarchiveplayer.ie/,IFI Archive Player,https://ifiarchiveplayer.ie/discovering-ireland/,discovering ireland,IFI Archive Player film record,Public film-page metadata exposed by the IFI Archive Player. The permalink represents a public viewing/metadata surface; MAR does not download or redistribute the audiovisual media and does not infer a licence to reproduce it.,,discovering ireland,,Patrimônio fílmico irlandês em acesso público,Streaming audiovisual institucional público
IFI Irish Film Archive,ifi-irish-film-archive,Ireland,Europe,IE-IFI-IFA,National film archive,https://ifiarchiveplayer.ie/,True,True,https://ifiarchiveplayer.ie/,IFI Archive Player,https://ifiarchiveplayer.ie/diy/,diy,IFI Archive Player film record,Public film-page metadata exposed by the IFI Archive Player. The permalink represents a public viewing/metadata surface; MAR does not download or redistribute the audiovisual media and does not infer a licence to reproduce it.,,diy,,Patrimônio fílmico irlandês em acesso público,Streaming audiovisual institucional público
IFI Irish Film Archive,ifi-irish-film-archive,Ireland,Europe,IE-IFI-IFA,National film archive,https://ifiarchiveplayer.ie/,True,True,https://ifiarchiveplayer.ie/,IFI Archive Player,https://ifiarchiveplayer.ie/do-it-yourself-fur-coats/,do it yourself fur coats,IFI Archive Player film record,Public film-page metadata exposed by the IFI Archive Player. The permalink represents a public viewing/metadata surface; MAR does not download or redistribute the audiovisual media and does not infer a licence to reproduce it.,,do it yourself fur coats,,Patrimônio fílmico irlandês em acesso público,Streaming audiovisual institucional público
IFI Irish Film Archive,ifi-irish-film-archive,Ireland,Europe,IE-IFI-IFA,National film archive,https://ifiarchiveplayer.ie/,True,True,https://ifiarchiveplayer.ie/,IFI Archive Player,https://ifiarchiveplayer.ie/do-you-know/,do you know,IFI Archive Player film record,Public film-page metadata exposed by the IFI Archive Player. The permalink represents a public viewing/metadata surface; MAR does not download or redistribute the audiovisual media and does not infer a licence to reproduce it.,,do you know,,Patrimônio fílmico irlandês em acesso público,Streaming audiovisual institucional público
IFI Irish Film Archive,ifi-irish-film-archive,Ireland,Europe,IE-IFI-IFA,National film archive,https://ifiarchiveplayer.ie/,True,True,https://ifiarchiveplayer.ie/,IFI Archive Player,https://ifiarchiveplayer.ie/doc-where-art-thou-1/,doc where art thou 1,IFI Archive Player film record,Public film-page metadata exposed by the IFI Archive Player. The permalink represents a public viewing/metadata surface; MAR does not download or redistribute the audiovisual media and does not infer a licence to reproduce it.,,doc where art thou 1,,Patrimônio fílmico irlandês em acesso público,Streaming audiovisual institucional público
IFI Irish Film Archive,ifi-irish-film-archive,Ireland,Europe,IE-IFI-IFA,National film archive,https://ifiarchiveplayer.ie/,True,True,https://ifiarchiveplayer.ie/,IFI Archive Player,https://ifiarchiveplayer.ie/doc-where-art-thou-2/,doc where art thou 2,IFI Archive Player film record,Public film-page metadata exposed by the IFI Archive Player. The permalink represents a public viewing/metadata surface; MAR does not download or redistribute the audiovisual media and does not infer a licence to reproduce it.,,doc where art thou 2,,Patrimônio fílmico irlandês em acesso público,Streaming audiovisual institucional público
IFI Irish Film Archive,ifi-irish-film-archive,Ireland,Europe,IE-IFI-IFA,National film archive,https://ifiarchiveplayer.ie/,True,True,https://ifiarchiveplayer.ie/,IFI Archive Player,https://ifiarchiveplayer.ie/doc-where-art-thou-3/,doc where art thou 3,IFI Archive Player film record,Public film-page metadata exposed by the IFI Archive Player. The permalink represents a public viewing/metadata surface; MAR does not download or redistribute the audiovisual media and does not infer a licence to reproduce it.,,doc where art thou 3,,Patrimônio fílmico irlandês em acesso público,Streaming audiovisual institucional público
IFI Irish Film Archive,ifi-irish-film-archive,Ireland,Europe,IE-IFI-IFA,National film archive,https://ifiarchiveplayer.ie/,True,True,https://ifiarchiveplayer.ie/,IFI Archive Player,https://ifiarchiveplayer.ie/doc-where-art-thou-4/,doc where art thou 4,IFI Archive Player film record,Public film-page metadata exposed by the IFI Archive Player. The permalink represents a public viewing/metadata surface; MAR does not download or redistribute the audiovisual media and does not infer a licence to reproduce it.,,doc where art thou 4,,Patrimônio fílmico irlandês em acesso público,Streaming audiovisual institucional público
IFI Irish Film Archive,ifi-irish-film-archive,Ireland,Europe,IE-IFI-IFA,National film archive,https://ifiarchiveplayer.ie/,True,True,https://ifiarchiveplayer.ie/,IFI Archive Player,https://ifiarchiveplayer.ie/doc-where-art-thou-5/,doc where art thou 5,IFI Archive Player film record,Public film-page metadata exposed by the IFI Archive Player. The permalink represents a public viewing/metadata surface; MAR does not download or redistribute the audiovisual media and does not infer a licence to reproduce it.,,doc where art thou 5,,Patrimônio fílmico irlandês em acesso público,Streaming audiovisual institucional público
IFI Irish Film Archive,ifi-irish-film-archive,Ireland,Europe,IE-IFI-IFA,National film archive,https://ifiarchiveplayer.ie/,True,True,https://ifiarchiveplayer.ie/,IFI Archive Player,https://ifiarchiveplayer.ie/doc-where-art-thou-6/,doc where art thou 6,IFI Archive Player film record,Public film-page metadata exposed by the IFI Archive Player. The permalink represents a public viewing/metadata surface; MAR does not download or redistribute the audiovisual media and does not infer a licence to reproduce it.,,doc where art thou 6,,Patrimônio fílmico irlandês em acesso público,Streaming audiovisual institucional público
IFI Irish Film Archive,ifi-irish-film-archive,Ireland,Europe,IE-IFI-IFA,National film archive,https://ifiarchiveplayer.ie/,True,True,https://ifiarchiveplayer.ie/,IFI Archive Player,https://ifiarchiveplayer.ie/doc-where-art-thou-7/,doc where art thou 7,IFI Archive Player film record,Public film-page metadata exposed by the IFI Archive Player. The permalink represents a public viewing/metadata surface; MAR does not download or redistribute the audiovisual media and does not infer a licence to reproduce it.,,doc where art thou 7,,Patrimônio fílmico irlandês em acesso público,Streaming audiovisual institucional público
IFI Irish Film Archive,ifi-irish-film-archive,Ireland,Europe,IE-IFI-IFA,National film archive,https://ifiarchiveplayer.ie/,True,True,https://ifiarchiveplayer.ie/,IFI Archive Player,https://ifiarchiveplayer.ie/doc-where-art-thou-8/,doc where art thou 8,IFI Archive Player film record,Public film-page metadata exposed by the IFI Archive Player. The permalink represents a public viewing/metadata surface; MAR does not download or redistribute the audiovisual media and does not infer a licence to reproduce it.,,doc where art thou 8,,Patrimônio fílmico irlandês em acesso público,Streaming audiovisual institucional público
IFI Irish Film Archive,ifi-irish-film-archive,Ireland,Europe,IE-IFI-IFA,National film archive,https://ifiarchiveplayer.ie/,True,True,https://ifiarchiveplayer.ie/,IFI Archive Player,https://ifiarchiveplayer.ie/dogs-on-holiday/,dogs on holiday,IFI Archive Player film record,Public film-page metadata exposed by the IFI Archive Player. The permalink represents a public viewing/metadata surface; MAR does not download or redistribute the audiovisual media and does not infer a licence to reproduce it.,,dogs on holiday,,Patrimônio fílmico irlandês em acesso público,Streaming audiovisual institucional público
IFI Irish Film Archive,ifi-irish-film-archive,Ireland,Europe,IE-IFI-IFA,National film archive,https://ifiarchiveplayer.ie/,True,True,https://ifiarchiveplayer.ie/,IFI Archive Player,https://ifiarchiveplayer.ie/dogs-on-show-at-bray/,dogs on show at bray,IFI Archive Player film record,Public film-page metadata exposed by the IFI Archive Player. The permalink represents a public viewing/metadata surface; MAR does not download or redistribute the audiovisual media and does not infer a licence to reproduce it.,,dogs on show at bray,,Patrimônio fílmico irlandês em acesso público,Streaming audiovisual institucional público
IFI Irish Film Archive,ifi-irish-film-archive,Ireland,Europe,IE-IFI-IFA,National film archive,https://ifiarchiveplayer.ie/,True,True,https://ifiarchiveplayer.ie/,IFI Archive Player,https://ifiarchiveplayer.ie/donnellys-sausages-insane/,donnellys sausages insane,IFI Archive Player film record,Public film-page metadata exposed by the IFI Archive Player. The permalink represents a public viewing/metadata surface; MAR does not download or redistribute the audiovisual media and does not infer a licence to reproduce it.,,donnellys sausages insane,,Patrimônio fílmico irlandês em acesso público,Streaming audiovisual institucional público
IFI Irish Film Archive,ifi-irish-film-archive,Ireland,Europe,IE-IFI-IFA,National film archive,https://ifiarchiveplayer.ie/,True,True,https://ifiarchiveplayer.ie/,IFI Archive Player,https://ifiarchiveplayer.ie/donnellys-sausages-sherlock/,donnellys sausages sherlock,IFI Archive Player film record,Public film-page metadata exposed by the IFI Archive Player. The permalink represents a public viewing/metadata surface; MAR does not download or redistribute the audiovisual media and does not infer a licence to reproduce it.,,donnellys sausages sherlock,,Patrimônio fílmico irlandês em acesso público,Streaming audiovisual institucional público
IFI Irish Film Archive,ifi-irish-film-archive,Ireland,Europe,IE-IFI-IFA,National film archive,https://ifiarchiveplayer.ie/,True,True,https://ifiarchiveplayer.ie/,IFI Archive Player,https://ifiarchiveplayer.ie/dots-whips-and-cobwebs/,dots whips and cobwebs,IFI Archive Player film record,Public film-page metadata exposed by the IFI Archive Player. The permalink represents a public viewing/metadata surface; MAR does not download or redistribute the audiovisual media and does not infer a licence to reproduce it.,,dots whips and cobwebs,,Patrimônio fílmico irlandês em acesso público,Streaming audiovisual institucional público
IFI Irish Film Archive,ifi-irish-film-archive,Ireland,Europe,IE-IFI-IFA,National film archive,https://ifiarchiveplayer.ie/,True,True,https://ifiarchiveplayer.ie/,IFI Archive Player,https://ifiarchiveplayer.ie/down-beat-new-york-croke-park-gaa/,down beat new york croke park gaa,IFI Archive Player film record,Public film-page metadata exposed by the IFI Archive Player. The permalink represents a public viewing/metadata surface; MAR does not download or redistribute the audiovisual media and does not infer a licence to reproduce it.,,down beat new york croke park gaa,,Patrimônio fílmico irlandês em acesso público,Streaming audiovisual institucional público
IFI Irish Film Archive,ifi-irish-film-archive,Ireland,Europe,IE-IFI-IFA,National film archive,https://ifiarchiveplayer.ie/,True,True,https://ifiarchiveplayer.ie/,IFI Archive Player,https://ifiarchiveplayer.ie/down-qualify-for-gaa-final/,down qualify for gaa final,IFI Archive Player film record,Public film-page metadata exposed by the IFI Archive Player. The permalink represents a public viewing/metadata surface; MAR does not download or redistribute the audiovisual media and does not infer a licence to reproduce it.,,down qualify for gaa final,,Patrimônio fílmico irlandês em acesso público,Streaming audiovisual institucional público
IFI Irish Film Archive,ifi-irish-film-archive,Ireland,Europe,IE-IFI-IFA,National film archive,https://ifiarchiveplayer.ie/,True,True,https://ifiarchiveplayer.ie/,IFI Archive Player,https://ifiarchiveplayer.ie/drag-hunt-at-clogheen/,drag hunt at clogheen,IFI Archive Player film record,Public film-page metadata exposed by the IFI Archive Player. The permalink represents a public viewing/metadata surface; MAR does not download or redistribute the audiovisual media and does not infer a licence to reproduce it.,,drag hunt at clogheen,,Patrimônio fílmico irlandês em acesso público,Streaming audiovisual institucional público
IFI Irish Film Archive,ifi-irish-film-archive,Ireland,Europe,IE-IFI-IFA,National film archive,https://ifiarchiveplayer.ie/,True,True,https://ifiarchiveplayer.ie/,IFI Archive Player,https://ifiarchiveplayer.ie/dream-maker/,dream maker,IFI Archive Player film record,Public film-page metadata exposed by the IFI Archive Player. The permalink represents a public viewing/metadata surface; MAR does not download or redistribute the audiovisual media and does not infer a licence to reproduce it.,,dream maker,,Patrimônio fílmico irlandês em acesso público,Streaming audiovisual institucional público
IFI Irish Film Archive,ifi-irish-film-archive,Ireland,Europe,IE-IFI-IFA,National film archive,https://ifiarchiveplayer.ie/,True,True,https://ifiarchiveplayer.ie/,IFI Archive Player,https://ifiarchiveplayer.ie/dublin-1916/,dublin 1916,IFI Archive Player film record,Public film-page metadata exposed by the IFI Archive Player. The permalink represents a public viewing/metadata surface; MAR does not download or redistribute the audiovisual media and does not infer a licence to reproduce it.,,dublin 1916,,Patrimônio fílmico irlandês em acesso público,Streaming audiovisual institucional público
IFI Irish Film Archive,ifi-irish-film-archive,Ireland,Europe,IE-IFI-IFA,National film archive,https://ifiarchiveplayer.ie/,True,True,https://ifiarchiveplayer.ie/,IFI Archive Player,https://ifiarchiveplayer.ie/dublin-airport-helicopters-on-show/,dublin airport helicopters on show,IFI Archive Player film record,Public film-page metadata exposed by the IFI Archive Player. The permalink represents a public viewing/metadata surface; MAR does not download or redistribute the audiovisual media and does not infer a licence to reproduce it.,,dublin airport helicopters on show,,Patrimônio fílmico irlandês em acesso público,Streaming audiovisual institucional público
IFI Irish Film Archive,ifi-irish-film-archive,Ireland,Europe,IE-IFI-IFA,National film archive,https://ifiarchiveplayer.ie/,True,True,https://ifiarchiveplayer.ie/,IFI Archive Player,https://ifiarchiveplayer.ie/dublin-bay-yachtsmen-hold-bavarian-ball/,dublin bay yachtsmen hold bavarian ball,IFI Archive Player film record,Public film-page metadata exposed by the IFI Archive Player. The permalink represents a public viewing/metadata surface; MAR does not download or redistribute the audiovisual media and does not infer a licence to reproduce it.,,dublin bay yachtsmen hold bavarian ball,,Patrimônio fílmico irlandês em acesso público,Streaming audiovisual institucional público
IFI Irish Film Archive,ifi-irish-film-archive,Ireland,Europe,IE-IFI-IFA,National film archive,https://ifiarchiveplayer.ie/,True,True,https://ifiarchiveplayer.ie/,IFI Archive Player,https://ifiarchiveplayer.ie/dublin-calling/,dublin calling,IFI Archive Player film record,Public film-page metadata exposed by the IFI Archive Player. The permalink represents a public viewing/metadata surface; MAR does not download or redistribute the audiovisual media and does not infer a licence to reproduce it.,,dublin calling,,Patrimônio fílmico irlandês em acesso público,Streaming audiovisual institucional público
IFI Irish Film Archive,ifi-irish-film-archive,Ireland,Europe,IE-IFI-IFA,National film archive,https://ifiarchiveplayer.ie/,True,True,https://ifiarchiveplayer.ie/,IFI Archive Player,https://ifiarchiveplayer.ie/dublin-capital-city-of-ireland/,dublin capital city of ireland,IFI Archive Player film record,Public film-page metadata exposed by the IFI Archive Player. The permalink represents a public viewing/metadata surface; MAR does not download or redistribute the audiovisual media and does not infer a licence to reproduce it.,,dublin capital city of ireland,,Patrimônio fílmico irlandês em acesso público,Streaming audiovisual institucional público
IFI Irish Film Archive,ifi-irish-film-archive,Ireland,Europe,IE-IFI-IFA,National film archive,https://ifiarchiveplayer.ie/,True,True,https://ifiarchiveplayer.ie/,IFI Archive Player,https://ifiarchiveplayer.ie/dublin-coalition-campaign/,dublin coalition campaign,IFI Archive Player film record,Public film-page metadata exposed by the IFI Archive Player. The permalink represents a public viewing/metadata surface; MAR does not download or redistribute the audiovisual media and does not infer a licence to reproduce it.,,dublin coalition campaign,,Patrimônio fílmico irlandês em acesso público,Streaming audiovisual institucional público
IFI Irish Film Archive,ifi-irish-film-archive,Ireland,Europe,IE-IFI-IFA,National film archive,https://ifiarchiveplayer.ie/,True,True,https://ifiarchiveplayer.ie/,IFI Archive Player,https://ifiarchiveplayer.ie/dublin-corporation-water/,dublin corporation water,IFI Archive Player film record,Public film-page metadata exposed by the IFI Archive Player. The permalink represents a public viewing/metadata surface; MAR does not download or redistribute the audiovisual media and does not infer a licence to reproduce it.,,dublin corporation water,,Patrimônio fílmico irlandês em acesso público,Streaming audiovisual institucional público
IFI Irish Film Archive,ifi-irish-film-archive,Ireland,Europe,IE-IFI-IFA,National film archive,https://ifiarchiveplayer.ie/,True,True,https://ifiarchiveplayer.ie/,IFI Archive Player,https://ifiarchiveplayer.ie/dublin-dog-show-championship/,dublin dog show championship,IFI Archive Player film record,Public film-page metadata exposed by the IFI Archive Player. The permalink represents a public viewing/metadata surface; MAR does not download or redistribute the audiovisual media and does not infer a licence to reproduce it.,,dublin dog show championship,,Patrimônio fílmico irlandês em acesso público,Streaming audiovisual institucional público
IFI Irish Film Archive,ifi-irish-film-archive,Ireland,Europe,IE-IFI-IFA,National film archive,https://ifiarchiveplayer.ie/,True,True,https://ifiarchiveplayer.ie/,IFI Archive Player,https://ifiarchiveplayer.ie/dublin-feed-a-bin/,dublin feed a bin,IFI Archive Player film record,Public film-page metadata exposed by the IFI Archive Player. The permalink represents a public viewing/metadata surface; MAR does not download or redistribute the audiovisual media and does not infer a licence to reproduce it.,,dublin feed a bin,,Patrimônio fílmico irlandês em acesso público,Streaming audiovisual institucional público
IFI Irish Film Archive,ifi-irish-film-archive,Ireland,Europe,IE-IFI-IFA,National film archive,https://ifiarchiveplayer.ie/,True,True,https://ifiarchiveplayer.ie/,IFI Archive Player,https://ifiarchiveplayer.ie/dublin-ireland-in-the-wake-of-the-battle/,dublin ireland in the wake of the battle,IFI Archive Player film record,Public film-page metadata exposed by the IFI Archive Player. The permalink represents a public viewing/metadata surface; MAR does not download or redistribute the audiovisual media and does not infer a licence to reproduce it.,,dublin ireland in the wake of the battle,,Patrimônio fílmico irlandês em acesso público,Streaming audiovisual institucional público
IFI Irish Film Archive,ifi-irish-film-archive,Ireland,Europe,IE-IFI-IFA,National film archive,https://ifiarchiveplayer.ie/,True,True,https://ifiarchiveplayer.ie/,IFI Archive Player,https://ifiarchiveplayer.ie/dublin-mourns-dead-president/,dublin mourns dead president,IFI Archive Player film record,Public film-page metadata exposed by the IFI Archive Player. The permalink represents a public viewing/metadata surface; MAR does not download or redistribute the audiovisual media and does not infer a licence to reproduce it.,,dublin mourns dead president,,Patrimônio fílmico irlandês em acesso público,Streaming audiovisual institucional público
IFI Irish Film Archive,ifi-irish-film-archive,Ireland,Europe,IE-IFI-IFA,National film archive,https://ifiarchiveplayer.ie/,True,True,https://ifiarchiveplayer.ie/,IFI Archive Player,https://ifiarchiveplayer.ie/dublin-new-york-irish-jet-liner-inaugural-flight/,dublin new york irish jet liner inaugural flight,IFI Archive Player film record,Public film-page metadata exposed by the IFI Archive Player. The permalink represents a public viewing/metadata surface; MAR does not download or redistribute the audiovisual media and does not infer a licence to reproduce it.,,dublin new york irish jet liner inaugural flight,,Patrimônio fílmico irlandês em acesso público,Streaming audiovisual institucional público
IFI Irish Film Archive,ifi-irish-film-archive,Ireland,Europe,IE-IFI-IFA,National film archive,https://ifiarchiveplayer.ie/,True,True,https://ifiarchiveplayer.ie/,IFI Archive Player,https://ifiarchiveplayer.ie/dublin-rebellion/,dublin rebellion,IFI Archive Player film record,Public film-page metadata exposed by the IFI Archive Player. The permalink represents a public viewing/metadata surface; MAR does not download or redistribute the audiovisual media and does not infer a licence to reproduce it.,,dublin rebellion,,Patrimônio fílmico irlandês em acesso público,Streaming audiovisual institucional público
IFI Irish Film Archive,ifi-irish-film-archive,Ireland,Europe,IE-IFI-IFA,National film archive,https://ifiarchiveplayer.ie/,True,True,https://ifiarchiveplayer.ie/,IFI Archive Player,https://ifiarchiveplayer.ie/dublin-rose-of-tralee-chosen/,dublin rose of tralee chosen,IFI Archive Player film record,Public film-page metadata exposed by the IFI Archive Player. The permalink represents a public viewing/metadata surface; MAR does not download or redistribute the audiovisual media and does not infer a licence to reproduce it.,,dublin rose of tralee chosen,,Patrimônio fílmico irlandês em acesso público,Streaming audiovisual institucional público
IFI Irish Film Archive,ifi-irish-film-archive,Ireland,Europe,IE-IFI-IFA,National film archive,https://ifiarchiveplayer.ie/,True,True,https://ifiarchiveplayer.ie/,IFI Archive Player,https://ifiarchiveplayer.ie/dublin-scenes-1915/,dublin scenes 1915,IFI Archive Player film record,Public film-page metadata exposed by the IFI Archive Player. The permalink represents a public viewing/metadata surface; MAR does not download or redistribute the audiovisual media and does not infer a licence to reproduce it.,,dublin scenes 1915,,Patrimônio fílmico irlandês em acesso público,Streaming audiovisual institucional público
IFI Irish Film Archive,ifi-irish-film-archive,Ireland,Europe,IE-IFI-IFA,National film archive,https://ifiarchiveplayer.ie/,True,True,https://ifiarchiveplayer.ie/,IFI Archive Player,https://ifiarchiveplayer.ie/dublin-shops-highlight-christmas/,dublin shops highlight christmas,IFI Archive Player film record,Public film-page metadata exposed by the IFI Archive Player. The permalink represents a public viewing/metadata surface; MAR does not download or redistribute the audiovisual media and does not infer a licence to reproduce it.,,dublin shops highlight christmas,,Patrimônio fílmico irlandês em acesso público,Streaming audiovisual institucional público
IFI Irish Film Archive,ifi-irish-film-archive,Ireland,Europe,IE-IFI-IFA,National film archive,https://ifiarchiveplayer.ie/,True,True,https://ifiarchiveplayer.ie/,IFI Archive Player,https://ifiarchiveplayer.ie/dublin-students-ban-the-bomb-protest/,dublin students ban the bomb protest,IFI Archive Player film record,Public film-page metadata exposed by the IFI Archive Player. The permalink represents a public viewing/metadata surface; MAR does not download or redistribute the audiovisual media and does not infer a licence to reproduce it.,,dublin students ban the bomb protest,,Patrimônio fílmico irlandês em acesso público,Streaming audiovisual institucional público
IFI Irish Film Archive,ifi-irish-film-archive,Ireland,Europe,IE-IFI-IFA,National film archive,https://ifiarchiveplayer.ie/,True,True,https://ifiarchiveplayer.ie/,IFI Archive Player,https://ifiarchiveplayer.ie/dublin-students-protest-2/,dublin students protest 2,IFI Archive Player film record,Public film-page metadata exposed by the IFI Archive Player. The permalink represents a public viewing/metadata surface; MAR does not download or redistribute the audiovisual media and does not infer a licence to reproduce it.,,dublin students protest 2,,Patrimônio fílmico irlandês em acesso público,Streaming audiovisual institucional público
IFI Irish Film Archive,ifi-irish-film-archive,Ireland,Europe,IE-IFI-IFA,National film archive,https://ifiarchiveplayer.ie/,True,True,https://ifiarchiveplayer.ie/,IFI Archive Player,https://ifiarchiveplayer.ie/dublin-war-scenes/,dublin war scenes,IFI Archive Player film record,Public film-page metadata exposed by the IFI Archive Player. The permalink represents a public viewing/metadata surface; MAR does not download or redistribute the audiovisual media and does not infer a licence to reproduce it.,,dublin war scenes,,Patrimônio fílmico irlandês em acesso público,Streaming audiovisual institucional público
IFI Irish Film Archive,ifi-irish-film-archive,Ireland,Europe,IE-IFI-IFA,National film archive,https://ifiarchiveplayer.ie/,True,True,https://ifiarchiveplayer.ie/,IFI Archive Player,https://ifiarchiveplayer.ie/dubliners-sean-agus-nua/,dubliners sean agus nua,IFI Archive Player film record,Public film-page metadata exposed by the IFI Archive Player. The permalink represents a public viewing/metadata surface; MAR does not download or redistribute the audiovisual media and does not infer a licence to reproduce it.,,dubliners sean agus nua,,Patrimônio fílmico irlandês em acesso público,Streaming audiovisual institucional público
IFI Irish Film Archive,ifi-irish-film-archive,Ireland,Europe,IE-IFI-IFA,National film archive,https://ifiarchiveplayer.ie/,True,True,https://ifiarchiveplayer.ie/,IFI Archive Player,https://ifiarchiveplayer.ie/dublins-civil-war/,dublins civil war,IFI Archive Player film record,Public film-page metadata exposed by the IFI Archive Player. The permalink represents a public viewing/metadata surface; MAR does not download or redistribute the audiovisual media and does not infer a licence to reproduce it.,,dublins civil war,,Patrimônio fílmico irlandês em acesso público,Streaming audiovisual institucional público
IFI Irish Film Archive,ifi-irish-film-archive,Ireland,Europe,IE-IFI-IFA,National film archive,https://ifiarchiveplayer.ie/,True,True,https://ifiarchiveplayer.ie/,IFI Archive Player,https://ifiarchiveplayer.ie/dublins-tribute-to-fallen-guards/,dublins tribute to fallen guards,IFI Archive Player film record,Public film-page metadata exposed by the IFI Archive Player. The permalink represents a public viewing/metadata surface; MAR does not download or redistribute the audiovisual media and does not infer a licence to reproduce it.,,dublins tribute to fallen guards,,Patrimônio fílmico irlandês em acesso público,Streaming audiovisual institucional público
IFI Irish Film Archive,ifi-irish-film-archive,Ireland,Europe,IE-IFI-IFA,National film archive,https://ifiarchiveplayer.ie/,True,True,https://ifiarchiveplayer.ie/,IFI Archive Player,https://ifiarchiveplayer.ie/duhallow-home/,duhallow home,IFI Archive Player film record,Public film-page metadata exposed by the IFI Archive Player. The permalink represents a public viewing/metadata surface; MAR does not download or redistribute the audiovisual media and does not infer a licence to reproduce it.,,duhallow home,,Patrimônio fílmico irlandês em acesso público,Streaming audiovisual institucional público
IFI Irish Film Archive,ifi-irish-film-archive,Ireland,Europe,IE-IFI-IFA,National film archive,https://ifiarchiveplayer.ie/,True,True,https://ifiarchiveplayer.ie/,IFI Archive Player,https://ifiarchiveplayer.ie/dulux-matchmaker/,dulux matchmaker,IFI Archive Player film record,Public film-page metadata exposed by the IFI Archive Player. The permalink represents a public viewing/metadata surface; MAR does not download or redistribute the audiovisual media and does not infer a licence to reproduce it.,,dulux matchmaker,,Patrimônio fílmico irlandês em acesso público,Streaming audiovisual institucional público
IFI Irish Film Archive,ifi-irish-film-archive,Ireland,Europe,IE-IFI-IFA,National film archive,https://ifiarchiveplayer.ie/,True,True,https://ifiarchiveplayer.ie/,IFI Archive Player,https://ifiarchiveplayer.ie/dundalk-cinema-gutted-by-fire/,dundalk cinema gutted by fire,IFI Archive Player film record,Public film-page metadata exposed by the IFI Archive Player. The permalink represents a public viewing/metadata surface; MAR does not download or redistribute the audiovisual media and does not infer a licence to reproduce it.,,dundalk cinema gutted by fire,,Patrimônio fílmico irlandês em acesso público,Streaming audiovisual institucional público
IFI Irish Film Archive,ifi-irish-film-archive,Ireland,Europe,IE-IFI-IFA,National film archive,https://ifiarchiveplayer.ie/,True,True,https://ifiarchiveplayer.ie/,IFI Archive Player,https://ifiarchiveplayer.ie/dundalk-moving-scenes-in-passion-play/,dundalk moving scenes in passion play,IFI Archive Player film record,Public film-page metadata exposed by the IFI Archive Player. The permalink represents a public viewing/metadata surface; MAR does not download or redistribute the audiovisual media and does not infer a licence to reproduce it.,,dundalk moving scenes in passion play,,Patrimônio fílmico irlandês em acesso público,Streaming audiovisual institucional público
IFI Irish Film Archive,ifi-irish-film-archive,Ireland,Europe,IE-IFI-IFA,National film archive,https://ifiarchiveplayer.ie/,True,True,https://ifiarchiveplayer.ie/,IFI Archive Player,https://ifiarchiveplayer.ie/dundalk-races/,dundalk races,IFI Archive Player film record,Public film-page metadata exposed by the IFI Archive Player. The permalink represents a public viewing/metadata surface; MAR does not download or redistribute the audiovisual media and does not infer a licence to reproduce it.,,dundalk races,,Patrimônio fílmico irlandês em acesso público,Streaming audiovisual institucional público
IFI Irish Film Archive,ifi-irish-film-archive,Ireland,Europe,IE-IFI-IFA,National film archive,https://ifiarchiveplayer.ie/,True,True,https://ifiarchiveplayer.ie/,IFI Archive Player,https://ifiarchiveplayer.ie/eamon-de-valera-in-boston/,eamon de valera in boston,IFI Archive Player film record,Public film-page metadata exposed by the IFI Archive Player. The permalink represents a public viewing/metadata surface; MAR does not download or redistribute the audiovisual media and does not infer a licence to reproduce it.,,eamon de valera in boston,,Patrimônio fílmico irlandês em acesso público,Streaming audiovisual institucional público
IFI Irish Film Archive,ifi-irish-film-archive,Ireland,Europe,IE-IFI-IFA,National film archive,https://ifiarchiveplayer.ie/,True,True,https://ifiarchiveplayer.ie/,IFI Archive Player,https://ifiarchiveplayer.ie/eamonn-mccann-a-long-march/,eamonn mccann a long march,IFI Archive Player film record,Public film-page metadata exposed by the IFI Archive Player. The permalink represents a public viewing/metadata surface; MAR does not download or redistribute the audiovisual media and does not infer a licence to reproduce it.,,eamonn mccann a long march,,Patrimônio fílmico irlandês em acesso público,Streaming audiovisual institucional público
IFI Irish Film Archive,ifi-irish-film-archive,Ireland,Europe,IE-IFI-IFA,National film archive,https://ifiarchiveplayer.ie/,True,True,https://ifiarchiveplayer.ie/,IFI Archive Player,https://ifiarchiveplayer.ie/early-animations/,early animations,IFI Archive Player film record,Public film-page metadata exposed by the IFI Archive Player. The permalink represents a public viewing/metadata surface; MAR does not download or redistribute the audiovisual media and does not infer a licence to reproduce it.,,early animations,,Patrimônio fílmico irlandês em acesso público,Streaming audiovisual institucional público
IFI Irish Film Archive,ifi-irish-film-archive,Ireland,Europe,IE-IFI-IFA,National film archive,https://ifiarchiveplayer.ie/,True,True,https://ifiarchiveplayer.ie/,IFI Archive Player,https://ifiarchiveplayer.ie/east-ireland-fencing-championships-mens-foils-section/,east ireland fencing championships mens foils section,IFI Archive Player film record,Public film-page metadata exposed by the IFI Archive Player. The permalink represents a public viewing/metadata surface; MAR does not download or redistribute the audiovisual media and does not infer a licence to reproduce it.,,east ireland fencing championships mens foils section,,Patrimônio fílmico irlandês em acesso público,Streaming audiovisual institucional público
IFI Irish Film Archive,ifi-irish-film-archive,Ireland,Europe,IE-IFI-IFA,National film archive,https://ifiarchiveplayer.ie/,True,True,https://ifiarchiveplayer.ie/,IFI Archive Player,https://ifiarchiveplayer.ie/echo/,echo,IFI Archive Player film record,Public film-page metadata exposed by the IFI Archive Player. The permalink represents a public viewing/metadata surface; MAR does not download or redistribute the audiovisual media and does not infer a licence to reproduce it.,,echo,,Patrimônio fílmico irlandês em acesso público,Streaming audiovisual institucional público
IFI Irish Film Archive,ifi-irish-film-archive,Ireland,Europe,IE-IFI-IFA,National film archive,https://ifiarchiveplayer.ie/,True,True,https://ifiarchiveplayer.ie/,IFI Archive Player,https://ifiarchiveplayer.ie/electrification-of-connemara/,electrification of connemara,IFI Archive Player film record,Public film-page metadata exposed by the IFI Archive Player. The permalink represents a public viewing/metadata surface; MAR does not download or redistribute the audiovisual media and does not infer a licence to reproduce it.,,electrification of connemara,,Patrimônio fílmico irlandês em acesso público,Streaming audiovisual institucional público
IFI Irish Film Archive,ifi-irish-film-archive,Ireland,Europe,IE-IFI-IFA,National film archive,https://ifiarchiveplayer.ie/,True,True,https://ifiarchiveplayer.ie/,IFI Archive Player,https://ifiarchiveplayer.ie/elkie/,elkie,IFI Archive Player film record,Public film-page metadata exposed by the IFI Archive Player. The permalink represents a public viewing/metadata surface; MAR does not download or redistribute the audiovisual media and does not infer a licence to reproduce it.,,elkie,,Patrimônio fílmico irlandês em acesso público,Streaming audiovisual institucional público
IFI Irish Film Archive,ifi-irish-film-archive,Ireland,Europe,IE-IFI-IFA,National film archive,https://ifiarchiveplayer.ie/,True,True,https://ifiarchiveplayer.ie/,IFI Archive Player,https://ifiarchiveplayer.ie/emerald-shannon/,emerald shannon,IFI Archive Player film record,Public film-page metadata exposed by the IFI Archive Player. The permalink represents a public viewing/metadata surface; MAR does not download or redistribute the audiovisual media and does not infer a licence to reproduce it.,,emerald shannon,,Patrimônio fílmico irlandês em acesso público,Streaming audiovisual institucional público
IFI Irish Film Archive,ifi-irish-film-archive,Ireland,Europe,IE-IFI-IFA,National film archive,https://ifiarchiveplayer.ie/,True,True,https://ifiarchiveplayer.ie/,IFI Archive Player,https://ifiarchiveplayer.ie/ennis/,ennis,IFI Archive Player film record,Public film-page metadata exposed by the IFI Archive Player. The permalink represents a public viewing/metadata surface; MAR does not download or redistribute the audiovisual media and does not infer a licence to reproduce it.,,ennis,,Patrimônio fílmico irlandês em acesso público,Streaming audiovisual institucional público
IFI Irish Film Archive,ifi-irish-film-archive,Ireland,Europe,IE-IFI-IFA,National film archive,https://ifiarchiveplayer.ie/,True,True,https://ifiarchiveplayer.ie/,IFI Archive Player,https://ifiarchiveplayer.ie/epitaph/,epitaph,IFI Archive Player film record,Public film-page metadata exposed by the IFI Archive Player. The permalink represents a public viewing/metadata surface; MAR does not download or redistribute the audiovisual media and does not infer a licence to reproduce it.,,epitaph,,Patrimônio fílmico irlandês em acesso público,Streaming audiovisual institucional público
IFI Irish Film Archive,ifi-irish-film-archive,Ireland,Europe,IE-IFI-IFA,National film archive,https://ifiarchiveplayer.ie/,True,True,https://ifiarchiveplayer.ie/,IFI Archive Player,https://ifiarchiveplayer.ie/errigal/,errigal,IFI Archive Player film record,Public film-page metadata exposed by the IFI Archive Player. The permalink represents a public viewing/metadata surface; MAR does not download or redistribute the audiovisual media and does not infer a licence to reproduce it.,,errigal,,Patrimônio fílmico irlandês em acesso público,Streaming audiovisual institucional público
IFI Irish Film Archive,ifi-irish-film-archive,Ireland,Europe,IE-IFI-IFA,National film archive,https://ifiarchiveplayer.ie/,True,True,https://ifiarchiveplayer.ie/,IFI Archive Player,https://ifiarchiveplayer.ie/esb-warm-home/,esb warm home,IFI Archive Player film record,Public film-page metadata exposed by the IFI Archive Player. The permalink represents a public viewing/metadata surface; MAR does not download or redistribute the audiovisual media and does not infer a licence to reproduce it.,,esb warm home,,Patrimônio fílmico irlandês em acesso público,Streaming audiovisual institucional público
IFI Irish Film Archive,ifi-irish-film-archive,Ireland,Europe,IE-IFI-IFA,National film archive,https://ifiarchiveplayer.ie/,True,True,https://ifiarchiveplayer.ie/,IFI Archive Player,https://ifiarchiveplayer.ie/essies-last-stand-one-year-later/,essies last stand one year later,IFI Archive Player film record,Public film-page metadata exposed by the IFI Archive Player. The permalink represents a public viewing/metadata surface; MAR does not download or redistribute the audiovisual media and does not infer a licence to reproduce it.,,essies last stand one year later,,Patrimônio fílmico irlandês em acesso público,Streaming audiovisual institucional público
IFI Irish Film Archive,ifi-irish-film-archive,Ireland,Europe,IE-IFI-IFA,National film archive,https://ifiarchiveplayer.ie/,True,True,https://ifiarchiveplayer.ie/,IFI Archive Player,https://ifiarchiveplayer.ie/essies_last_stand/,essies_last_stand,IFI Archive Player film record,Public film-page metadata exposed by the IFI Archive Player. The permalink represents a public viewing/metadata surface; MAR does not download or redistribute the audiovisual media and does not infer a licence to reproduce it.,,essies_last_stand,,Patrimônio fílmico irlandês em acesso público,Streaming audiovisual institucional público
IFI Irish Film Archive,ifi-irish-film-archive,Ireland,Europe,IE-IFI-IFA,National film archive,https://ifiarchiveplayer.ie/,True,True,https://ifiarchiveplayer.ie/,IFI Archive Player,https://ifiarchiveplayer.ie/evacuation-of-ireland/,evacuation of ireland,IFI Archive Player film record,Public film-page metadata exposed by the IFI Archive Player. The permalink represents a public viewing/metadata surface; MAR does not download or redistribute the audiovisual media and does not infer a licence to reproduce it.,,evacuation of ireland,,Patrimônio fílmico irlandês em acesso público,Streaming audiovisual institucional público
IFI Irish Film Archive,ifi-irish-film-archive,Ireland,Europe,IE-IFI-IFA,National film archive,https://ifiarchiveplayer.ie/,True,True,https://ifiarchiveplayer.ie/,IFI Archive Player,https://ifiarchiveplayer.ie/exhibition-of-gaelic-books/,exhibition of gaelic books,IFI Archive Player film record,Public film-page metadata exposed by the IFI Archive Player. The permalink represents a public viewing/metadata surface; MAR does not download or redistribute the audiovisual media and does not infer a licence to reproduce it.,,exhibition of gaelic books,,Patrimônio fílmico irlandês em acesso público,Streaming audiovisual institucional público
IFI Irish Film Archive,ifi-irish-film-archive,Ireland,Europe,IE-IFI-IFA,National film archive,https://ifiarchiveplayer.ie/,True,True,https://ifiarchiveplayer.ie/,IFI Archive Player,https://ifiarchiveplayer.ie/fa-cup/,fa cup,IFI Archive Player film record,Public film-page metadata exposed by the IFI Archive Player. The permalink represents a public viewing/metadata surface; MAR does not download or redistribute the audiovisual media and does not infer a licence to reproduce it.,,fa cup,,Patrimônio fílmico irlandês em acesso público,Streaming audiovisual institucional público
IFI Irish Film Archive,ifi-irish-film-archive,Ireland,Europe,IE-IFI-IFA,National film archive,https://ifiarchiveplayer.ie/,True,True,https://ifiarchiveplayer.ie/,IFI Archive Player,https://ifiarchiveplayer.ie/faithful-departed/,faithful departed,IFI Archive Player film record,Public film-page metadata exposed by the IFI Archive Player. The permalink represents a public viewing/metadata surface; MAR does not download or redistribute the audiovisual media and does not infer a licence to reproduce it.,,faithful departed,,Patrimônio fílmico irlandês em acesso público,Streaming audiovisual institucional público
IFI Irish Film Archive,ifi-irish-film-archive,Ireland,Europe,IE-IFI-IFA,National film archive,https://ifiarchiveplayer.ie/,True,True,https://ifiarchiveplayer.ie/,IFI Archive Player,https://ifiarchiveplayer.ie/fall-into-half-angel/,fall into half angel,IFI Archive Player film record,Public film-page metadata exposed by the IFI Archive Player. The permalink represents a public viewing/metadata surface; MAR does not download or redistribute the audiovisual media and does not infer a licence to reproduce it.,,fall into half angel,,Patrimônio fílmico irlandês em acesso público,Streaming audiovisual institucional público
IFI Irish Film Archive,ifi-irish-film-archive,Ireland,Europe,IE-IFI-IFA,National film archive,https://ifiarchiveplayer.ie/,True,True,https://ifiarchiveplayer.ie/,IFI Archive Player,https://ifiarchiveplayer.ie/fall-of-limerick/,fall of limerick,IFI Archive Player film record,Public film-page metadata exposed by the IFI Archive Player. The permalink represents a public viewing/metadata surface; MAR does not download or redistribute the audiovisual media and does not infer a licence to reproduce it.,,fall of limerick,,Patrimônio fílmico irlandês em acesso público,Streaming audiovisual institucional público
IFI Irish Film Archive,ifi-irish-film-archive,Ireland,Europe,IE-IFI-IFA,National film archive,https://ifiarchiveplayer.ie/,True,True,https://ifiarchiveplayer.ie/,IFI Archive Player,https://ifiarchiveplayer.ie/fancy-dress-on-motor-bikes/,fancy dress on motor bikes,IFI Archive Player film record,Public film-page metadata exposed by the IFI Archive Player. The permalink represents a public viewing/metadata surface; MAR does not download or redistribute the audiovisual media and does not infer a licence to reproduce it.,,fancy dress on motor bikes,,Patrimônio fílmico irlandês em acesso público,Streaming audiovisual institucional público
IFI Irish Film Archive,ifi-irish-film-archive,Ireland,Europe,IE-IFI-IFA,National film archive,https://ifiarchiveplayer.ie/,True,True,https://ifiarchiveplayer.ie/,IFI Archive Player,https://ifiarchiveplayer.ie/farleys-rusks/,farleys rusks,IFI Archive Player film record,Public film-page metadata exposed by the IFI Archive Player. The permalink represents a public viewing/metadata surface; MAR does not download or redistribute the audiovisual media and does not infer a licence to reproduce it.,,farleys rusks,,Patrimônio fílmico irlandês em acesso público,Streaming audiovisual institucional público
IFI Irish Film Archive,ifi-irish-film-archive,Ireland,Europe,IE-IFI-IFA,National film archive,https://ifiarchiveplayer.ie/,True,True,https://ifiarchiveplayer.ie/,IFI Archive Player,https://ifiarchiveplayer.ie/fashion-show-aids-polio-clinic/,fashion show aids polio clinic,IFI Archive Player film record,Public film-page metadata exposed by the IFI Archive Player. The permalink represents a public viewing/metadata surface; MAR does not download or redistribute the audiovisual media and does not infer a licence to reproduce it.,,fashion show aids polio clinic,,Patrimônio fílmico irlandês em acesso público,Streaming audiovisual institucional público
IFI Irish Film Archive,ifi-irish-film-archive,Ireland,Europe,IE-IFI-IFA,National film archive,https://ifiarchiveplayer.ie/,True,True,https://ifiarchiveplayer.ie/,IFI Archive Player,https://ifiarchiveplayer.ie/fashions-for-spring-if-it-comes/,fashions for spring if it comes,IFI Archive Player film record,Public film-page metadata exposed by the IFI Archive Player. The permalink represents a public viewing/metadata surface; MAR does not download or redistribute the audiovisual media and does not infer a licence to reproduce it.,,fashions for spring if it comes,,Patrimônio fílmico irlandês em acesso público,Streaming audiovisual institucional público
IFI Irish Film Archive,ifi-irish-film-archive,Ireland,Europe,IE-IFI-IFA,National film archive,https://ifiarchiveplayer.ie/,True,True,https://ifiarchiveplayer.ie/,IFI Archive Player,https://ifiarchiveplayer.ie/father-delany-collection-cambria-ship/,father delany collection cambria ship,IFI Archive Player film record,Public film-page metadata exposed by the IFI Archive Player. The permalink represents a public viewing/metadata surface; MAR does not download or redistribute the audiovisual media and does not infer a licence to reproduce it.,,father delany collection cambria ship,,Patrimônio fílmico irlandês em acesso público,Streaming audiovisual institucional público
IFI Irish Film Archive,ifi-irish-film-archive,Ireland,Europe,IE-IFI-IFA,National film archive,https://ifiarchiveplayer.ie/,True,True,https://ifiarchiveplayer.ie/,IFI Archive Player,https://ifiarchiveplayer.ie/father-delany-collection-card-games/,father delany collection card games,IFI Archive Player film record,Public film-page metadata exposed by the IFI Archive Player. The permalink represents a public viewing/metadata surface; MAR does not download or redistribute the audiovisual media and does not infer a licence to reproduce it.,,father delany collection card games,,Patrimônio fílmico irlandês em acesso público,Streaming audiovisual institucional público
IFI Irish Film Archive,ifi-irish-film-archive,Ireland,Europe,IE-IFI-IFA,National film archive,https://ifiarchiveplayer.ie/,True,True,https://ifiarchiveplayer.ie/,IFI Archive Player,https://ifiarchiveplayer.ie/father-delany-collection-childrens-play/,father delany collection childrens play,IFI Archive Player film record,Public film-page metadata exposed by the IFI Archive Player. The permalink represents a public viewing/metadata surface; MAR does not download or redistribute the audiovisual media and does not infer a licence to reproduce it.,,father delany collection childrens play,,Patrimônio fílmico irlandês em acesso público,Streaming audiovisual institucional público
IFI Irish Film Archive,ifi-irish-film-archive,Ireland,Europe,IE-IFI-IFA,National film archive,https://ifiarchiveplayer.ie/,True,True,https://ifiarchiveplayer.ie/,IFI Archive Player,https://ifiarchiveplayer.ie/father-delany-collection-communion/,father delany collection communion,IFI Archive Player film record,Public film-page metadata exposed by the IFI Archive Player. The permalink represents a public viewing/metadata surface; MAR does not download or redistribute the audiovisual media and does not infer a licence to reproduce it.,,father delany collection communion,,Patrimônio fílmico irlandês em acesso público,Streaming audiovisual institucional público
IFI Irish Film Archive,ifi-irish-film-archive,Ireland,Europe,IE-IFI-IFA,National film archive,https://ifiarchiveplayer.ie/,True,True,https://ifiarchiveplayer.ie/,IFI Archive Player,https://ifiarchiveplayer.ie/father-delany-collection-corpus/,father delany collection corpus,IFI Archive Player film record,Public film-page metadata exposed by the IFI Archive Player. The permalink represents a public viewing/metadata surface; MAR does not download or redistribute the audiovisual media and does not infer a licence to reproduce it.,,father delany collection corpus,,Patrimônio fílmico irlandês em acesso público,Streaming audiovisual institucional público
IFI Irish Film Archive,ifi-irish-film-archive,Ireland,Europe,IE-IFI-IFA,National film archive,https://ifiarchiveplayer.ie/,True,True,https://ifiarchiveplayer.ie/,IFI Archive Player,https://ifiarchiveplayer.ie/father-delany-collection-croquet/,father delany collection croquet,IFI Archive Player film record,Public film-page metadata exposed by the IFI Archive Player. The permalink represents a public viewing/metadata surface; MAR does not download or redistribute the audiovisual media and does not infer a licence to reproduce it.,,father delany collection croquet,,Patrimônio fílmico irlandês em acesso público,Streaming audiovisual institucional público
IFI Irish Film Archive,ifi-irish-film-archive,Ireland,Europe,IE-IFI-IFA,National film archive,https://ifiarchiveplayer.ie/,True,True,https://ifiarchiveplayer.ie/,IFI Archive Player,https://ifiarchiveplayer.ie/father-delany-collection-dublin-zoo/,father delany collection dublin zoo,IFI Archive Player film record,Public film-page metadata exposed by the IFI Archive Player. The permalink represents a public viewing/metadata surface; MAR does not download or redistribute the audiovisual media and does not infer a licence to reproduce it.,,father delany collection dublin zoo,,Patrimônio fílmico irlandês em acesso público,Streaming audiovisual institucional público
IFI Irish Film Archive,ifi-irish-film-archive,Ireland,Europe,IE-IFI-IFA,National film archive,https://ifiarchiveplayer.ie/,True,True,https://ifiarchiveplayer.ie/,IFI Archive Player,https://ifiarchiveplayer.ie/father-delany-collection-dun-laoghaire-storm/,father delany collection dun laoghaire storm,IFI Archive Player film record,Public film-page metadata exposed by the IFI Archive Player. The permalink represents a public viewing/metadata surface; MAR does not download or redistribute the audiovisual media and does not infer a licence to reproduce it.,,father delany collection dun laoghaire storm,,Patrimônio fílmico irlandês em acesso público,Streaming audiovisual institucional público
IFI Irish Film Archive,ifi-irish-film-archive,Ireland,Europe,IE-IFI-IFA,National film archive,https://ifiarchiveplayer.ie/,True,True,https://ifiarchiveplayer.ie/,IFI Archive Player,https://ifiarchiveplayer.ie/father-delany-collection-gloucester-street/,father delany collection gloucester street,IFI Archive Player film record,Public film-page metadata exposed by the IFI Archive Player. The permalink represents a public viewing/metadata surface; MAR does not download or redistribute the audiovisual media and does not infer a licence to reproduce it.,,father delany collection gloucester street,,Patrimônio fílmico irlandês em acesso público,Streaming audiovisual institucional público
IFI Irish Film Archive,ifi-irish-film-archive,Ireland,Europe,IE-IFI-IFA,National film archive,https://ifiarchiveplayer.ie/,True,True,https://ifiarchiveplayer.ie/,IFI Archive Player,https://ifiarchiveplayer.ie/father-delany-collection-killiney/,father delany collection killiney,IFI Archive Player film record,Public film-page metadata exposed by the IFI Archive Player. The permalink represents a public viewing/metadata surface; MAR does not download or redistribute the audiovisual media and does not infer a licence to reproduce it.,,father delany collection killiney,,Patrimônio fílmico irlandês em acesso público,Streaming audiovisual institucional público
IFI Irish Film Archive,ifi-irish-film-archive,Ireland,Europe,IE-IFI-IFA,National film archive,https://ifiarchiveplayer.ie/,True,True,https://ifiarchiveplayer.ie/,IFI Archive Player,https://ifiarchiveplayer.ie/father-delany-collection-magdalene-laundry/,father delany collection magdalene laundry,IFI Archive Player film record,Public film-page metadata exposed by the IFI Archive Player. The permalink represents a public viewing/metadata surface; MAR does not download or redistribute the audiovisual media and does not infer a licence to reproduce it.,,father delany collection magdalene laundry,,Patrimônio fílmico irlandês em acesso público,Streaming audiovisual institucional público
IFI Irish Film Archive,ifi-irish-film-archive,Ireland,Europe,IE-IFI-IFA,National film archive,https://ifiarchiveplayer.ie/,True,True,https://ifiarchiveplayer.ie/,IFI Archive Player,https://ifiarchiveplayer.ie/father-delany-collection-navan-road/,father delany collection navan road,IFI Archive Player film record,Public film-page metadata exposed by the IFI Archive Player. The permalink represents a public viewing/metadata surface; MAR does not download or redistribute the audiovisual media and does not infer a licence to reproduce it.,,father delany collection navan road,,Patrimônio fílmico irlandês em acesso público,Streaming audiovisual institucional público
IFI Irish Film Archive,ifi-irish-film-archive,Ireland,Europe,IE-IFI-IFA,National film archive,https://ifiarchiveplayer.ie/,True,True,https://ifiarchiveplayer.ie/,IFI Archive Player,https://ifiarchiveplayer.ie/father-delany-collection-sports-day/,father delany collection sports day,IFI Archive Player film record,Public film-page metadata exposed by the IFI Archive Player. The permalink represents a public viewing/metadata surface; MAR does not download or redistribute the audiovisual media and does not infer a licence to reproduce it.,,father delany collection sports day,,Patrimônio fílmico irlandês em acesso público,Streaming audiovisual institucional público
IFI Irish Film Archive,ifi-irish-film-archive,Ireland,Europe,IE-IFI-IFA,National film archive,https://ifiarchiveplayer.ie/,True,True,https://ifiarchiveplayer.ie/,IFI Archive Player,https://ifiarchiveplayer.ie/father-delany-collection-west-cork/,father delany collection west cork,IFI Archive Player film record,Public film-page metadata exposed by the IFI Archive Player. The permalink represents a public viewing/metadata surface; MAR does not download or redistribute the audiovisual media and does not infer a licence to reproduce it.,,father delany collection west cork,,Patrimônio fílmico irlandês em acesso público,Streaming audiovisual institucional público
IFI Irish Film Archive,ifi-irish-film-archive,Ireland,Europe,IE-IFI-IFA,National film archive,https://ifiarchiveplayer.ie/,True,True,https://ifiarchiveplayer.ie/,IFI Archive Player,https://ifiarchiveplayer.ie/fathom/,fathom,IFI Archive Player film record,Public film-page metadata exposed by the IFI Archive Player. The permalink represents a public viewing/metadata surface; MAR does not download or redistribute the audiovisual media and does not infer a licence to reproduce it.,,fathom,,Patrimônio fílmico irlandês em acesso público,Streaming audiovisual institucional público
IFI Irish Film Archive,ifi-irish-film-archive,Ireland,Europe,IE-IFI-IFA,National film archive,https://ifiarchiveplayer.ie/,True,True,https://ifiarchiveplayer.ie/,IFI Archive Player,https://ifiarchiveplayer.ie/feels-so-heavy/,feels so heavy,IFI Archive Player film record,Public film-page metadata exposed by the IFI Archive Player. The permalink represents a public viewing/metadata surface; MAR does not download or redistribute the audiovisual media and does not infer a licence to reproduce it.,,feels so heavy,,Patrimônio fílmico irlandês em acesso público,Streaming audiovisual institucional público
IFI Irish Film Archive,ifi-irish-film-archive,Ireland,Europe,IE-IFI-IFA,National film archive,https://ifiarchiveplayer.ie/,True,True,https://ifiarchiveplayer.ie/,IFI Archive Player,https://ifiarchiveplayer.ie/fifty-percent-grey/,fifty percent grey,IFI Archive Player film record,Public film-page metadata exposed by the IFI Archive Player. The permalink represents a public viewing/metadata surface; MAR does not download or redistribute the audiovisual media and does not infer a licence to reproduce it.,,fifty percent grey,,Patrimônio fílmico irlandês em acesso público,Streaming audiovisual institucional público
IFI Irish Film Archive,ifi-irish-film-archive,Ireland,Europe,IE-IFI-IFA,National film archive,https://ifiarchiveplayer.ie/,True,True,https://ifiarchiveplayer.ie/,IFI Archive Player,https://ifiarchiveplayer.ie/fighting-speech/,fighting speech,IFI Archive Player film record,Public film-page metadata exposed by the IFI Archive Player. The permalink represents a public viewing/metadata surface; MAR does not download or redistribute the audiovisual media and does not infer a licence to reproduce it.,,fighting speech,,Patrimônio fílmico irlandês em acesso público,Streaming audiovisual institucional público
IFI Irish Film Archive,ifi-irish-film-archive,Ireland,Europe,IE-IFI-IFA,National film archive,https://ifiarchiveplayer.ie/,True,True,https://ifiarchiveplayer.ie/,IFI Archive Player,https://ifiarchiveplayer.ie/film-club-antics/,film club antics,IFI Archive Player film record,Public film-page metadata exposed by the IFI Archive Player. The permalink represents a public viewing/metadata surface; MAR does not download or redistribute the audiovisual media and does not infer a licence to reproduce it.,,film club antics,,Patrimônio fílmico irlandês em acesso público,Streaming audiovisual institucional público
IFI Irish Film Archive,ifi-irish-film-archive,Ireland,Europe,IE-IFI-IFA,National film archive,https://ifiarchiveplayer.ie/,True,True,https://ifiarchiveplayer.ie/,IFI Archive Player,https://ifiarchiveplayer.ie/final-say/,final say,IFI Archive Player film record,Public film-page metadata exposed by the IFI Archive Player. The permalink represents a public viewing/metadata surface; MAR does not download or redistribute the audiovisual media and does not infer a licence to reproduce it.,,final say,,Patrimônio fílmico irlandês em acesso público,Streaming audiovisual institucional público
IFI Irish Film Archive,ifi-irish-film-archive,Ireland,Europe,IE-IFI-IFA,National film archive,https://ifiarchiveplayer.ie/,True,True,https://ifiarchiveplayer.ie/,IFI Archive Player,https://ifiarchiveplayer.ie/findus-fish-fingers/,findus fish fingers,IFI Archive Player film record,Public film-page metadata exposed by the IFI Archive Player. The permalink represents a public viewing/metadata surface; MAR does not download or redistribute the audiovisual media and does not infer a licence to reproduce it.,,findus fish fingers,,Patrimônio fílmico irlandês em acesso público,Streaming audiovisual institucional público
IFI Irish Film Archive,ifi-irish-film-archive,Ireland,Europe,IE-IFI-IFA,National film archive,https://ifiarchiveplayer.ie/,True,True,https://ifiarchiveplayer.ie/,IFI Archive Player,https://ifiarchiveplayer.ie/first-aid-for-youngsters/,first aid for youngsters,IFI Archive Player film record,Public film-page metadata exposed by the IFI Archive Player. The permalink represents a public viewing/metadata surface; MAR does not download or redistribute the audiovisual media and does not infer a licence to reproduce it.,,first aid for youngsters,,Patrimônio fílmico irlandês em acesso público,Streaming audiovisual institucional público
IFI Irish Film Archive,ifi-irish-film-archive,Ireland,Europe,IE-IFI-IFA,National film archive,https://ifiarchiveplayer.ie/,True,True,https://ifiarchiveplayer.ie/,IFI Archive Player,https://ifiarchiveplayer.ie/first-jet-service-via-shannon-to-europe/,first jet service via shannon to europe,IFI Archive Player film record,Public film-page metadata exposed by the IFI Archive Player. The permalink represents a public viewing/metadata surface; MAR does not download or redistribute the audiovisual media and does not infer a licence to reproduce it.,,first jet service via shannon to europe,,Patrimônio fílmico irlandês em acesso público,Streaming audiovisual institucional público
IFI Irish Film Archive,ifi-irish-film-archive,Ireland,Europe,IE-IFI-IFA,National film archive,https://ifiarchiveplayer.ie/,True,True,https://ifiarchiveplayer.ie/,IFI Archive Player,https://ifiarchiveplayer.ie/fisherman/,fisherman,IFI Archive Player film record,Public film-page metadata exposed by the IFI Archive Player. The permalink represents a public viewing/metadata surface; MAR does not download or redistribute the audiovisual media and does not infer a licence to reproduce it.,,fisherman,,Patrimônio fílmico irlandês em acesso público,Streaming audiovisual institucional público
IFI Irish Film Archive,ifi-irish-film-archive,Ireland,Europe,IE-IFI-IFA,National film archive,https://ifiarchiveplayer.ie/,True,True,https://ifiarchiveplayer.ie/,IFI Archive Player,https://ifiarchiveplayer.ie/five-star-supermarkets/,five star supermarkets,IFI Archive Player film record,Public film-page metadata exposed by the IFI Archive Player. The permalink represents a public viewing/metadata surface; MAR does not download or redistribute the audiovisual media and does not infer a licence to reproduce it.,,five star supermarkets,,Patrimônio fílmico irlandês em acesso público,Streaming audiovisual institucional público
IFI Irish Film Archive,ifi-irish-film-archive,Ireland,Europe,IE-IFI-IFA,National film archive,https://ifiarchiveplayer.ie/,True,True,https://ifiarchiveplayer.ie/,IFI Archive Player,https://ifiarchiveplayer.ie/fizzies/,fizzies,IFI Archive Player film record,Public film-page metadata exposed by the IFI Archive Player. The permalink represents a public viewing/metadata surface; MAR does not download or redistribute the audiovisual media and does not infer a licence to reproduce it.,,fizzies,,Patrimônio fílmico irlandês em acesso público,Streaming audiovisual institucional público
IFI Irish Film Archive,ifi-irish-film-archive,Ireland,Europe,IE-IFI-IFA,National film archive,https://ifiarchiveplayer.ie/,True,True,https://ifiarchiveplayer.ie/,IFI Archive Player,https://ifiarchiveplayer.ie/flea-ceoil/,flea ceoil,IFI Archive Player film record,Public film-page metadata exposed by the IFI Archive Player. The permalink represents a public viewing/metadata surface; MAR does not download or redistribute the audiovisual media and does not infer a licence to reproduce it.,,flea ceoil,,Patrimônio fílmico irlandês em acesso público,Streaming audiovisual institucional público
IFI Irish Film Archive,ifi-irish-film-archive,Ireland,Europe,IE-IFI-IFA,National film archive,https://ifiarchiveplayer.ie/,True,True,https://ifiarchiveplayer.ie/,IFI Archive Player,https://ifiarchiveplayer.ie/fleadh-ceoil-mullingar/,fleadh ceoil mullingar,IFI Archive Player film record,Public film-page metadata exposed by the IFI Archive Player. The permalink represents a public viewing/metadata surface; MAR does not download or redistribute the audiovisual media and does not infer a licence to reproduce it.,,fleadh ceoil mullingar,,Patrimônio fílmico irlandês em acesso público,Streaming audiovisual institucional público
IFI Irish Film Archive,ifi-irish-film-archive,Ireland,Europe,IE-IFI-IFA,National film archive,https://ifiarchiveplayer.ie/,True,True,https://ifiarchiveplayer.ie/,IFI Archive Player,https://ifiarchiveplayer.ie/fleadh-ceoil-na-heireann-boyle/,fleadh ceoil na heireann boyle,IFI Archive Player film record,Public film-page metadata exposed by the IFI Archive Player. The permalink represents a public viewing/metadata surface; MAR does not download or redistribute the audiovisual media and does not infer a licence to reproduce it.,,fleadh ceoil na heireann boyle,,Patrimônio fílmico irlandês em acesso público,Streaming audiovisual institucional público
IFI Irish Film Archive,ifi-irish-film-archive,Ireland,Europe,IE-IFI-IFA,National film archive,https://ifiarchiveplayer.ie/,True,True,https://ifiarchiveplayer.ie/,IFI Archive Player,https://ifiarchiveplayer.ie/fleadh-ceoil-swinford/,fleadh ceoil swinford,IFI Archive Player film record,Public film-page metadata exposed by the IFI Archive Player. The permalink represents a public viewing/metadata surface; MAR does not download or redistribute the audiovisual media and does not infer a licence to reproduce it.,,fleadh ceoil swinford,,Patrimônio fílmico irlandês em acesso público,Streaming audiovisual institucional público
IFI Irish Film Archive,ifi-irish-film-archive,Ireland,Europe,IE-IFI-IFA,National film archive,https://ifiarchiveplayer.ie/,True,True,https://ifiarchiveplayer.ie/,IFI Archive Player,https://ifiarchiveplayer.ie/fleadh-ceoil-tuam/,fleadh ceoil tuam,IFI Archive Player film record,Public film-page metadata exposed by the IFI Archive Player. The permalink represents a public viewing/metadata surface; MAR does not download or redistribute the audiovisual media and does not infer a licence to reproduce it.,,fleadh ceoil tuam,,Patrimônio fílmico irlandês em acesso público,Streaming audiovisual institucional público
IFI Irish Film Archive,ifi-irish-film-archive,Ireland,Europe,IE-IFI-IFA,National film archive,https://ifiarchiveplayer.ie/,True,True,https://ifiarchiveplayer.ie/,IFI Archive Player,https://ifiarchiveplayer.ie/fleet-visits-belfast/,fleet visits belfast,IFI Archive Player film record,Public film-page metadata exposed by the IFI Archive Player. The permalink represents a public viewing/metadata surface; MAR does not download or redistribute the audiovisual media and does not infer a licence to reproduce it.,,fleet visits belfast,,Patrimônio fílmico irlandês em acesso público,Streaming audiovisual institucional público
IFI Irish Film Archive,ifi-irish-film-archive,Ireland,Europe,IE-IFI-IFA,National film archive,https://ifiarchiveplayer.ie/,True,True,https://ifiarchiveplayer.ie/,IFI Archive Player,https://ifiarchiveplayer.ie/flour-millers-asssociation-launch-cookery-drive/,flour millers asssociation launch cookery drive,IFI Archive Player film record,Public film-page metadata exposed by the IFI Archive Player. The permalink represents a public viewing/metadata surface; MAR does not download or redistribute the audiovisual media and does not infer a licence to reproduce it.,,flour millers asssociation launch cookery drive,,Patrimônio fílmico irlandês em acesso público,Streaming audiovisual institucional público
IFI Irish Film Archive,ifi-irish-film-archive,Ireland,Europe,IE-IFI-IFA,National film archive,https://ifiarchiveplayer.ie/,True,True,https://ifiarchiveplayer.ie/,IFI Archive Player,https://ifiarchiveplayer.ie/fluent-dysphasia/,fluent dysphasia,IFI Archive Player film record,Public film-page metadata exposed by the IFI Archive Player. The permalink represents a public viewing/metadata surface; MAR does not download or redistribute the audiovisual media and does not infer a licence to reproduce it.,,fluent dysphasia,,Patrimônio fílmico irlandês em acesso público,Streaming audiovisual institucional público
IFI Irish Film Archive,ifi-irish-film-archive,Ireland,Europe,IE-IFI-IFA,National film archive,https://ifiarchiveplayer.ie/,True,True,https://ifiarchiveplayer.ie/,IFI Archive Player,https://ifiarchiveplayer.ie/flying-toucans/,flying toucans,IFI Archive Player film record,Public film-page metadata exposed by the IFI Archive Player. The permalink represents a public viewing/metadata surface; MAR does not download or redistribute the audiovisual media and does not infer a licence to reproduce it.,,flying toucans,,Patrimônio fílmico irlandês em acesso público,Streaming audiovisual institucional público
IFI Irish Film Archive,ifi-irish-film-archive,Ireland,Europe,IE-IFI-IFA,National film archive,https://ifiarchiveplayer.ie/,True,True,https://ifiarchiveplayer.ie/,IFI Archive Player,https://ifiarchiveplayer.ie/for-irelands-sake/,for irelands sake,IFI Archive Player film record,Public film-page metadata exposed by the IFI Archive Player. The permalink represents a public viewing/metadata surface; MAR does not download or redistribute the audiovisual media and does not infer a licence to reproduce it.,,for irelands sake,,Patrimônio fílmico irlandês em acesso público,Streaming audiovisual institucional público
IFI Irish Film Archive,ifi-irish-film-archive,Ireland,Europe,IE-IFI-IFA,National film archive,https://ifiarchiveplayer.ie/,True,True,https://ifiarchiveplayer.ie/,IFI Archive Player,https://ifiarchiveplayer.ie/for-the-treaty/,for the treaty,IFI Archive Player film record,Public film-page metadata exposed by the IFI Archive Player. The permalink represents a public viewing/metadata surface; MAR does not download or redistribute the audiovisual media and does not infer a licence to reproduce it.,,for the treaty,,Patrimônio fílmico irlandês em acesso público,Streaming audiovisual institucional público
IFI Irish Film Archive,ifi-irish-film-archive,Ireland,Europe,IE-IFI-IFA,National film archive,https://ifiarchiveplayer.ie/,True,True,https://ifiarchiveplayer.ie/,IFI Archive Player,https://ifiarchiveplayer.ie/foreign-trade-body-visit-dundalk-brewery/,foreign trade body visit dundalk brewery,IFI Archive Player film record,Public film-page metadata exposed by the IFI Archive Player. The permalink represents a public viewing/metadata surface; MAR does not download or redistribute the audiovisual media and does not infer a licence to reproduce it.,,foreign trade body visit dundalk brewery,,Patrimônio fílmico irlandês em acesso público,Streaming audiovisual institucional público
IFI Irish Film Archive,ifi-irish-film-archive,Ireland,Europe,IE-IFI-IFA,National film archive,https://ifiarchiveplayer.ie/,True,True,https://ifiarchiveplayer.ie/,IFI Archive Player,https://ifiarchiveplayer.ie/foreign-trade-group-tour-shannon/,foreign trade group tour shannon,IFI Archive Player film record,Public film-page metadata exposed by the IFI Archive Player. The permalink represents a public viewing/metadata surface; MAR does not download or redistribute the audiovisual media and does not infer a licence to reproduce it.,,foreign trade group tour shannon,,Patrimônio fílmico irlandês em acesso público,Streaming audiovisual institucional público
IFI Irish Film Archive,ifi-irish-film-archive,Ireland,Europe,IE-IFI-IFA,National film archive,https://ifiarchiveplayer.ie/,True,True,https://ifiarchiveplayer.ie/,IFI Archive Player,https://ifiarchiveplayer.ie/forgery/,forgery,IFI Archive Player film record,Public film-page metadata exposed by the IFI Archive Player. The permalink represents a public viewing/metadata surface; MAR does not download or redistribute the audiovisual media and does not infer a licence to reproduce it.,,forgery,,Patrimônio fílmico irlandês em acesso público,Streaming audiovisual institucional público
IFI Irish Film Archive,ifi-irish-film-archive,Ireland,Europe,IE-IFI-IFA,National film archive,https://ifiarchiveplayer.ie/,True,True,https://ifiarchiveplayer.ie/,IFI Archive Player,https://ifiarchiveplayer.ie/forgive-and-forget/,forgive and forget,IFI Archive Player film record,Public film-page metadata exposed by the IFI Archive Player. The permalink represents a public viewing/metadata surface; MAR does not download or redistribute the audiovisual media and does not infer a licence to reproduce it.,,forgive and forget,,Patrimônio fílmico irlandês em acesso público,Streaming audiovisual institucional público
IFI Irish Film Archive,ifi-irish-film-archive,Ireland,Europe,IE-IFI-IFA,National film archive,https://ifiarchiveplayer.ie/,True,True,https://ifiarchiveplayer.ie/,IFI Archive Player,https://ifiarchiveplayer.ie/foster-mother-for-a-foal/,foster mother for a foal,IFI Archive Player film record,Public film-page metadata exposed by the IFI Archive Player. The permalink represents a public viewing/metadata surface; MAR does not download or redistribute the audiovisual media and does not infer a licence to reproduce it.,,foster mother for a foal,,Patrimônio fílmico irlandês em acesso público,Streaming audiovisual institucional público
IFI Irish Film Archive,ifi-irish-film-archive,Ireland,Europe,IE-IFI-IFA,National film archive,https://ifiarchiveplayer.ie/,True,True,https://ifiarchiveplayer.ie/,IFI Archive Player,https://ifiarchiveplayer.ie/fourth-act/,fourth act,IFI Archive Player film record,Public film-page metadata exposed by the IFI Archive Player. The permalink represents a public viewing/metadata surface; MAR does not download or redistribute the audiovisual media and does not infer a licence to reproduce it.,,fourth act,,Patrimônio fílmico irlandês em acesso público,Streaming audiovisual institucional público
IFI Irish Film Archive,ifi-irish-film-archive,Ireland,Europe,IE-IFI-IFA,National film archive,https://ifiarchiveplayer.ie/,True,True,https://ifiarchiveplayer.ie/,IFI Archive Player,https://ifiarchiveplayer.ie/free-state-or-republic/,free state or republic,IFI Archive Player film record,Public film-page metadata exposed by the IFI Archive Player. The permalink represents a public viewing/metadata surface; MAR does not download or redistribute the audiovisual media and does not infer a licence to reproduce it.,,free state or republic,,Patrimônio fílmico irlandês em acesso público,Streaming audiovisual institucional público
IFI Irish Film Archive,ifi-irish-film-archive,Ireland,Europe,IE-IFI-IFA,National film archive,https://ifiarchiveplayer.ie/,True,True,https://ifiarchiveplayer.ie/,IFI Archive Player,https://ifiarchiveplayer.ie/french-ambassador-opens-rouault-exhibition/,french ambassador opens rouault exhibition,IFI Archive Player film record,Public film-page metadata exposed by the IFI Archive Player. The permalink represents a public viewing/metadata surface; MAR does not download or redistribute the audiovisual media and does not infer a licence to reproduce it.,,french ambassador opens rouault exhibition,,Patrimônio fílmico irlandês em acesso público,Streaming audiovisual institucional público
IFI Irish Film Archive,ifi-irish-film-archive,Ireland,Europe,IE-IFI-IFA,National film archive,https://ifiarchiveplayer.ie/,True,True,https://ifiarchiveplayer.ie/,IFI Archive Player,https://ifiarchiveplayer.ie/french-fortnight-in-dublin/,french fortnight in dublin,IFI Archive Player film record,Public film-page metadata exposed by the IFI Archive Player. The permalink represents a public viewing/metadata surface; MAR does not download or redistribute the audiovisual media and does not infer a licence to reproduce it.,,french fortnight in dublin,,Patrimônio fílmico irlandês em acesso público,Streaming audiovisual institucional público
IFI Irish Film Archive,ifi-irish-film-archive,Ireland,Europe,IE-IFI-IFA,National film archive,https://ifiarchiveplayer.ie/,True,True,https://ifiarchiveplayer.ie/,IFI Archive Player,https://ifiarchiveplayer.ie/from-darkness/,from darkness,IFI Archive Player film record,Public film-page metadata exposed by the IFI Archive Player. The permalink represents a public viewing/metadata surface; MAR does not download or redistribute the audiovisual media and does not infer a licence to reproduce it.,,from darkness,,Patrimônio fílmico irlandês em acesso público,Streaming audiovisual institucional público
IFI Irish Film Archive,ifi-irish-film-archive,Ireland,Europe,IE-IFI-IFA,National film archive,https://ifiarchiveplayer.ie/,True,True,https://ifiarchiveplayer.ie/,IFI Archive Player,https://ifiarchiveplayer.ie/fruit-15/,fruit 15,IFI Archive Player film record,Public film-page metadata exposed by the IFI Archive Player. The permalink represents a public viewing/metadata surface; MAR does not download or redistribute the audiovisual media and does not infer a licence to reproduce it.,,fruit 15,,Patrimônio fílmico irlandês em acesso público,Streaming audiovisual institucional público
IFI Irish Film Archive,ifi-irish-film-archive,Ireland,Europe,IE-IFI-IFA,National film archive,https://ifiarchiveplayer.ie/,True,True,https://ifiarchiveplayer.ie/,IFI Archive Player,https://ifiarchiveplayer.ie/fumbling-towards-ecstasy/,fumbling towards ecstasy,IFI Archive Player film record,Public film-page metadata exposed by the IFI Archive Player. The permalink represents a public viewing/metadata surface; MAR does not download or redistribute the audiovisual media and does not infer a licence to reproduce it.,,fumbling towards ecstasy,,Patrimônio fílmico irlandês em acesso público,Streaming audiovisual institucional público
IFI Irish Film Archive,ifi-irish-film-archive,Ireland,Europe,IE-IFI-IFA,National film archive,https://ifiarchiveplayer.ie/,True,True,https://ifiarchiveplayer.ie/,IFI Archive Player,https://ifiarchiveplayer.ie/fundraising-and-manufacturing/,fundraising and manufacturing,IFI Archive Player film record,Public film-page metadata exposed by the IFI Archive Player. The permalink represents a public viewing/metadata surface; MAR does not download or redistribute the audiovisual media and does not infer a licence to reproduce it.,,fundraising and manufacturing,,Patrimônio fílmico irlandês em acesso público,Streaming audiovisual institucional público
IFI Irish Film Archive,ifi-irish-film-archive,Ireland,Europe,IE-IFI-IFA,National film archive,https://ifiarchiveplayer.ie/,True,True,https://ifiarchiveplayer.ie/,IFI Archive Player,https://ifiarchiveplayer.ie/funeral-of-michael-collins/,funeral of michael collins,IFI Archive Player film record,Public film-page metadata exposed by the IFI Archive Player. The permalink represents a public viewing/metadata surface; MAR does not download or redistribute the audiovisual media and does not infer a licence to reproduce it.,,funeral of michael collins,,Patrimônio fílmico irlandês em acesso público,Streaming audiovisual institucional público
IFI Irish Film Archive,ifi-irish-film-archive,Ireland,Europe,IE-IFI-IFA,National film archive,https://ifiarchiveplayer.ie/,True,True,https://ifiarchiveplayer.ie/,IFI Archive Player,https://ifiarchiveplayer.ie/funeral-of-mr-cathal-brugha/,funeral of mr cathal brugha,IFI Archive Player film record,Public film-page metadata exposed by the IFI Archive Player. The permalink represents a public viewing/metadata surface; MAR does not download or redistribute the audiovisual media and does not infer a licence to reproduce it.,,funeral of mr cathal brugha,,Patrimônio fílmico irlandês em acesso público,Streaming audiovisual institucional público
IFI Irish Film Archive,ifi-irish-film-archive,Ireland,Europe,IE-IFI-IFA,National film archive,https://ifiarchiveplayer.ie/,True,True,https://ifiarchiveplayer.ie/,IFI Archive Player,https://ifiarchiveplayer.ie/funeral-victims-of-gun-running-dublin/,funeral victims of gun running dublin,IFI Archive Player film record,Public film-page metadata exposed by the IFI Archive Player. The permalink represents a public viewing/metadata surface; MAR does not download or redistribute the audiovisual media and does not infer a licence to reproduce it.,,funeral victims of gun running dublin,,Patrimônio fílmico irlandês em acesso público,Streaming audiovisual institucional público
IFI Irish Film Archive,ifi-irish-film-archive,Ireland,Europe,IE-IFI-IFA,National film archive,https://ifiarchiveplayer.ie/,True,True,https://ifiarchiveplayer.ie/,IFI Archive Player,https://ifiarchiveplayer.ie/furs-of-the-future-at-chinchilla-show/,furs of the future at chinchilla show,IFI Archive Player film record,Public film-page metadata exposed by the IFI Archive Player. The permalink represents a public viewing/metadata surface; MAR does not download or redistribute the audiovisual media and does not infer a licence to reproduce it.,,furs of the future at chinchilla show,,Patrimônio fílmico irlandês em acesso público,Streaming audiovisual institucional público
IFI Irish Film Archive,ifi-irish-film-archive,Ireland,Europe,IE-IFI-IFA,National film archive,https://ifiarchiveplayer.ie/,True,True,https://ifiarchiveplayer.ie/,IFI Archive Player,https://ifiarchiveplayer.ie/further-pictures-of-irish-peace/,further pictures of irish peace,IFI Archive Player film record,Public film-page metadata exposed by the IFI Archive Player. The permalink represents a public viewing/metadata surface; MAR does not download or redistribute the audiovisual media and does not infer a licence to reproduce it.,,further pictures of irish peace,,Patrimônio fílmico irlandês em acesso público,Streaming audiovisual institucional público
IFI Irish Film Archive,ifi-irish-film-archive,Ireland,Europe,IE-IFI-IFA,National film archive,https://ifiarchiveplayer.ie/,True,True,https://ifiarchiveplayer.ie/,IFI Archive Player,https://ifiarchiveplayer.ie/gaa-hurling-1957/,gaa hurling 1957,IFI Archive Player film record,Public film-page metadata exposed by the IFI Archive Player. The permalink represents a public viewing/metadata surface; MAR does not download or redistribute the audiovisual media and does not infer a licence to reproduce it.,,gaa hurling 1957,,Patrimônio fílmico irlandês em acesso público,Streaming audiovisual institucional público
IFI Irish Film Archive,ifi-irish-film-archive,Ireland,Europe,IE-IFI-IFA,National film archive,https://ifiarchiveplayer.ie/,True,True,https://ifiarchiveplayer.ie/,IFI Archive Player,https://ifiarchiveplayer.ie/gael-linn-camogie-cup-leinster-beat-ulster/,gael linn camogie cup leinster beat ulster,IFI Archive Player film record,Public film-page metadata exposed by the IFI Archive Player. The permalink represents a public viewing/metadata surface; MAR does not download or redistribute the audiovisual media and does not infer a licence to reproduce it.,,gael linn camogie cup leinster beat ulster,,Patrimônio fílmico irlandês em acesso público,Streaming audiovisual institucional público
IFI Irish Film Archive,ifi-irish-film-archive,Ireland,Europe,IE-IFI-IFA,National film archive,https://ifiarchiveplayer.ie/,True,True,https://ifiarchiveplayer.ie/,IFI Archive Player,https://ifiarchiveplayer.ie/gael-linn-scholarships-dublin-children-off-to-gaeltacht/,gael linn scholarships dublin children off to gaeltacht,IFI Archive Player film record,Public film-page metadata exposed by the IFI Archive Player. The permalink represents a public viewing/metadata surface; MAR does not download or redistribute the audiovisual media and does not infer a licence to reproduce it.,,gael linn scholarships dublin children off to gaeltacht,,Patrimônio fílmico irlandês em acesso público,Streaming audiovisual institucional público
IFI Irish Film Archive,ifi-irish-film-archive,Ireland,Europe,IE-IFI-IFA,National film archive,https://ifiarchiveplayer.ie/,True,True,https://ifiarchiveplayer.ie/,IFI Archive Player,https://ifiarchiveplayer.ie/galtee-midnight-feast/,galtee midnight feast,IFI Archive Player film record,Public film-page metadata exposed by the IFI Archive Player. The permalink represents a public viewing/metadata surface; MAR does not download or redistribute the audiovisual media and does not infer a licence to reproduce it.,,galtee midnight feast,,Patrimônio fílmico irlandês em acesso público,Streaming audiovisual institucional público
IFI Irish Film Archive,ifi-irish-film-archive,Ireland,Europe,IE-IFI-IFA,National film archive,https://ifiarchiveplayer.ie/,True,True,https://ifiarchiveplayer.ie/,IFI Archive Player,https://ifiarchiveplayer.ie/galway-blazers-point-to-point-arthur-miller-john-huston/,galway blazers point to point arthur miller john huston,IFI Archive Player film record,Public film-page metadata exposed by the IFI Archive Player. The permalink represents a public viewing/metadata surface; MAR does not download or redistribute the audiovisual media and does not infer a licence to reproduce it.,,galway blazers point to point arthur miller john huston,,Patrimônio fílmico irlandês em acesso público,Streaming audiovisual institucional público
IFI Irish Film Archive,ifi-irish-film-archive,Ireland,Europe,IE-IFI-IFA,National film archive,https://ifiarchiveplayer.ie/,True,True,https://ifiarchiveplayer.ie/,IFI Archive Player,https://ifiarchiveplayer.ie/galway-oyster-festival/,galway oyster festival,IFI Archive Player film record,Public film-page metadata exposed by the IFI Archive Player. The permalink represents a public viewing/metadata surface; MAR does not download or redistribute the audiovisual media and does not infer a licence to reproduce it.,,galway oyster festival,,Patrimônio fílmico irlandês em acesso público,Streaming audiovisual institucional público
IFI Irish Film Archive,ifi-irish-film-archive,Ireland,Europe,IE-IFI-IFA,National film archive,https://ifiarchiveplayer.ie/,True,True,https://ifiarchiveplayer.ie/,IFI Archive Player,https://ifiarchiveplayer.ie/gaol-for-a-kiss/,gaol for a kiss,IFI Archive Player film record,Public film-page metadata exposed by the IFI Archive Player. The permalink represents a public viewing/metadata surface; MAR does not download or redistribute the audiovisual media and does not infer a licence to reproduce it.,,gaol for a kiss,,Patrimônio fílmico irlandês em acesso público,Streaming audiovisual institucional público
IFI Irish Film Archive,ifi-irish-film-archive,Ireland,Europe,IE-IFI-IFA,National film archive,https://ifiarchiveplayer.ie/,True,True,https://ifiarchiveplayer.ie/,IFI Archive Player,https://ifiarchiveplayer.ie/gardai-depot-auction/,gardai depot auction,IFI Archive Player film record,Public film-page metadata exposed by the IFI Archive Player. The permalink represents a public viewing/metadata surface; MAR does not download or redistribute the audiovisual media and does not infer a licence to reproduce it.,,gardai depot auction,,Patrimônio fílmico irlandês em acesso público,Streaming audiovisual institucional público
IFI Irish Film Archive,ifi-irish-film-archive,Ireland,Europe,IE-IFI-IFA,National film archive,https://ifiarchiveplayer.ie/,True,True,https://ifiarchiveplayer.ie/,IFI Archive Player,https://ifiarchiveplayer.ie/gault/,gault,IFI Archive Player film record,Public film-page metadata exposed by the IFI Archive Player. The permalink represents a public viewing/metadata surface; MAR does not download or redistribute the audiovisual media and does not infer a licence to reproduce it.,,gault,,Patrimônio fílmico irlandês em acesso público,Streaming audiovisual institucional público
IFI Irish Film Archive,ifi-irish-film-archive,Ireland,Europe,IE-IFI-IFA,National film archive,https://ifiarchiveplayer.ie/,True,True,https://ifiarchiveplayer.ie/,IFI Archive Player,https://ifiarchiveplayer.ie/geist/,geist,IFI Archive Player film record,Public film-page metadata exposed by the IFI Archive Player. The permalink represents a public viewing/metadata surface; MAR does not download or redistribute the audiovisual media and does not infer a licence to reproduce it.,,geist,,Patrimônio fílmico irlandês em acesso público,Streaming audiovisual institucional público
IFI Irish Film Archive,ifi-irish-film-archive,Ireland,Europe,IE-IFI-IFA,National film archive,https://ifiarchiveplayer.ie/,True,True,https://ifiarchiveplayer.ie/,IFI Archive Player,https://ifiarchiveplayer.ie/general-michael-collins/,general michael collins,IFI Archive Player film record,Public film-page metadata exposed by the IFI Archive Player. The permalink represents a public viewing/metadata surface; MAR does not download or redistribute the audiovisual media and does not infer a licence to reproduce it.,,general michael collins,,Patrimônio fílmico irlandês em acesso público,Streaming audiovisual institucional público
IFI Irish Film Archive,ifi-irish-film-archive,Ireland,Europe,IE-IFI-IFA,National film archive,https://ifiarchiveplayer.ie/,True,True,https://ifiarchiveplayer.ie/,IFI Archive Player,https://ifiarchiveplayer.ie/giant-rabbit/,giant rabbit,IFI Archive Player film record,Public film-page metadata exposed by the IFI Archive Player. The permalink represents a public viewing/metadata surface; MAR does not download or redistribute the audiovisual media and does not infer a licence to reproduce it.,,giant rabbit,,Patrimônio fílmico irlandês em acesso público,Streaming audiovisual institucional público
IFI Irish Film Archive,ifi-irish-film-archive,Ireland,Europe,IE-IFI-IFA,National film archive,https://ifiarchiveplayer.ie/,True,True,https://ifiarchiveplayer.ie/,IFI Archive Player,https://ifiarchiveplayer.ie/gift-of-bull-sent-to-pope/,gift of bull sent to pope,IFI Archive Player film record,Public film-page metadata exposed by the IFI Archive Player. The permalink represents a public viewing/metadata surface; MAR does not download or redistribute the audiovisual media and does not infer a licence to reproduce it.,,gift of bull sent to pope,,Patrimônio fílmico irlandês em acesso público,Streaming audiovisual institucional público
IFI Irish Film Archive,ifi-irish-film-archive,Ireland,Europe,IE-IFI-IFA,National film archive,https://ifiarchiveplayer.ie/,True,True,https://ifiarchiveplayer.ie/,IFI Archive Player,https://ifiarchiveplayer.ie/give-up-yer-aul-sins/,give up yer aul sins,IFI Archive Player film record,Public film-page metadata exposed by the IFI Archive Player. The permalink represents a public viewing/metadata surface; MAR does not download or redistribute the audiovisual media and does not infer a licence to reproduce it.,,give up yer aul sins,,Patrimônio fílmico irlandês em acesso público,Streaming audiovisual institucional público
IFI Irish Film Archive,ifi-irish-film-archive,Ireland,Europe,IE-IFI-IFA,National film archive,https://ifiarchiveplayer.ie/,True,True,https://ifiarchiveplayer.ie/,IFI Archive Player,https://ifiarchiveplayer.ie/glade/,glade,IFI Archive Player film record,Public film-page metadata exposed by the IFI Archive Player. The permalink represents a public viewing/metadata surface; MAR does not download or redistribute the audiovisual media and does not infer a licence to reproduce it.,,glade,,Patrimônio fílmico irlandês em acesso público,Streaming audiovisual institucional público
IFI Irish Film Archive,ifi-irish-film-archive,Ireland,Europe,IE-IFI-IFA,National film archive,https://ifiarchiveplayer.ie/,True,True,https://ifiarchiveplayer.ie/,IFI Archive Player,https://ifiarchiveplayer.ie/glamour-of-galway/,glamour of galway,IFI Archive Player film record,Public film-page metadata exposed by the IFI Archive Player. The permalink represents a public viewing/metadata surface; MAR does not download or redistribute the audiovisual media and does not infer a licence to reproduce it.,,glamour of galway,,Patrimônio fílmico irlandês em acesso público,Streaming audiovisual institucional público
IFI Irish Film Archive,ifi-irish-film-archive,Ireland,Europe,IE-IFI-IFA,National film archive,https://ifiarchiveplayer.ie/,True,True,https://ifiarchiveplayer.ie/,IFI Archive Player,https://ifiarchiveplayer.ie/gloucester-street-lenny-abrahamson/,gloucester street lenny abrahamson,IFI Archive Player film record,Public film-page metadata exposed by the IFI Archive Player. The permalink represents a public viewing/metadata surface; MAR does not download or redistribute the audiovisual media and does not infer a licence to reproduce it.,,gloucester street lenny abrahamson,,Patrimônio fílmico irlandês em acesso público,Streaming audiovisual institucional público
IFI Irish Film Archive,ifi-irish-film-archive,Ireland,Europe,IE-IFI-IFA,National film archive,https://ifiarchiveplayer.ie/,True,True,https://ifiarchiveplayer.ie/,IFI Archive Player,https://ifiarchiveplayer.ie/going-down-well/,going down well,IFI Archive Player film record,Public film-page metadata exposed by the IFI Archive Player. The permalink represents a public viewing/metadata surface; MAR does not download or redistribute the audiovisual media and does not infer a licence to reproduce it.,,going down well,,Patrimônio fílmico irlandês em acesso público,Streaming audiovisual institucional público
IFI Irish Film Archive,ifi-irish-film-archive,Ireland,Europe,IE-IFI-IFA,National film archive,https://ifiarchiveplayer.ie/,True,True,https://ifiarchiveplayer.ie/,IFI Archive Player,https://ifiarchiveplayer.ie/golden-vale-easi-singles/,golden vale easi singles,IFI Archive Player film record,Public film-page metadata exposed by the IFI Archive Player. The permalink represents a public viewing/metadata surface; MAR does not download or redistribute the audiovisual media and does not infer a licence to reproduce it.,,golden vale easi singles,,Patrimônio fílmico irlandês em acesso público,Streaming audiovisual institucional público
IFI Irish Film Archive,ifi-irish-film-archive,Ireland,Europe,IE-IFI-IFA,National film archive,https://ifiarchiveplayer.ie/,True,True,https://ifiarchiveplayer.ie/,IFI Archive Player,https://ifiarchiveplayer.ie/golf-in-ireland/,golf in ireland,IFI Archive Player film record,Public film-page metadata exposed by the IFI Archive Player. The permalink represents a public viewing/metadata surface; MAR does not download or redistribute the audiovisual media and does not infer a licence to reproduce it.,,golf in ireland,,Patrimônio fílmico irlandês em acesso público,Streaming audiovisual institucional público
IFI Irish Film Archive,ifi-irish-film-archive,Ireland,Europe,IE-IFI-IFA,National film archive,https://ifiarchiveplayer.ie/,True,True,https://ifiarchiveplayer.ie/,IFI Archive Player,https://ifiarchiveplayer.ie/good/,good,IFI Archive Player film record,Public film-page metadata exposed by the IFI Archive Player. The permalink represents a public viewing/metadata surface; MAR does not download or redistribute the audiovisual media and does not infer a licence to reproduce it.,,good,,Patrimônio fílmico irlandês em acesso público,Streaming audiovisual institucional público
IFI Irish Film Archive,ifi-irish-film-archive,Ireland,Europe,IE-IFI-IFA,National film archive,https://ifiarchiveplayer.ie/,True,True,https://ifiarchiveplayer.ie/,IFI Archive Player,https://ifiarchiveplayer.ie/good-old-days/,good old days,IFI Archive Player film record,Public film-page metadata exposed by the IFI Archive Player. The permalink represents a public viewing/metadata surface; MAR does not download or redistribute the audiovisual media and does not infer a licence to reproduce it.,,good old days,,Patrimônio fílmico irlandês em acesso público,Streaming audiovisual institucional público
IFI Irish Film Archive,ifi-irish-film-archive,Ireland,Europe,IE-IFI-IFA,National film archive,https://ifiarchiveplayer.ie/,True,True,https://ifiarchiveplayer.ie/,IFI Archive Player,https://ifiarchiveplayer.ie/goodbye-darling/,goodbye darling,IFI Archive Player film record,Public film-page metadata exposed by the IFI Archive Player. The permalink represents a public viewing/metadata surface; MAR does not download or redistribute the audiovisual media and does not infer a licence to reproduce it.,,goodbye darling,,Patrimônio fílmico irlandês em acesso público,Streaming audiovisual institucional público
IFI Irish Film Archive,ifi-irish-film-archive,Ireland,Europe,IE-IFI-IFA,National film archive,https://ifiarchiveplayer.ie/,True,True,https://ifiarchiveplayer.ie/,IFI Archive Player,https://ifiarchiveplayer.ie/goodness/,goodness,IFI Archive Player film record,Public film-page metadata exposed by the IFI Archive Player. The permalink represents a public viewing/metadata surface; MAR does not download or redistribute the audiovisual media and does not infer a licence to reproduce it.,,goodness,,Patrimônio fílmico irlandês em acesso público,Streaming audiovisual institucional público
IFI Irish Film Archive,ifi-irish-film-archive,Ireland,Europe,IE-IFI-IFA,National film archive,https://ifiarchiveplayer.ie/,True,True,https://ifiarchiveplayer.ie/,IFI Archive Player,https://ifiarchiveplayer.ie/gormanstown-castle-water-polo-stars-in-training/,gormanstown castle water polo stars in training,IFI Archive Player film record,Public film-page metadata exposed by the IFI Archive Player. The permalink represents a public viewing/metadata surface; MAR does not download or redistribute the audiovisual media and does not infer a licence to reproduce it.,,gormanstown castle water polo stars in training,,Patrimônio fílmico irlandês em acesso público,Streaming audiovisual institucional público
IFI Irish Film Archive,ifi-irish-film-archive,Ireland,Europe,IE-IFI-IFA,National film archive,https://ifiarchiveplayer.ie/,True,True,https://ifiarchiveplayer.ie/,IFI Archive Player,https://ifiarchiveplayer.ie/government-announces-proposed-demolition-of-ballymun-flat-complex/,government announces proposed demolition of ballymun flat complex,IFI Archive Player film record,Public film-page metadata exposed by the IFI Archive Player. The permalink represents a public viewing/metadata surface; MAR does not download or redistribute the audiovisual media and does not infer a licence to reproduce it.,,government announces proposed demolition of ballymun flat complex,,Patrimônio fílmico irlandês em acesso público,Streaming audiovisual institucional público
IFI Irish Film Archive,ifi-irish-film-archive,Ireland,Europe,IE-IFI-IFA,National film archive,https://ifiarchiveplayer.ie/,True,True,https://ifiarchiveplayer.ie/,IFI Archive Player,https://ifiarchiveplayer.ie/governments-answer-to-de-valera/,governments answer to de valera,IFI Archive Player film record,Public film-page metadata exposed by the IFI Archive Player. The permalink represents a public viewing/metadata surface; MAR does not download or redistribute the audiovisual media and does not infer a licence to reproduce it.,,governments answer to de valera,,Patrimônio fílmico irlandês em acesso público,Streaming audiovisual institucional público
IFI Irish Film Archive,ifi-irish-film-archive,Ireland,Europe,IE-IFI-IFA,National film archive,https://ifiarchiveplayer.ie/,True,True,https://ifiarchiveplayer.ie/,IFI Archive Player,https://ifiarchiveplayer.ie/grandpa-speak-to-me-in-russian/,grandpa speak to me in russian,IFI Archive Player film record,Public film-page metadata exposed by the IFI Archive Player. The permalink represents a public viewing/metadata surface; MAR does not download or redistribute the audiovisual media and does not infer a licence to reproduce it.,,grandpa speak to me in russian,,Patrimônio fílmico irlandês em acesso público,Streaming audiovisual institucional público
IFI Irish Film Archive,ifi-irish-film-archive,Ireland,Europe,IE-IFI-IFA,National film archive,https://ifiarchiveplayer.ie/,True,True,https://ifiarchiveplayer.ie/,IFI Archive Player,https://ifiarchiveplayer.ie/granite-and-chalk/,granite and chalk,IFI Archive Player film record,Public film-page metadata exposed by the IFI Archive Player. The permalink represents a public viewing/metadata surface; MAR does not download or redistribute the audiovisual media and does not infer a licence to reproduce it.,,granite and chalk,,Patrimônio fílmico irlandês em acesso público,Streaming audiovisual institucional público
IFI Irish Film Archive,ifi-irish-film-archive,Ireland,Europe,IE-IFI-IFA,National film archive,https://ifiarchiveplayer.ie/,True,True,https://ifiarchiveplayer.ie/,IFI Archive Player,https://ifiarchiveplayer.ie/granny-ogrimms-sleeping-beauty/,granny ogrimms sleeping beauty,IFI Archive Player film record,Public film-page metadata exposed by the IFI Archive Player. The permalink represents a public viewing/metadata surface; MAR does not download or redistribute the audiovisual media and does not infer a licence to reproduce it.,,granny ogrimms sleeping beauty,,Patrimônio fílmico irlandês em acesso público,Streaming audiovisual institucional público
IFI Irish Film Archive,ifi-irish-film-archive,Ireland,Europe,IE-IFI-IFA,National film archive,https://ifiarchiveplayer.ie/,True,True,https://ifiarchiveplayer.ie/,IFI Archive Player,https://ifiarchiveplayer.ie/guerrilla-warfare-in-ireland/,guerrilla warfare in ireland,IFI Archive Player film record,Public film-page metadata exposed by the IFI Archive Player. The permalink represents a public viewing/metadata surface; MAR does not download or redistribute the audiovisual media and does not infer a licence to reproduce it.,,guerrilla warfare in ireland,,Patrimônio fílmico irlandês em acesso público,Streaming audiovisual institucional público
IFI Irish Film Archive,ifi-irish-film-archive,Ireland,Europe,IE-IFI-IFA,National film archive,https://ifiarchiveplayer.ie/,True,True,https://ifiarchiveplayer.ie/,IFI Archive Player,https://ifiarchiveplayer.ie/guide-to-food/,guide to food,IFI Archive Player film record,Public film-page metadata exposed by the IFI Archive Player. The permalink represents a public viewing/metadata surface; MAR does not download or redistribute the audiovisual media and does not infer a licence to reproduce it.,,guide to food,,Patrimônio fílmico irlandês em acesso público,Streaming audiovisual institucional público
IFI Irish Film Archive,ifi-irish-film-archive,Ireland,Europe,IE-IFI-IFA,National film archive,https://ifiarchiveplayer.ie/,True,True,https://ifiarchiveplayer.ie/,IFI Archive Player,https://ifiarchiveplayer.ie/guinness-cinema/,guinness cinema,IFI Archive Player film record,Public film-page metadata exposed by the IFI Archive Player. The permalink represents a public viewing/metadata surface; MAR does not download or redistribute the audiovisual media and does not infer a licence to reproduce it.,,guinness cinema,,Patrimônio fílmico irlandês em acesso público,Streaming audiovisual institucional público
IFI Irish Film Archive,ifi-irish-film-archive,Ireland,Europe,IE-IFI-IFA,National film archive,https://ifiarchiveplayer.ie/,True,True,https://ifiarchiveplayer.ie/,IFI Archive Player,https://ifiarchiveplayer.ie/guinness-international/,guinness international,IFI Archive Player film record,Public film-page metadata exposed by the IFI Archive Player. The permalink represents a public viewing/metadata surface; MAR does not download or redistribute the audiovisual media and does not infer a licence to reproduce it.,,guinness international,,Patrimônio fílmico irlandês em acesso público,Streaming audiovisual institucional público
IFI Irish Film Archive,ifi-irish-film-archive,Ireland,Europe,IE-IFI-IFA,National film archive,https://ifiarchiveplayer.ie/,True,True,https://ifiarchiveplayer.ie/,IFI Archive Player,https://ifiarchiveplayer.ie/guinness-machine/,guinness machine,IFI Archive Player film record,Public film-page metadata exposed by the IFI Archive Player. The permalink represents a public viewing/metadata surface; MAR does not download or redistribute the audiovisual media and does not infer a licence to reproduce it.,,guinness machine,,Patrimônio fílmico irlandês em acesso público,Streaming audiovisual institucional público
IFI Irish Film Archive,ifi-irish-film-archive,Ireland,Europe,IE-IFI-IFA,National film archive,https://ifiarchiveplayer.ie/,True,True,https://ifiarchiveplayer.ie/,IFI Archive Player,https://ifiarchiveplayer.ie/guinness-strength/,guinness strength,IFI Archive Player film record,Public film-page metadata exposed by the IFI Archive Player. The permalink represents a public viewing/metadata surface; MAR does not download or redistribute the audiovisual media and does not infer a licence to reproduce it.,,guinness strength,,Patrimônio fílmico irlandês em acesso público,Streaming audiovisual institucional público
IFI Irish Film Archive,ifi-irish-film-archive,Ireland,Europe,IE-IFI-IFA,National film archive,https://ifiarchiveplayer.ie/,True,True,https://ifiarchiveplayer.ie/,IFI Archive Player,https://ifiarchiveplayer.ie/gun-dog-championship/,gun dog championship,IFI Archive Player film record,Public film-page metadata exposed by the IFI Archive Player. The permalink represents a public viewing/metadata surface; MAR does not download or redistribute the audiovisual media and does not infer a licence to reproduce it.,,gun dog championship,,Patrimônio fílmico irlandês em acesso público,Streaming audiovisual institucional público
IFI Irish Film Archive,ifi-irish-film-archive,Ireland,Europe,IE-IFI-IFA,National film archive,https://ifiarchiveplayer.ie/,True,True,https://ifiarchiveplayer.ie/,IFI Archive Player,https://ifiarchiveplayer.ie/hail-glorious-saint-patrick/,hail glorious saint patrick,IFI Archive Player film record,Public film-page metadata exposed by the IFI Archive Player. The permalink represents a public viewing/metadata surface; MAR does not download or redistribute the audiovisual media and does not infer a licence to reproduce it.,,hail glorious saint patrick,,Patrimônio fílmico irlandês em acesso público,Streaming audiovisual institucional público
IFI Irish Film Archive,ifi-irish-film-archive,Ireland,Europe,IE-IFI-IFA,National film archive,https://ifiarchiveplayer.ie/,True,True,https://ifiarchiveplayer.ie/,IFI Archive Player,https://ifiarchiveplayer.ie/hallowed-fire-the-art-of-evie-hone/,hallowed fire the art of evie hone,IFI Archive Player film record,Public film-page metadata exposed by the IFI Archive Player. The permalink represents a public viewing/metadata surface; MAR does not download or redistribute the audiovisual media and does not infer a licence to reproduce it.,,hallowed fire the art of evie hone,,Patrimônio fílmico irlandês em acesso público,Streaming audiovisual institucional público
IFI Irish Film Archive,ifi-irish-film-archive,Ireland,Europe,IE-IFI-IFA,National film archive,https://ifiarchiveplayer.ie/,True,True,https://ifiarchiveplayer.ie/,IFI Archive Player,https://ifiarchiveplayer.ie/halpins-tea-up-and-down/,halpins tea up and down,IFI Archive Player film record,Public film-page metadata exposed by the IFI Archive Player. The permalink represents a public viewing/metadata surface; MAR does not download or redistribute the audiovisual media and does not infer a licence to reproduce it.,,halpins tea up and down,,Patrimônio fílmico irlandês em acesso público,Streaming audiovisual institucional público
IFI Irish Film Archive,ifi-irish-film-archive,Ireland,Europe,IE-IFI-IFA,National film archive,https://ifiarchiveplayer.ie/,True,True,https://ifiarchiveplayer.ie/,IFI Archive Player,https://ifiarchiveplayer.ie/happy-couple/,happy couple,IFI Archive Player film record,Public film-page metadata exposed by the IFI Archive Player. The permalink represents a public viewing/metadata surface; MAR does not download or redistribute the audiovisual media and does not infer a licence to reproduce it.,,happy couple,,Patrimônio fílmico irlandês em acesso público,Streaming audiovisual institucional público
IFI Irish Film Archive,ifi-irish-film-archive,Ireland,Europe,IE-IFI-IFA,National film archive,https://ifiarchiveplayer.ie/,True,True,https://ifiarchiveplayer.ie/,IFI Archive Player,https://ifiarchiveplayer.ie/harp/,harp,IFI Archive Player film record,Public film-page metadata exposed by the IFI Archive Player. The permalink represents a public viewing/metadata surface; MAR does not download or redistribute the audiovisual media and does not infer a licence to reproduce it.,,harp,,Patrimônio fílmico irlandês em acesso público,Streaming audiovisual institucional público
IFI Irish Film Archive,ifi-irish-film-archive,Ireland,Europe,IE-IFI-IFA,National film archive,https://ifiarchiveplayer.ie/,True,True,https://ifiarchiveplayer.ie/,IFI Archive Player,https://ifiarchiveplayer.ie/hat-march/,hat march,IFI Archive Player film record,Public film-page metadata exposed by the IFI Archive Player. The permalink represents a public viewing/metadata surface; MAR does not download or redistribute the audiovisual media and does not infer a licence to reproduce it.,,hat march,,Patrimônio fílmico irlandês em acesso público,Streaming audiovisual institucional público
IFI Irish Film Archive,ifi-irish-film-archive,Ireland,Europe,IE-IFI-IFA,National film archive,https://ifiarchiveplayer.ie/,True,True,https://ifiarchiveplayer.ie/,IFI Archive Player,https://ifiarchiveplayer.ie/head-test/,head test,IFI Archive Player film record,Public film-page metadata exposed by the IFI Archive Player. The permalink represents a public viewing/metadata surface; MAR does not download or redistribute the audiovisual media and does not infer a licence to reproduce it.,,head test,,Patrimônio fílmico irlandês em acesso público,Streaming audiovisual institucional público
IFI Irish Film Archive,ifi-irish-film-archive,Ireland,Europe,IE-IFI-IFA,National film archive,https://ifiarchiveplayer.ie/,True,True,https://ifiarchiveplayer.ie/,IFI Archive Player,https://ifiarchiveplayer.ie/heroes-honoured/,heroes honoured,IFI Archive Player film record,Public film-page metadata exposed by the IFI Archive Player. The permalink represents a public viewing/metadata surface; MAR does not download or redistribute the audiovisual media and does not infer a licence to reproduce it.,,heroes honoured,,Patrimônio fílmico irlandês em acesso público,Streaming audiovisual institucional público
IFI Irish Film Archive,ifi-irish-film-archive,Ireland,Europe,IE-IFI-IFA,National film archive,https://ifiarchiveplayer.ie/,True,True,https://ifiarchiveplayer.ie/,IFI Archive Player,https://ifiarchiveplayer.ie/hibernian-insurance/,hibernian insurance,IFI Archive Player film record,Public film-page metadata exposed by the IFI Archive Player. The permalink represents a public viewing/metadata surface; MAR does not download or redistribute the audiovisual media and does not infer a licence to reproduce it.,,hibernian insurance,,Patrimônio fílmico irlandês em acesso público,Streaming audiovisual institucional público
IFI Irish Film Archive,ifi-irish-film-archive,Ireland,Europe,IE-IFI-IFA,National film archive,https://ifiarchiveplayer.ie/,True,True,https://ifiarchiveplayer.ie/,IFI Archive Player,https://ifiarchiveplayer.ie/hidden-treasures-1/,hidden treasures 1,IFI Archive Player film record,Public film-page metadata exposed by the IFI Archive Player. The permalink represents a public viewing/metadata surface; MAR does not download or redistribute the audiovisual media and does not infer a licence to reproduce it.,,hidden treasures 1,,Patrimônio fílmico irlandês em acesso público,Streaming audiovisual institucional público
IFI Irish Film Archive,ifi-irish-film-archive,Ireland,Europe,IE-IFI-IFA,National film archive,https://ifiarchiveplayer.ie/,True,True,https://ifiarchiveplayer.ie/,IFI Archive Player,https://ifiarchiveplayer.ie/hidden-treasures-2/,hidden treasures 2,IFI Archive Player film record,Public film-page metadata exposed by the IFI Archive Player. The permalink represents a public viewing/metadata surface; MAR does not download or redistribute the audiovisual media and does not infer a licence to reproduce it.,,hidden treasures 2,,Patrimônio fílmico irlandês em acesso público,Streaming audiovisual institucional público
IFI Irish Film Archive,ifi-irish-film-archive,Ireland,Europe,IE-IFI-IFA,National film archive,https://ifiarchiveplayer.ie/,True,True,https://ifiarchiveplayer.ie/,IFI Archive Player,https://ifiarchiveplayer.ie/hidden-treasures-3/,hidden treasures 3,IFI Archive Player film record,Public film-page metadata exposed by the IFI Archive Player. The permalink represents a public viewing/metadata surface; MAR does not download or redistribute the audiovisual media and does not infer a licence to reproduce it.,,hidden treasures 3,,Patrimônio fílmico irlandês em acesso público,Streaming audiovisual institucional público
IFI Irish Film Archive,ifi-irish-film-archive,Ireland,Europe,IE-IFI-IFA,National film archive,https://ifiarchiveplayer.ie/,True,True,https://ifiarchiveplayer.ie/,IFI Archive Player,https://ifiarchiveplayer.ie/hidden-treasures-4/,hidden treasures 4,IFI Archive Player film record,Public film-page metadata exposed by the IFI Archive Player. The permalink represents a public viewing/metadata surface; MAR does not download or redistribute the audiovisual media and does not infer a licence to reproduce it.,,hidden treasures 4,,Patrimônio fílmico irlandês em acesso público,Streaming audiovisual institucional público
IFI Irish Film Archive,ifi-irish-film-archive,Ireland,Europe,IE-IFI-IFA,National film archive,https://ifiarchiveplayer.ie/,True,True,https://ifiarchiveplayer.ie/,IFI Archive Player,https://ifiarchiveplayer.ie/high-jinks-on-water-skies/,high jinks on water skies,IFI Archive Player film record,Public film-page metadata exposed by the IFI Archive Player. The permalink represents a public viewing/metadata surface; MAR does not download or redistribute the audiovisual media and does not infer a licence to reproduce it.,,high jinks on water skies,,Patrimônio fílmico irlandês em acesso público,Streaming audiovisual institucional público
IFI Irish Film Archive,ifi-irish-film-archive,Ireland,Europe,IE-IFI-IFA,National film archive,https://ifiarchiveplayer.ie/,True,True,https://ifiarchiveplayer.ie/,IFI Archive Player,https://ifiarchiveplayer.ie/hill-climb-car-race-at-kilpedder/,hill climb car race at kilpedder,IFI Archive Player film record,Public film-page metadata exposed by the IFI Archive Player. The permalink represents a public viewing/metadata surface; MAR does not download or redistribute the audiovisual media and does not infer a licence to reproduce it.,,hill climb car race at kilpedder,,Patrimônio fílmico irlandês em acesso público,Streaming audiovisual institucional público
IFI Irish Film Archive,ifi-irish-film-archive,Ireland,Europe,IE-IFI-IFA,National film archive,https://ifiarchiveplayer.ie/,True,True,https://ifiarchiveplayer.ie/,IFI Archive Player,https://ifiarchiveplayer.ie/his-grace-the-archbishop-of-dublin/,his grace the archbishop of dublin,IFI Archive Player film record,Public film-page metadata exposed by the IFI Archive Player. The permalink represents a public viewing/metadata surface; MAR does not download or redistribute the audiovisual media and does not infer a licence to reproduce it.,,his grace the archbishop of dublin,,Patrimônio fílmico irlandês em acesso público,Streaming audiovisual institucional público
IFI Irish Film Archive,ifi-irish-film-archive,Ireland,Europe,IE-IFI-IFA,National film archive,https://ifiarchiveplayer.ie/,True,True,https://ifiarchiveplayer.ie/,IFI Archive Player,https://ifiarchiveplayer.ie/his-mother/,his mother,IFI Archive Player film record,Public film-page metadata exposed by the IFI Archive Player. The permalink represents a public viewing/metadata surface; MAR does not download or redistribute the audiovisual media and does not infer a licence to reproduce it.,,his mother,,Patrimônio fílmico irlandês em acesso público,Streaming audiovisual institucional público
IFI Irish Film Archive,ifi-irish-film-archive,Ireland,Europe,IE-IFI-IFA,National film archive,https://ifiarchiveplayer.ie/,True,True,https://ifiarchiveplayer.ie/,IFI Archive Player,https://ifiarchiveplayer.ie/historic-pictures/,historic pictures,IFI Archive Player film record,Public film-page metadata exposed by the IFI Archive Player. The permalink represents a public viewing/metadata surface; MAR does not download or redistribute the audiovisual media and does not infer a licence to reproduce it.,,historic pictures,,Patrimônio fílmico irlandês em acesso público,Streaming audiovisual institucional público
IFI Irish Film Archive,ifi-irish-film-archive,Ireland,Europe,IE-IFI-IFA,National film archive,https://ifiarchiveplayer.ie/,True,True,https://ifiarchiveplayer.ie/,IFI Archive Player,https://ifiarchiveplayer.ie/historic-unionist-conference-at-liverpool/,historic unionist conference at liverpool,IFI Archive Player film record,Public film-page metadata exposed by the IFI Archive Player. The permalink represents a public viewing/metadata surface; MAR does not download or redistribute the audiovisual media and does not infer a licence to reproduce it.,,historic unionist conference at liverpool,,Patrimônio fílmico irlandês em acesso público,Streaming audiovisual institucional público
IFI Irish Film Archive,ifi-irish-film-archive,Ireland,Europe,IE-IFI-IFA,National film archive,https://ifiarchiveplayer.ie/,True,True,https://ifiarchiveplayer.ie/,IFI Archive Player,https://ifiarchiveplayer.ie/historical-material-republican-loans/,historical material republican loans,IFI Archive Player film record,Public film-page metadata exposed by the IFI Archive Player. The permalink represents a public viewing/metadata surface; MAR does not download or redistribute the audiovisual media and does not infer a licence to reproduce it.,,historical material republican loans,,Patrimônio fílmico irlandês em acesso público,Streaming audiovisual institucional público
IFI Irish Film Archive,ifi-irish-film-archive,Ireland,Europe,IE-IFI-IFA,National film archive,https://ifiarchiveplayer.ie/,True,True,https://ifiarchiveplayer.ie/,IFI Archive Player,https://ifiarchiveplayer.ie/history-cinema/,history cinema,IFI Archive Player film record,Public film-page metadata exposed by the IFI Archive Player. The permalink represents a public viewing/metadata surface; MAR does not download or redistribute the audiovisual media and does not infer a licence to reproduce it.,,history cinema,,Patrimônio fílmico irlandês em acesso público,Streaming audiovisual institucional público
IFI Irish Film Archive,ifi-irish-film-archive,Ireland,Europe,IE-IFI-IFA,National film archive,https://ifiarchiveplayer.ie/,True,True,https://ifiarchiveplayer.ie/,IFI Archive Player,https://ifiarchiveplayer.ie/hoffmans-fireworks/,hoffmans fireworks,IFI Archive Player film record,Public film-page metadata exposed by the IFI Archive Player. The permalink represents a public viewing/metadata surface; MAR does not download or redistribute the audiovisual media and does not infer a licence to reproduce it.,,hoffmans fireworks,,Patrimônio fílmico irlandês em acesso público,Streaming audiovisual institucional público
IFI Irish Film Archive,ifi-irish-film-archive,Ireland,Europe,IE-IFI-IFA,National film archive,https://ifiarchiveplayer.ie/,True,True,https://ifiarchiveplayer.ie/,IFI Archive Player,https://ifiarchiveplayer.ie/hoffmans-speedboat/,hoffmans speedboat,IFI Archive Player film record,Public film-page metadata exposed by the IFI Archive Player. The permalink represents a public viewing/metadata surface; MAR does not download or redistribute the audiovisual media and does not infer a licence to reproduce it.,,hoffmans speedboat,,Patrimônio fílmico irlandês em acesso público,Streaming audiovisual institucional público
IFI Irish Film Archive,ifi-irish-film-archive,Ireland,Europe,IE-IFI-IFA,National film archive,https://ifiarchiveplayer.ie/,True,True,https://ifiarchiveplayer.ie/,IFI Archive Player,https://ifiarchiveplayer.ie/hold-on-tight/,hold on tight,IFI Archive Player film record,Public film-page metadata exposed by the IFI Archive Player. The permalink represents a public viewing/metadata surface; MAR does not download or redistribute the audiovisual media and does not infer a licence to reproduce it.,,hold on tight,,Patrimônio fílmico irlandês em acesso público,Streaming audiovisual institucional público
IFI Irish Film Archive,ifi-irish-film-archive,Ireland,Europe,IE-IFI-IFA,National film archive,https://ifiarchiveplayer.ie/,True,True,https://ifiarchiveplayer.ie/,IFI Archive Player,https://ifiarchiveplayer.ie/holiday/,holiday,IFI Archive Player film record,Public film-page metadata exposed by the IFI Archive Player. The permalink represents a public viewing/metadata surface; MAR does not download or redistribute the audiovisual media and does not infer a licence to reproduce it.,,holiday,,Patrimônio fílmico irlandês em acesso público,Streaming audiovisual institucional público
IFI Irish Film Archive,ifi-irish-film-archive,Ireland,Europe,IE-IFI-IFA,National film archive,https://ifiarchiveplayer.ie/,True,True,https://ifiarchiveplayer.ie/,IFI Archive Player,https://ifiarchiveplayer.ie/holiday-on-the-shannon/,holiday on the shannon,IFI Archive Player film record,Public film-page metadata exposed by the IFI Archive Player. The permalink represents a public viewing/metadata surface; MAR does not download or redistribute the audiovisual media and does not infer a licence to reproduce it.,,holiday on the shannon,,Patrimônio fílmico irlandês em acesso público,Streaming audiovisual institucional público
IFI Irish Film Archive,ifi-irish-film-archive,Ireland,Europe,IE-IFI-IFA,National film archive,https://ifiarchiveplayer.ie/,True,True,https://ifiarchiveplayer.ie/,IFI Archive Player,https://ifiarchiveplayer.ie/home/,home,IFI Archive Player film record,Public film-page metadata exposed by the IFI Archive Player. The permalink represents a public viewing/metadata surface; MAR does not download or redistribute the audiovisual media and does not infer a licence to reproduce it.,,home,,Patrimônio fílmico irlandês em acesso público,Streaming audiovisual institucional público
IFI Irish Film Archive,ifi-irish-film-archive,Ireland,Europe,IE-IFI-IFA,National film archive,https://ifiarchiveplayer.ie/,True,True,https://ifiarchiveplayer.ie/,IFI Archive Player,https://ifiarchiveplayer.ie/home-sweet-home/,home sweet home,IFI Archive Player film record,Public film-page metadata exposed by the IFI Archive Player. The permalink represents a public viewing/metadata surface; MAR does not download or redistribute the audiovisual media and does not infer a licence to reproduce it.,,home sweet home,,Patrimônio fílmico irlandês em acesso público,Streaming audiovisual institucional público
IFI Irish Film Archive,ifi-irish-film-archive,Ireland,Europe,IE-IFI-IFA,National film archive,https://ifiarchiveplayer.ie/,True,True,https://ifiarchiveplayer.ie/,IFI Archive Player,https://ifiarchiveplayer.ie/home-sweet-jail/,home sweet jail,IFI Archive Player film record,Public film-page metadata exposed by the IFI Archive Player. The permalink represents a public viewing/metadata surface; MAR does not download or redistribute the audiovisual media and does not infer a licence to reproduce it.,,home sweet jail,,Patrimônio fílmico irlandês em acesso público,Streaming audiovisual institucional público
IFI Irish Film Archive,ifi-irish-film-archive,Ireland,Europe,IE-IFI-IFA,National film archive,https://ifiarchiveplayer.ie/,True,True,https://ifiarchiveplayer.ie/,IFI Archive Player,https://ifiarchiveplayer.ie/hop-farm/,hop farm,IFI Archive Player film record,Public film-page metadata exposed by the IFI Archive Player. The permalink represents a public viewing/metadata surface; MAR does not download or redistribute the audiovisual media and does not infer a licence to reproduce it.,,hop farm,,Patrimônio fílmico irlandês em acesso público,Streaming audiovisual institucional público
IFI Irish Film Archive,ifi-irish-film-archive,Ireland,Europe,IE-IFI-IFA,National film archive,https://ifiarchiveplayer.ie/,True,True,https://ifiarchiveplayer.ie/,IFI Archive Player,https://ifiarchiveplayer.ie/horse-sense/,horse sense,IFI Archive Player film record,Public film-page metadata exposed by the IFI Archive Player. The permalink represents a public viewing/metadata surface; MAR does not download or redistribute the audiovisual media and does not infer a licence to reproduce it.,,horse sense,,Patrimônio fílmico irlandês em acesso público,Streaming audiovisual institucional público
IFI Irish Film Archive,ifi-irish-film-archive,Ireland,Europe,IE-IFI-IFA,National film archive,https://ifiarchiveplayer.ie/,True,True,https://ifiarchiveplayer.ie/,IFI Archive Player,https://ifiarchiveplayer.ie/hospitality-courses/,hospitality courses,IFI Archive Player film record,Public film-page metadata exposed by the IFI Archive Player. The permalink represents a public viewing/metadata surface; MAR does not download or redistribute the audiovisual media and does not infer a licence to reproduce it.,,hospitality courses,,Patrimônio fílmico irlandês em acesso público,Streaming audiovisual institucional público
IFI Irish Film Archive,ifi-irish-film-archive,Ireland,Europe,IE-IFI-IFA,National film archive,https://ifiarchiveplayer.ie/,True,True,https://ifiarchiveplayer.ie/,IFI Archive Player,https://ifiarchiveplayer.ie/house-party/,house party,IFI Archive Player film record,Public film-page metadata exposed by the IFI Archive Player. The permalink represents a public viewing/metadata surface; MAR does not download or redistribute the audiovisual media and does not infer a licence to reproduce it.,,house party,,Patrimônio fílmico irlandês em acesso público,Streaming audiovisual institucional público
IFI Irish Film Archive,ifi-irish-film-archive,Ireland,Europe,IE-IFI-IFA,National film archive,https://ifiarchiveplayer.ie/,True,True,https://ifiarchiveplayer.ie/,IFI Archive Player,https://ifiarchiveplayer.ie/housing-discrimination/,housing discrimination,IFI Archive Player film record,Public film-page metadata exposed by the IFI Archive Player. The permalink represents a public viewing/metadata surface; MAR does not download or redistribute the audiovisual media and does not infer a licence to reproduce it.,,housing discrimination,,Patrimônio fílmico irlandês em acesso público,Streaming audiovisual institucional público
IFI Irish Film Archive,ifi-irish-film-archive,Ireland,Europe,IE-IFI-IFA,National film archive,https://ifiarchiveplayer.ie/,True,True,https://ifiarchiveplayer.ie/,IFI Archive Player,https://ifiarchiveplayer.ie/housing-discrimination-2/,housing discrimination 2,IFI Archive Player film record,Public film-page metadata exposed by the IFI Archive Player. The permalink represents a public viewing/metadata surface; MAR does not download or redistribute the audiovisual media and does not infer a licence to reproduce it.,,housing discrimination 2,,Patrimônio fílmico irlandês em acesso público,Streaming audiovisual institucional público
IFI Irish Film Archive,ifi-irish-film-archive,Ireland,Europe,IE-IFI-IFA,National film archive,https://ifiarchiveplayer.ie/,True,True,https://ifiarchiveplayer.ie/,IFI Archive Player,https://ifiarchiveplayer.ie/hunting-in-full-swing-in-irish-free-state/,hunting in full swing in irish free state,IFI Archive Player film record,Public film-page metadata exposed by the IFI Archive Player. The permalink represents a public viewing/metadata surface; MAR does not download or redistribute the audiovisual media and does not infer a licence to reproduce it.,,hunting in full swing in irish free state,,Patrimônio fílmico irlandês em acesso público,Streaming audiovisual institucional público
IFI Irish Film Archive,ifi-irish-film-archive,Ireland,Europe,IE-IFI-IFA,National film archive,https://ifiarchiveplayer.ie/,True,True,https://ifiarchiveplayer.ie/,IFI Archive Player,https://ifiarchiveplayer.ie/hurling/,hurling,IFI Archive Player film record,Public film-page metadata exposed by the IFI Archive Player. The permalink represents a public viewing/metadata surface; MAR does not download or redistribute the audiovisual media and does not infer a licence to reproduce it.,,hurling,,Patrimônio fílmico irlandês em acesso público,Streaming audiovisual institucional público
IFI Irish Film Archive,ifi-irish-film-archive,Ireland,Europe,IE-IFI-IFA,National film archive,https://ifiarchiveplayer.ie/,True,True,https://ifiarchiveplayer.ie/,IFI Archive Player,https://ifiarchiveplayer.ie/hurling-nihongaels-setanta/,hurling nihongaels setanta,IFI Archive Player film record,Public film-page metadata exposed by the IFI Archive Player. The permalink represents a public viewing/metadata surface; MAR does not download or redistribute the audiovisual media and does not infer a licence to reproduce it.,,hurling nihongaels setanta,,Patrimônio fílmico irlandês em acesso público,Streaming audiovisual institucional público
IFI Irish Film Archive,ifi-irish-film-archive,Ireland,Europe,IE-IFI-IFA,National film archive,https://ifiarchiveplayer.ie/,True,True,https://ifiarchiveplayer.ie/,IFI Archive Player,https://ifiarchiveplayer.ie/huzzar-vodka/,huzzar vodka,IFI Archive Player film record,Public film-page metadata exposed by the IFI Archive Player. The permalink represents a public viewing/metadata surface; MAR does not download or redistribute the audiovisual media and does not infer a licence to reproduce it.,,huzzar vodka,,Patrimônio fílmico irlandês em acesso público,Streaming audiovisual institucional público
IFI Irish Film Archive,ifi-irish-film-archive,Ireland,Europe,IE-IFI-IFA,National film archive,https://ifiarchiveplayer.ie/,True,True,https://ifiarchiveplayer.ie/,IFI Archive Player,https://ifiarchiveplayer.ie/i-am/,i am,IFI Archive Player film record,Public film-page metadata exposed by the IFI Archive Player. The permalink represents a public viewing/metadata surface; MAR does not download or redistribute the audiovisual media and does not infer a licence to reproduce it.,,i am,,Patrimônio fílmico irlandês em acesso público,Streaming audiovisual institucional público
IFI Irish Film Archive,ifi-irish-film-archive,Ireland,Europe,IE-IFI-IFA,National film archive,https://ifiarchiveplayer.ie/,True,True,https://ifiarchiveplayer.ie/,IFI Archive Player,https://ifiarchiveplayer.ie/i-want-peace/,i want peace,IFI Archive Player film record,Public film-page metadata exposed by the IFI Archive Player. The permalink represents a public viewing/metadata surface; MAR does not download or redistribute the audiovisual media and does not infer a licence to reproduce it.,,i want peace,,Patrimônio fílmico irlandês em acesso público,Streaming audiovisual institucional público
IFI Irish Film Archive,ifi-irish-film-archive,Ireland,Europe,IE-IFI-IFA,National film archive,https://ifiarchiveplayer.ie/,True,True,https://ifiarchiveplayer.ie/,IFI Archive Player,https://ifiarchiveplayer.ie/ica-congress-discusses-rural-water-supplies/,ica congress discusses rural water supplies,IFI Archive Player film record,Public film-page metadata exposed by the IFI Archive Player. The permalink represents a public viewing/metadata surface; MAR does not download or redistribute the audiovisual media and does not infer a licence to reproduce it.,,ica congress discusses rural water supplies,,Patrimônio fílmico irlandês em acesso público,Streaming audiovisual institucional público
IFI Irish Film Archive,ifi-irish-film-archive,Ireland,Europe,IE-IFI-IFA,National film archive,https://ifiarchiveplayer.ie/,True,True,https://ifiarchiveplayer.ie/,IFI Archive Player,https://ifiarchiveplayer.ie/ica-members-at-novel-cookery-course/,ica members at novel cookery course,IFI Archive Player film record,Public film-page metadata exposed by the IFI Archive Player. The permalink represents a public viewing/metadata surface; MAR does not download or redistribute the audiovisual media and does not infer a licence to reproduce it.,,ica members at novel cookery course,,Patrimônio fílmico irlandês em acesso público,Streaming audiovisual institucional público
IFI Irish Film Archive,ifi-irish-film-archive,Ireland,Europe,IE-IFI-IFA,National film archive,https://ifiarchiveplayer.ie/,True,True,https://ifiarchiveplayer.ie/,IFI Archive Player,https://ifiarchiveplayer.ie/if-these-walls-could-talk/,if these walls could talk,IFI Archive Player film record,Public film-page metadata exposed by the IFI Archive Player. The permalink represents a public viewing/metadata surface; MAR does not download or redistribute the audiovisual media and does not infer a licence to reproduce it.,,if these walls could talk,,Patrimônio fílmico irlandês em acesso público,Streaming audiovisual institucional público
IFI Irish Film Archive,ifi-irish-film-archive,Ireland,Europe,IE-IFI-IFA,National film archive,https://ifiarchiveplayer.ie/,True,True,https://ifiarchiveplayer.ie/,IFI Archive Player,https://ifiarchiveplayer.ie/ifi-player-filmmaker-playlist-lenny-abrahamson/,ifi player filmmaker playlist lenny abrahamson,IFI Archive Player film record,Public film-page metadata exposed by the IFI Archive Player. The permalink represents a public viewing/metadata surface; MAR does not download or redistribute the audiovisual media and does not infer a licence to reproduce it.,,ifi player filmmaker playlist lenny abrahamson,,Patrimônio fílmico irlandês em acesso público,Streaming audiovisual institucional público
IFI Irish Film Archive,ifi-irish-film-archive,Ireland,Europe,IE-IFI-IFA,National film archive,https://ifiarchiveplayer.ie/,True,True,https://ifiarchiveplayer.ie/,IFI Archive Player,https://ifiarchiveplayer.ie/ike-in-wexford/,ike in wexford,IFI Archive Player film record,Public film-page metadata exposed by the IFI Archive Player. The permalink represents a public viewing/metadata surface; MAR does not download or redistribute the audiovisual media and does not infer a licence to reproduce it.,,ike in wexford,,Patrimônio fílmico irlandês em acesso público,Streaming audiovisual institucional público
IFI Irish Film Archive,ifi-irish-film-archive,Ireland,Europe,IE-IFI-IFA,National film archive,https://ifiarchiveplayer.ie/,True,True,https://ifiarchiveplayer.ie/,IFI Archive Player,https://ifiarchiveplayer.ie/impressive-religious-ceremony/,impressive religious ceremony,IFI Archive Player film record,Public film-page metadata exposed by the IFI Archive Player. The permalink represents a public viewing/metadata surface; MAR does not download or redistribute the audiovisual media and does not infer a licence to reproduce it.,,impressive religious ceremony,,Patrimônio fílmico irlandês em acesso público,Streaming audiovisual institucional público
IFI Irish Film Archive,ifi-irish-film-archive,Ireland,Europe,IE-IFI-IFA,National film archive,https://ifiarchiveplayer.ie/,True,True,https://ifiarchiveplayer.ie/,IFI Archive Player,https://ifiarchiveplayer.ie/imprint-bernard-maclaverty/,imprint bernard maclaverty,IFI Archive Player film record,Public film-page metadata exposed by the IFI Archive Player. The permalink represents a public viewing/metadata surface; MAR does not download or redistribute the audiovisual media and does not infer a licence to reproduce it.,,imprint bernard maclaverty,,Patrimônio fílmico irlandês em acesso público,Streaming audiovisual institucional público
IFI Irish Film Archive,ifi-irish-film-archive,Ireland,Europe,IE-IFI-IFA,National film archive,https://ifiarchiveplayer.ie/,True,True,https://ifiarchiveplayer.ie/,IFI Archive Player,https://ifiarchiveplayer.ie/imprint-brendan-kennelly/,imprint brendan kennelly,IFI Archive Player film record,Public film-page metadata exposed by the IFI Archive Player. The permalink represents a public viewing/metadata surface; MAR does not download or redistribute the audiovisual media and does not infer a licence to reproduce it.,,imprint brendan kennelly,,Patrimônio fílmico irlandês em acesso público,Streaming audiovisual institucional público
IFI Irish Film Archive,ifi-irish-film-archive,Ireland,Europe,IE-IFI-IFA,National film archive,https://ifiarchiveplayer.ie/,True,True,https://ifiarchiveplayer.ie/,IFI Archive Player,https://ifiarchiveplayer.ie/imprint-colm-toibin/,imprint colm toibin,IFI Archive Player film record,Public film-page metadata exposed by the IFI Archive Player. The permalink represents a public viewing/metadata surface; MAR does not download or redistribute the audiovisual media and does not infer a licence to reproduce it.,,imprint colm toibin,,Patrimônio fílmico irlandês em acesso público,Streaming audiovisual institucional público
IFI Irish Film Archive,ifi-irish-film-archive,Ireland,Europe,IE-IFI-IFA,National film archive,https://ifiarchiveplayer.ie/,True,True,https://ifiarchiveplayer.ie/,IFI Archive Player,https://ifiarchiveplayer.ie/imprint-dermot-bolger/,imprint dermot bolger,IFI Archive Player film record,Public film-page metadata exposed by the IFI Archive Player. The permalink represents a public viewing/metadata surface; MAR does not download or redistribute the audiovisual media and does not infer a licence to reproduce it.,,imprint dermot bolger,,Patrimônio fílmico irlandês em acesso público,Streaming audiovisual institucional público
IFI Irish Film Archive,ifi-irish-film-archive,Ireland,Europe,IE-IFI-IFA,National film archive,https://ifiarchiveplayer.ie/,True,True,https://ifiarchiveplayer.ie/,IFI Archive Player,https://ifiarchiveplayer.ie/imprint-doris-lessing/,imprint doris lessing,IFI Archive Player film record,Public film-page metadata exposed by the IFI Archive Player. The permalink represents a public viewing/metadata surface; MAR does not download or redistribute the audiovisual media and does not infer a licence to reproduce it.,,imprint doris lessing,,Patrimônio fílmico irlandês em acesso público,Streaming audiovisual institucional público
IFI Irish Film Archive,ifi-irish-film-archive,Ireland,Europe,IE-IFI-IFA,National film archive,https://ifiarchiveplayer.ie/,True,True,https://ifiarchiveplayer.ie/,IFI Archive Player,https://ifiarchiveplayer.ie/imprint-eavan-boland/,imprint eavan boland,IFI Archive Player film record,Public film-page metadata exposed by the IFI Archive Player. The permalink represents a public viewing/metadata surface; MAR does not download or redistribute the audiovisual media and does not infer a licence to reproduce it.,,imprint eavan boland,,Patrimônio fílmico irlandês em acesso público,Streaming audiovisual institucional público
IFI Irish Film Archive,ifi-irish-film-archive,Ireland,Europe,IE-IFI-IFA,National film archive,https://ifiarchiveplayer.ie/,True,True,https://ifiarchiveplayer.ie/,IFI Archive Player,https://ifiarchiveplayer.ie/imprint-edward-said/,imprint edward said,IFI Archive Player film record,Public film-page metadata exposed by the IFI Archive Player. The permalink represents a public viewing/metadata surface; MAR does not download or redistribute the audiovisual media and does not infer a licence to reproduce it.,,imprint edward said,,Patrimônio fílmico irlandês em acesso público,Streaming audiovisual institucional público
IFI Irish Film Archive,ifi-irish-film-archive,Ireland,Europe,IE-IFI-IFA,National film archive,https://ifiarchiveplayer.ie/,True,True,https://ifiarchiveplayer.ie/,IFI Archive Player,https://ifiarchiveplayer.ie/imprint-gore-vidal/,imprint gore vidal,IFI Archive Player film record,Public film-page metadata exposed by the IFI Archive Player. The permalink represents a public viewing/metadata surface; MAR does not download or redistribute the audiovisual media and does not infer a licence to reproduce it.,,imprint gore vidal,,Patrimônio fílmico irlandês em acesso público,Streaming audiovisual institucional público
IFI Irish Film Archive,ifi-irish-film-archive,Ireland,Europe,IE-IFI-IFA,National film archive,https://ifiarchiveplayer.ie/,True,True,https://ifiarchiveplayer.ie/,IFI Archive Player,https://ifiarchiveplayer.ie/imprint-hugh-leonard/,imprint hugh leonard,IFI Archive Player film record,Public film-page metadata exposed by the IFI Archive Player. The permalink represents a public viewing/metadata surface; MAR does not download or redistribute the audiovisual media and does not infer a licence to reproduce it.,,imprint hugh leonard,,Patrimônio fílmico irlandês em acesso público,Streaming audiovisual institucional público
IFI Irish Film Archive,ifi-irish-film-archive,Ireland,Europe,IE-IFI-IFA,National film archive,https://ifiarchiveplayer.ie/,True,True,https://ifiarchiveplayer.ie/,IFI Archive Player,https://ifiarchiveplayer.ie/imprint-intro/,imprint intro,IFI Archive Player film record,Public film-page metadata exposed by the IFI Archive Player. The permalink represents a public viewing/metadata surface; MAR does not download or redistribute the audiovisual media and does not infer a licence to reproduce it.,,imprint intro,,Patrimônio fílmico irlandês em acesso público,Streaming audiovisual institucional público
IFI Irish Film Archive,ifi-irish-film-archive,Ireland,Europe,IE-IFI-IFA,National film archive,https://ifiarchiveplayer.ie/,True,True,https://ifiarchiveplayer.ie/,IFI Archive Player,https://ifiarchiveplayer.ie/imprint-jennifer-johnston/,imprint jennifer johnston,IFI Archive Player film record,Public film-page metadata exposed by the IFI Archive Player. The permalink represents a public viewing/metadata surface; MAR does not download or redistribute the audiovisual media and does not infer a licence to reproduce it.,,imprint jennifer johnston,,Patrimônio fílmico irlandês em acesso público,Streaming audiovisual institucional público
IFI Irish Film Archive,ifi-irish-film-archive,Ireland,Europe,IE-IFI-IFA,National film archive,https://ifiarchiveplayer.ie/,True,True,https://ifiarchiveplayer.ie/,IFI Archive Player,https://ifiarchiveplayer.ie/imprint-jg-ballard/,imprint jg ballard,IFI Archive Player film record,Public film-page metadata exposed by the IFI Archive Player. The permalink represents a public viewing/metadata surface; MAR does not download or redistribute the audiovisual media and does not infer a licence to reproduce it.,,imprint jg ballard,,Patrimônio fílmico irlandês em acesso público,Streaming audiovisual institucional público
IFI Irish Film Archive,ifi-irish-film-archive,Ireland,Europe,IE-IFI-IFA,National film archive,https://ifiarchiveplayer.ie/,True,True,https://ifiarchiveplayer.ie/,IFI Archive Player,https://ifiarchiveplayer.ie/imprint-john-montague/,imprint john montague,IFI Archive Player film record,Public film-page metadata exposed by the IFI Archive Player. The permalink represents a public viewing/metadata surface; MAR does not download or redistribute the audiovisual media and does not infer a licence to reproduce it.,,imprint john montague,,Patrimônio fílmico irlandês em acesso público,Streaming audiovisual institucional público
IFI Irish Film Archive,ifi-irish-film-archive,Ireland,Europe,IE-IFI-IFA,National film archive,https://ifiarchiveplayer.ie/,True,True,https://ifiarchiveplayer.ie/,IFI Archive Player,https://ifiarchiveplayer.ie/imprint-joseph-oconnor/,imprint joseph oconnor,IFI Archive Player film record,Public film-page metadata exposed by the IFI Archive Player. The permalink represents a public viewing/metadata surface; MAR does not download or redistribute the audiovisual media and does not infer a licence to reproduce it.,,imprint joseph oconnor,,Patrimônio fílmico irlandês em acesso público,Streaming audiovisual institucional público
IFI Irish Film Archive,ifi-irish-film-archive,Ireland,Europe,IE-IFI-IFA,National film archive,https://ifiarchiveplayer.ie/,True,True,https://ifiarchiveplayer.ie/,IFI Archive Player,https://ifiarchiveplayer.ie/imprint-leland-bardwell/,imprint leland bardwell,IFI Archive Player film record,Public film-page metadata exposed by the IFI Archive Player. The permalink represents a public viewing/metadata surface; MAR does not download or redistribute the audiovisual media and does not infer a licence to reproduce it.,,imprint leland bardwell,,Patrimônio fílmico irlandês em acesso público,Streaming audiovisual institucional público
IFI Irish Film Archive,ifi-irish-film-archive,Ireland,Europe,IE-IFI-IFA,National film archive,https://ifiarchiveplayer.ie/,True,True,https://ifiarchiveplayer.ie/,IFI Archive Player,https://ifiarchiveplayer.ie/imprint-margaret-atwood/,imprint margaret atwood,IFI Archive Player film record,Public film-page metadata exposed by the IFI Archive Player. The permalink represents a public viewing/metadata surface; MAR does not download or redistribute the audiovisual media and does not infer a licence to reproduce it.,,imprint margaret atwood,,Patrimônio fílmico irlandês em acesso público,Streaming audiovisual institucional público
IFI Irish Film Archive,ifi-irish-film-archive,Ireland,Europe,IE-IFI-IFA,National film archive,https://ifiarchiveplayer.ie/,True,True,https://ifiarchiveplayer.ie/,IFI Archive Player,https://ifiarchiveplayer.ie/imprint-michael-longley/,imprint michael longley,IFI Archive Player film record,Public film-page metadata exposed by the IFI Archive Player. The permalink represents a public viewing/metadata surface; MAR does not download or redistribute the audiovisual media and does not infer a licence to reproduce it.,,imprint michael longley,,Patrimônio fílmico irlandês em acesso público,Streaming audiovisual institucional público
IFI Irish Film Archive,ifi-irish-film-archive,Ireland,Europe,IE-IFI-IFA,National film archive,https://ifiarchiveplayer.ie/,True,True,https://ifiarchiveplayer.ie/,IFI Archive Player,https://ifiarchiveplayer.ie/imprint-nuala-ni-dhomnaill/,imprint nuala ni dhomnaill,IFI Archive Player film record,Public film-page metadata exposed by the IFI Archive Player. The permalink represents a public viewing/metadata surface; MAR does not download or redistribute the audiovisual media and does not infer a licence to reproduce it.,,imprint nuala ni dhomnaill,,Patrimônio fílmico irlandês em acesso público,Streaming audiovisual institucional público
IFI Irish Film Archive,ifi-irish-film-archive,Ireland,Europe,IE-IFI-IFA,National film archive,https://ifiarchiveplayer.ie/,True,True,https://ifiarchiveplayer.ie/,IFI Archive Player,https://ifiarchiveplayer.ie/imprint-paul-durcan/,imprint paul durcan,IFI Archive Player film record,Public film-page metadata exposed by the IFI Archive Player. The permalink represents a public viewing/metadata surface; MAR does not download or redistribute the audiovisual media and does not infer a licence to reproduce it.,,imprint paul durcan,,Patrimônio fílmico irlandês em acesso público,Streaming audiovisual institucional público
IFI Irish Film Archive,ifi-irish-film-archive,Ireland,Europe,IE-IFI-IFA,National film archive,https://ifiarchiveplayer.ie/,True,True,https://ifiarchiveplayer.ie/,IFI Archive Player,https://ifiarchiveplayer.ie/imprint-richard-ford/,imprint richard ford,IFI Archive Player film record,Public film-page metadata exposed by the IFI Archive Player. The permalink represents a public viewing/metadata surface; MAR does not download or redistribute the audiovisual media and does not infer a licence to reproduce it.,,imprint richard ford,,Patrimônio fílmico irlandês em acesso público,Streaming audiovisual institucional público
IFI Irish Film Archive,ifi-irish-film-archive,Ireland,Europe,IE-IFI-IFA,National film archive,https://ifiarchiveplayer.ie/,True,True,https://ifiarchiveplayer.ie/,IFI Archive Player,https://ifiarchiveplayer.ie/imprint-thomas-kilroy/,imprint thomas kilroy,IFI Archive Player film record,Public film-page metadata exposed by the IFI Archive Player. The permalink represents a public viewing/metadata surface; MAR does not download or redistribute the audiovisual media and does not infer a licence to reproduce it.,,imprint thomas kilroy,,Patrimônio fílmico irlandês em acesso público,Streaming audiovisual institucional público
IFI Irish Film Archive,ifi-irish-film-archive,Ireland,Europe,IE-IFI-IFA,National film archive,https://ifiarchiveplayer.ie/,True,True,https://ifiarchiveplayer.ie/,IFI Archive Player,https://ifiarchiveplayer.ie/in-the-city/,in the city,IFI Archive Player film record,Public film-page metadata exposed by the IFI Archive Player. The permalink represents a public viewing/metadata surface; MAR does not download or redistribute the audiovisual media and does not infer a licence to reproduce it.,,in the city,,Patrimônio fílmico irlandês em acesso público,Streaming audiovisual institucional público
IFI Irish Film Archive,ifi-irish-film-archive,Ireland,Europe,IE-IFI-IFA,National film archive,https://ifiarchiveplayer.ie/,True,True,https://ifiarchiveplayer.ie/,IFI Archive Player,https://ifiarchiveplayer.ie/in-the-country/,in the country,IFI Archive Player film record,Public film-page metadata exposed by the IFI Archive Player. The permalink represents a public viewing/metadata surface; MAR does not download or redistribute the audiovisual media and does not infer a licence to reproduce it.,,in the country,,Patrimônio fílmico irlandês em acesso público,Streaming audiovisual institucional público
IFI Irish Film Archive,ifi-irish-film-archive,Ireland,Europe,IE-IFI-IFA,National film archive,https://ifiarchiveplayer.ie/,True,True,https://ifiarchiveplayer.ie/,IFI Archive Player,https://ifiarchiveplayer.ie/in-wicklow-hills-lenny-abrahamson/,in wicklow hills lenny abrahamson,IFI Archive Player film record,Public film-page metadata exposed by the IFI Archive Player. The permalink represents a public viewing/metadata surface; MAR does not download or redistribute the audiovisual media and does not infer a licence to reproduce it.,,in wicklow hills lenny abrahamson,,Patrimônio fílmico irlandês em acesso público,Streaming audiovisual institucional público
IFI Irish Film Archive,ifi-irish-film-archive,Ireland,Europe,IE-IFI-IFA,National film archive,https://ifiarchiveplayer.ie/,True,True,https://ifiarchiveplayer.ie/,IFI Archive Player,https://ifiarchiveplayer.ie/inishturk-relieved-supplies-by-helicopter/,inishturk relieved supplies by helicopter,IFI Archive Player film record,Public film-page metadata exposed by the IFI Archive Player. The permalink represents a public viewing/metadata surface; MAR does not download or redistribute the audiovisual media and does not infer a licence to reproduce it.,,inishturk relieved supplies by helicopter,,Patrimônio fílmico irlandês em acesso público,Streaming audiovisual institucional público
IFI Irish Film Archive,ifi-irish-film-archive,Ireland,Europe,IE-IFI-IFA,National film archive,https://ifiarchiveplayer.ie/,True,True,https://ifiarchiveplayer.ie/,IFI Archive Player,https://ifiarchiveplayer.ie/innovation-in-schoolrooms-prefabrication/,innovation in schoolrooms prefabrication,IFI Archive Player film record,Public film-page metadata exposed by the IFI Archive Player. The permalink represents a public viewing/metadata surface; MAR does not download or redistribute the audiovisual media and does not infer a licence to reproduce it.,,innovation in schoolrooms prefabrication,,Patrimônio fílmico irlandês em acesso público,Streaming audiovisual institucional público
IFI Irish Film Archive,ifi-irish-film-archive,Ireland,Europe,IE-IFI-IFA,National film archive,https://ifiarchiveplayer.ie/,True,True,https://ifiarchiveplayer.ie/,IFI Archive Player,https://ifiarchiveplayer.ie/inter-county-badminton/,inter county badminton,IFI Archive Player film record,Public film-page metadata exposed by the IFI Archive Player. The permalink represents a public viewing/metadata surface; MAR does not download or redistribute the audiovisual media and does not infer a licence to reproduce it.,,inter county badminton,,Patrimônio fílmico irlandês em acesso público,Streaming audiovisual institucional público
IFI Irish Film Archive,ifi-irish-film-archive,Ireland,Europe,IE-IFI-IFA,National film archive,https://ifiarchiveplayer.ie/,True,True,https://ifiarchiveplayer.ie/,IFI Archive Player,https://ifiarchiveplayer.ie/international-boxing-germany-v-ireland/,international boxing germany v ireland,IFI Archive Player film record,Public film-page metadata exposed by the IFI Archive Player. The permalink represents a public viewing/metadata surface; MAR does not download or redistribute the audiovisual media and does not infer a licence to reproduce it.,,international boxing germany v ireland,,Patrimônio fílmico irlandês em acesso público,Streaming audiovisual institucional público
IFI Irish Film Archive,ifi-irish-film-archive,Ireland,Europe,IE-IFI-IFA,National film archive,https://ifiarchiveplayer.ie/,True,True,https://ifiarchiveplayer.ie/,IFI Archive Player,https://ifiarchiveplayer.ie/international-boxing-ireland-v-usa/,international boxing ireland v usa,IFI Archive Player film record,Public film-page metadata exposed by the IFI Archive Player. The permalink represents a public viewing/metadata surface; MAR does not download or redistribute the audiovisual media and does not infer a licence to reproduce it.,,international boxing ireland v usa,,Patrimônio fílmico irlandês em acesso público,Streaming audiovisual institucional público
IFI Irish Film Archive,ifi-irish-film-archive,Ireland,Europe,IE-IFI-IFA,National film archive,https://ifiarchiveplayer.ie/,True,True,https://ifiarchiveplayer.ie/,IFI Archive Player,https://ifiarchiveplayer.ie/international-exhibition-of-childrens-art/,international exhibition of childrens art,IFI Archive Player film record,Public film-page metadata exposed by the IFI Archive Player. The permalink represents a public viewing/metadata surface; MAR does not download or redistribute the audiovisual media and does not infer a licence to reproduce it.,,international exhibition of childrens art,,Patrimônio fílmico irlandês em acesso público,Streaming audiovisual institucional público
IFI Irish Film Archive,ifi-irish-film-archive,Ireland,Europe,IE-IFI-IFA,National film archive,https://ifiarchiveplayer.ie/,True,True,https://ifiarchiveplayer.ie/,IFI Archive Player,https://ifiarchiveplayer.ie/interprovincial-rowing-finals/,interprovincial rowing finals,IFI Archive Player film record,Public film-page metadata exposed by the IFI Archive Player. The permalink represents a public viewing/metadata surface; MAR does not download or redistribute the audiovisual media and does not infer a licence to reproduce it.,,interprovincial rowing finals,,Patrimônio fílmico irlandês em acesso público,Streaming audiovisual institucional público
IFI Irish Film Archive,ifi-irish-film-archive,Ireland,Europe,IE-IFI-IFA,National film archive,https://ifiarchiveplayer.ie/,True,True,https://ifiarchiveplayer.ie/,IFI Archive Player,https://ifiarchiveplayer.ie/into-the-abyss/,into the abyss,IFI Archive Player film record,Public film-page metadata exposed by the IFI Archive Player. The permalink represents a public viewing/metadata surface; MAR does not download or redistribute the audiovisual media and does not infer a licence to reproduce it.,,into the abyss,,Patrimônio fílmico irlandês em acesso público,Streaming audiovisual institucional público
IFI Irish Film Archive,ifi-irish-film-archive,Ireland,Europe,IE-IFI-IFA,National film archive,https://ifiarchiveplayer.ie/,True,True,https://ifiarchiveplayer.ie/,IFI Archive Player,https://ifiarchiveplayer.ie/introduction-to-the-irish-free-state/,introduction to the irish free state,IFI Archive Player film record,Public film-page metadata exposed by the IFI Archive Player. The permalink represents a public viewing/metadata surface; MAR does not download or redistribute the audiovisual media and does not infer a licence to reproduce it.,,introduction to the irish free state,,Patrimônio fílmico irlandês em acesso público,Streaming audiovisual institucional público
IFI Irish Film Archive,ifi-irish-film-archive,Ireland,Europe,IE-IFI-IFA,National film archive,https://ifiarchiveplayer.ie/,True,True,https://ifiarchiveplayer.ie/,IFI Archive Player,https://ifiarchiveplayer.ie/invasion-of-limerick/,invasion of limerick,IFI Archive Player film record,Public film-page metadata exposed by the IFI Archive Player. The permalink represents a public viewing/metadata surface; MAR does not download or redistribute the audiovisual media and does not infer a licence to reproduce it.,,invasion of limerick,,Patrimônio fílmico irlandês em acesso público,Streaming audiovisual institucional público
IFI Irish Film Archive,ifi-irish-film-archive,Ireland,Europe,IE-IFI-IFA,National film archive,https://ifiarchiveplayer.ie/,True,True,https://ifiarchiveplayer.ie/,IFI Archive Player,https://ifiarchiveplayer.ie/ireland-france-student-exchange-scheme-by-caravelle-jet/,ireland france student exchange scheme by caravelle jet,IFI Archive Player film record,Public film-page metadata exposed by the IFI Archive Player. The permalink represents a public viewing/metadata surface; MAR does not download or redistribute the audiovisual media and does not infer a licence to reproduce it.,,ireland france student exchange scheme by caravelle jet,,Patrimônio fílmico irlandês em acesso público,Streaming audiovisual institucional público
IFI Irish Film Archive,ifi-irish-film-archive,Ireland,Europe,IE-IFI-IFA,National film archive,https://ifiarchiveplayer.ie/,True,True,https://ifiarchiveplayer.ie/,IFI Archive Player,https://ifiarchiveplayer.ie/ireland-healing-her-wounds/,ireland healing her wounds,IFI Archive Player film record,Public film-page metadata exposed by the IFI Archive Player. The permalink represents a public viewing/metadata surface; MAR does not download or redistribute the audiovisual media and does not infer a licence to reproduce it.,,ireland healing her wounds,,Patrimônio fílmico irlandês em acesso público,Streaming audiovisual institucional público
IFI Irish Film Archive,ifi-irish-film-archive,Ireland,Europe,IE-IFI-IFA,National film archive,https://ifiarchiveplayer.ie/,True,True,https://ifiarchiveplayer.ie/,IFI Archive Player,https://ifiarchiveplayer.ie/ireland-in-a-horse-drawn-caravan/,ireland in a horse drawn caravan,IFI Archive Player film record,Public film-page metadata exposed by the IFI Archive Player. The permalink represents a public viewing/metadata surface; MAR does not download or redistribute the audiovisual media and does not infer a licence to reproduce it.,,ireland in a horse drawn caravan,,Patrimônio fílmico irlandês em acesso público,Streaming audiovisual institucional público
IFI Irish Film Archive,ifi-irish-film-archive,Ireland,Europe,IE-IFI-IFA,National film archive,https://ifiarchiveplayer.ie/,True,True,https://ifiarchiveplayer.ie/,IFI Archive Player,https://ifiarchiveplayer.ie/ireland-in-spring/,ireland in spring,IFI Archive Player film record,Public film-page metadata exposed by the IFI Archive Player. The permalink represents a public viewing/metadata surface; MAR does not download or redistribute the audiovisual media and does not infer a licence to reproduce it.,,ireland in spring,,Patrimônio fílmico irlandês em acesso público,Streaming audiovisual institucional público
IFI Irish Film Archive,ifi-irish-film-archive,Ireland,Europe,IE-IFI-IFA,National film archive,https://ifiarchiveplayer.ie/,True,True,https://ifiarchiveplayer.ie/,IFI Archive Player,https://ifiarchiveplayer.ie/irelands-agony/,irelands agony,IFI Archive Player film record,Public film-page metadata exposed by the IFI Archive Player. The permalink represents a public viewing/metadata surface; MAR does not download or redistribute the audiovisual media and does not infer a licence to reproduce it.,,irelands agony,,Patrimônio fílmico irlandês em acesso público,Streaming audiovisual institucional público
IFI Irish Film Archive,ifi-irish-film-archive,Ireland,Europe,IE-IFI-IFA,National film archive,https://ifiarchiveplayer.ie/,True,True,https://ifiarchiveplayer.ie/,IFI Archive Player,https://ifiarchiveplayer.ie/irelands-agony-2/,irelands agony 2,IFI Archive Player film record,Public film-page metadata exposed by the IFI Archive Player. The permalink represents a public viewing/metadata surface; MAR does not download or redistribute the audiovisual media and does not infer a licence to reproduce it.,,irelands agony 2,,Patrimônio fílmico irlandês em acesso público,Streaming audiovisual institucional público
IFI Irish Film Archive,ifi-irish-film-archive,Ireland,Europe,IE-IFI-IFA,National film archive,https://ifiarchiveplayer.ie/,True,True,https://ifiarchiveplayer.ie/,IFI Archive Player,https://ifiarchiveplayer.ie/irelands-fate-decided-in-the-highlands/,irelands fate decided in the highlands,IFI Archive Player film record,Public film-page metadata exposed by the IFI Archive Player. The permalink represents a public viewing/metadata surface; MAR does not download or redistribute the audiovisual media and does not infer a licence to reproduce it.,,irelands fate decided in the highlands,,Patrimônio fílmico irlandês em acesso público,Streaming audiovisual institucional público
IFI Irish Film Archive,ifi-irish-film-archive,Ireland,Europe,IE-IFI-IFA,National film archive,https://ifiarchiveplayer.ie/,True,True,https://ifiarchiveplayer.ie/,IFI Archive Player,https://ifiarchiveplayer.ie/irelands-first-oil-fired-power-station/,irelands first oil fired power station,IFI Archive Player film record,Public film-page metadata exposed by the IFI Archive Player. The permalink represents a public viewing/metadata surface; MAR does not download or redistribute the audiovisual media and does not infer a licence to reproduce it.,,irelands first oil fired power station,,Patrimônio fílmico irlandês em acesso público,Streaming audiovisual institucional público
IFI Irish Film Archive,ifi-irish-film-archive,Ireland,Europe,IE-IFI-IFA,National film archive,https://ifiarchiveplayer.ie/,True,True,https://ifiarchiveplayer.ie/,IFI Archive Player,https://ifiarchiveplayer.ie/irelands-golden-west/,irelands golden west,IFI Archive Player film record,Public film-page metadata exposed by the IFI Archive Player. The permalink represents a public viewing/metadata surface; MAR does not download or redistribute the audiovisual media and does not infer a licence to reproduce it.,,irelands golden west,,Patrimônio fílmico irlandês em acesso público,Streaming audiovisual institucional público
IFI Irish Film Archive,ifi-irish-film-archive,Ireland,Europe,IE-IFI-IFA,National film archive,https://ifiarchiveplayer.ie/,True,True,https://ifiarchiveplayer.ie/,IFI Archive Player,https://ifiarchiveplayer.ie/irelands-great-new-harbour/,irelands great new harbour,IFI Archive Player film record,Public film-page metadata exposed by the IFI Archive Player. The permalink represents a public viewing/metadata surface; MAR does not download or redistribute the audiovisual media and does not infer a licence to reproduce it.,,irelands great new harbour,,Patrimônio fílmico irlandês em acesso público,Streaming audiovisual institucional público
IFI Irish Film Archive,ifi-irish-film-archive,Ireland,Europe,IE-IFI-IFA,National film archive,https://ifiarchiveplayer.ie/,True,True,https://ifiarchiveplayer.ie/,IFI Archive Player,https://ifiarchiveplayer.ie/irelands-holy-mount/,irelands holy mount,IFI Archive Player film record,Public film-page metadata exposed by the IFI Archive Player. The permalink represents a public viewing/metadata surface; MAR does not download or redistribute the audiovisual media and does not infer a licence to reproduce it.,,irelands holy mount,,Patrimônio fílmico irlandês em acesso público,Streaming audiovisual institucional público
IFI Irish Film Archive,ifi-irish-film-archive,Ireland,Europe,IE-IFI-IFA,National film archive,https://ifiarchiveplayer.ie/,True,True,https://ifiarchiveplayer.ie/,IFI Archive Player,https://ifiarchiveplayer.ie/irish-amateur-ballroom-dancing-finals/,irish amateur ballroom dancing finals,IFI Archive Player film record,Public film-page metadata exposed by the IFI Archive Player. The permalink represents a public viewing/metadata surface; MAR does not download or redistribute the audiovisual media and does not infer a licence to reproduce it.,,irish amateur ballroom dancing finals,,Patrimônio fílmico irlandês em acesso público,Streaming audiovisual institucional público
IFI Irish Film Archive,ifi-irish-film-archive,Ireland,Europe,IE-IFI-IFA,National film archive,https://ifiarchiveplayer.ie/,True,True,https://ifiarchiveplayer.ie/,IFI Archive Player,https://ifiarchiveplayer.ie/irish-american-enterprise-new-bubblegum-factory/,irish american enterprise new bubblegum factory,IFI Archive Player film record,Public film-page metadata exposed by the IFI Archive Player. The permalink represents a public viewing/metadata surface; MAR does not download or redistribute the audiovisual media and does not infer a licence to reproduce it.,,irish american enterprise new bubblegum factory,,Patrimônio fílmico irlandês em acesso público,Streaming audiovisual institucional público
IFI Irish Film Archive,ifi-irish-film-archive,Ireland,Europe,IE-IFI-IFA,National film archive,https://ifiarchiveplayer.ie/,True,True,https://ifiarchiveplayer.ie/,IFI Archive Player,https://ifiarchiveplayer.ie/irish-boxers-train-for-south-africa/,irish boxers train for south africa,IFI Archive Player film record,Public film-page metadata exposed by the IFI Archive Player. The permalink represents a public viewing/metadata surface; MAR does not download or redistribute the audiovisual media and does not infer a licence to reproduce it.,,irish boxers train for south africa,,Patrimônio fílmico irlandês em acesso público,Streaming audiovisual institucional público
IFI Irish Film Archive,ifi-irish-film-archive,Ireland,Europe,IE-IFI-IFA,National film archive,https://ifiarchiveplayer.ie/,True,True,https://ifiarchiveplayer.ie/,IFI Archive Player,https://ifiarchiveplayer.ie/irish-boy-story-of-sean/,irish boy story of sean,IFI Archive Player film record,Public film-page metadata exposed by the IFI Archive Player. The permalink represents a public viewing/metadata surface; MAR does not download or redistribute the audiovisual media and does not infer a licence to reproduce it.,,irish boy story of sean,,Patrimônio fílmico irlandês em acesso público,Streaming audiovisual institucional público
IFI Irish Film Archive,ifi-irish-film-archive,Ireland,Europe,IE-IFI-IFA,National film archive,https://ifiarchiveplayer.ie/,True,True,https://ifiarchiveplayer.ie/,IFI Archive Player,https://ifiarchiveplayer.ie/irish-catholic-ceremony-at-cashel-castle/,irish catholic ceremony at cashel castle,IFI Archive Player film record,Public film-page metadata exposed by the IFI Archive Player. The permalink represents a public viewing/metadata surface; MAR does not download or redistribute the audiovisual media and does not infer a licence to reproduce it.,,irish catholic ceremony at cashel castle,,Patrimônio fílmico irlandês em acesso público,Streaming audiovisual institucional público
IFI Irish Film Archive,ifi-irish-film-archive,Ireland,Europe,IE-IFI-IFA,National film archive,https://ifiarchiveplayer.ie/,True,True,https://ifiarchiveplayer.ie/,IFI Archive Player,https://ifiarchiveplayer.ie/irish-catholic-church-insurance/,irish catholic church insurance,IFI Archive Player film record,Public film-page metadata exposed by the IFI Archive Player. The permalink represents a public viewing/metadata surface; MAR does not download or redistribute the audiovisual media and does not infer a licence to reproduce it.,,irish catholic church insurance,,Patrimônio fílmico irlandês em acesso público,Streaming audiovisual institucional público
IFI Irish Film Archive,ifi-irish-film-archive,Ireland,Europe,IE-IFI-IFA,National film archive,https://ifiarchiveplayer.ie/,True,True,https://ifiarchiveplayer.ie/,IFI Archive Player,https://ifiarchiveplayer.ie/irish-ceremony-view-of-oconnell/,irish ceremony view of oconnell,IFI Archive Player film record,Public film-page metadata exposed by the IFI Archive Player. The permalink represents a public viewing/metadata surface; MAR does not download or redistribute the audiovisual media and does not infer a licence to reproduce it.,,irish ceremony view of oconnell,,Patrimônio fílmico irlandês em acesso público,Streaming audiovisual institucional público
IFI Irish Film Archive,ifi-irish-film-archive,Ireland,Europe,IE-IFI-IFA,National film archive,https://ifiarchiveplayer.ie/,True,True,https://ifiarchiveplayer.ie/,IFI Archive Player,https://ifiarchiveplayer.ie/irish-co-operative-gathers-peat/,irish co operative gathers peat,IFI Archive Player film record,Public film-page metadata exposed by the IFI Archive Player. The permalink represents a public viewing/metadata surface; MAR does not download or redistribute the audiovisual media and does not infer a licence to reproduce it.,,irish co operative gathers peat,,Patrimônio fílmico irlandês em acesso público,Streaming audiovisual institucional público
IFI Irish Film Archive,ifi-irish-film-archive,Ireland,Europe,IE-IFI-IFA,National film archive,https://ifiarchiveplayer.ie/,True,True,https://ifiarchiveplayer.ie/,IFI Archive Player,https://ifiarchiveplayer.ie/irish-coffee/,irish coffee,IFI Archive Player film record,Public film-page metadata exposed by the IFI Archive Player. The permalink represents a public viewing/metadata surface; MAR does not download or redistribute the audiovisual media and does not infer a licence to reproduce it.,,irish coffee,,Patrimônio fílmico irlandês em acesso público,Streaming audiovisual institucional público
IFI Irish Film Archive,ifi-irish-film-archive,Ireland,Europe,IE-IFI-IFA,National film archive,https://ifiarchiveplayer.ie/,True,True,https://ifiarchiveplayer.ie/,IFI Archive Player,https://ifiarchiveplayer.ie/irish-crowds-welcome-markievicz-after-release/,irish crowds welcome markievicz after release,IFI Archive Player film record,Public film-page metadata exposed by the IFI Archive Player. The permalink represents a public viewing/metadata surface; MAR does not download or redistribute the audiovisual media and does not infer a licence to reproduce it.,,irish crowds welcome markievicz after release,,Patrimônio fílmico irlandês em acesso público,Streaming audiovisual institucional público
IFI Irish Film Archive,ifi-irish-film-archive,Ireland,Europe,IE-IFI-IFA,National film archive,https://ifiarchiveplayer.ie/,True,True,https://ifiarchiveplayer.ie/,IFI Archive Player,https://ifiarchiveplayer.ie/irish-food-committee/,irish food committee,IFI Archive Player film record,Public film-page metadata exposed by the IFI Archive Player. The permalink represents a public viewing/metadata surface; MAR does not download or redistribute the audiovisual media and does not infer a licence to reproduce it.,,irish food committee,,Patrimônio fílmico irlandês em acesso público,Streaming audiovisual institucional público
IFI Irish Film Archive,ifi-irish-film-archive,Ireland,Europe,IE-IFI-IFA,National film archive,https://ifiarchiveplayer.ie/,True,True,https://ifiarchiveplayer.ie/,IFI Archive Player,https://ifiarchiveplayer.ie/irish-free-state/,irish free state,IFI Archive Player film record,Public film-page metadata exposed by the IFI Archive Player. The permalink represents a public viewing/metadata surface; MAR does not download or redistribute the audiovisual media and does not infer a licence to reproduce it.,,irish free state,,Patrimônio fílmico irlandês em acesso público,Streaming audiovisual institucional público
IFI Irish Film Archive,ifi-irish-film-archive,Ireland,Europe,IE-IFI-IFA,National film archive,https://ifiarchiveplayer.ie/,True,True,https://ifiarchiveplayer.ie/,IFI Archive Player,https://ifiarchiveplayer.ie/irish-gossamer/,irish gossamer,IFI Archive Player film record,Public film-page metadata exposed by the IFI Archive Player. The permalink represents a public viewing/metadata surface; MAR does not download or redistribute the audiovisual media and does not infer a licence to reproduce it.,,irish gossamer,,Patrimônio fílmico irlandês em acesso público,Streaming audiovisual institucional público
IFI Irish Film Archive,ifi-irish-film-archive,Ireland,Europe,IE-IFI-IFA,National film archive,https://ifiarchiveplayer.ie/,True,True,https://ifiarchiveplayer.ie/,IFI Archive Player,https://ifiarchiveplayer.ie/irish-hospital-sweepstakes-draw/,irish hospital sweepstakes draw,IFI Archive Player film record,Public film-page metadata exposed by the IFI Archive Player. The permalink represents a public viewing/metadata surface; MAR does not download or redistribute the audiovisual media and does not infer a licence to reproduce it.,,irish hospital sweepstakes draw,,Patrimônio fílmico irlandês em acesso público,Streaming audiovisual institucional público
IFI Irish Film Archive,ifi-irish-film-archive,Ireland,Europe,IE-IFI-IFA,National film archive,https://ifiarchiveplayer.ie/,True,True,https://ifiarchiveplayer.ie/,IFI Archive Player,https://ifiarchiveplayer.ie/irish-hospital-sweepstakes-vault-advert/,irish hospital sweepstakes vault advert,IFI Archive Player film record,Public film-page metadata exposed by the IFI Archive Player. The permalink represents a public viewing/metadata surface; MAR does not download or redistribute the audiovisual media and does not infer a licence to reproduce it.,,irish hospital sweepstakes vault advert,,Patrimônio fílmico irlandês em acesso público,Streaming audiovisual institucional público
IFI Irish Film Archive,ifi-irish-film-archive,Ireland,Europe,IE-IFI-IFA,National film archive,https://ifiarchiveplayer.ie/,True,True,https://ifiarchiveplayer.ie/,IFI Archive Player,https://ifiarchiveplayer.ie/irish-matches-weird/,irish matches weird,IFI Archive Player film record,Public film-page metadata exposed by the IFI Archive Player. The permalink represents a public viewing/metadata surface; MAR does not download or redistribute the audiovisual media and does not infer a licence to reproduce it.,,irish matches weird,,Patrimônio fílmico irlandês em acesso público,Streaming audiovisual institucional público
IFI Irish Film Archive,ifi-irish-film-archive,Ireland,Europe,IE-IFI-IFA,National film archive,https://ifiarchiveplayer.ie/,True,True,https://ifiarchiveplayer.ie/,IFI Archive Player,https://ifiarchiveplayer.ie/irish-national-army-sweeping-on/,irish national army sweeping on,IFI Archive Player film record,Public film-page metadata exposed by the IFI Archive Player. The permalink represents a public viewing/metadata surface; MAR does not download or redistribute the audiovisual media and does not infer a licence to reproduce it.,,irish national army sweeping on,,Patrimônio fílmico irlandês em acesso público,Streaming audiovisual institucional público
IFI Irish Film Archive,ifi-irish-film-archive,Ireland,Europe,IE-IFI-IFA,National film archive,https://ifiarchiveplayer.ie/,True,True,https://ifiarchiveplayer.ie/,IFI Archive Player,https://ifiarchiveplayer.ie/irish-open-tennis-championships/,irish open tennis championships,IFI Archive Player film record,Public film-page metadata exposed by the IFI Archive Player. The permalink represents a public viewing/metadata surface; MAR does not download or redistribute the audiovisual media and does not infer a licence to reproduce it.,,irish open tennis championships,,Patrimônio fílmico irlandês em acesso público,Streaming audiovisual institucional público
IFI Irish Film Archive,ifi-irish-film-archive,Ireland,Europe,IE-IFI-IFA,National film archive,https://ifiarchiveplayer.ie/,True,True,https://ifiarchiveplayer.ie/,IFI Archive Player,https://ifiarchiveplayer.ie/irish-peace-conference/,irish peace conference,IFI Archive Player film record,Public film-page metadata exposed by the IFI Archive Player. The permalink represents a public viewing/metadata surface; MAR does not download or redistribute the audiovisual media and does not infer a licence to reproduce it.,,irish peace conference,,Patrimônio fílmico irlandês em acesso público,Streaming audiovisual institucional público
IFI Irish Film Archive,ifi-irish-film-archive,Ireland,Europe,IE-IFI-IFA,National film archive,https://ifiarchiveplayer.ie/,True,True,https://ifiarchiveplayer.ie/,IFI Archive Player,https://ifiarchiveplayer.ie/irish-peace-imperilled-by-extremists/,irish peace imperilled by extremists,IFI Archive Player film record,Public film-page metadata exposed by the IFI Archive Player. The permalink represents a public viewing/metadata surface; MAR does not download or redistribute the audiovisual media and does not infer a licence to reproduce it.,,irish peace imperilled by extremists,,Patrimônio fílmico irlandês em acesso público,Streaming audiovisual institucional público
IFI Irish Film Archive,ifi-irish-film-archive,Ireland,Europe,IE-IFI-IFA,National film archive,https://ifiarchiveplayer.ie/,True,True,https://ifiarchiveplayer.ie/,IFI Archive Player,https://ifiarchiveplayer.ie/irish-personalities/,irish personalities,IFI Archive Player film record,Public film-page metadata exposed by the IFI Archive Player. The permalink represents a public viewing/metadata surface; MAR does not download or redistribute the audiovisual media and does not infer a licence to reproduce it.,,irish personalities,,Patrimônio fílmico irlandês em acesso público,Streaming audiovisual institucional público
IFI Irish Film Archive,ifi-irish-film-archive,Ireland,Europe,IE-IFI-IFA,National film archive,https://ifiarchiveplayer.ie/,True,True,https://ifiarchiveplayer.ie/,IFI Archive Player,https://ifiarchiveplayer.ie/irish-pigeon-derby/,irish pigeon derby,IFI Archive Player film record,Public film-page metadata exposed by the IFI Archive Player. The permalink represents a public viewing/metadata surface; MAR does not download or redistribute the audiovisual media and does not infer a licence to reproduce it.,,irish pigeon derby,,Patrimônio fílmico irlandês em acesso público,Streaming audiovisual institucional público
IFI Irish Film Archive,ifi-irish-film-archive,Ireland,Europe,IE-IFI-IFA,National film archive,https://ifiarchiveplayer.ie/,True,True,https://ifiarchiveplayer.ie/,IFI Archive Player,https://ifiarchiveplayer.ie/irish-president-in-america/,irish president in america,IFI Archive Player film record,Public film-page metadata exposed by the IFI Archive Player. The permalink represents a public viewing/metadata surface; MAR does not download or redistribute the audiovisual media and does not infer a licence to reproduce it.,,irish president in america,,Patrimônio fílmico irlandês em acesso público,Streaming audiovisual institucional público
IFI Irish Film Archive,ifi-irish-film-archive,Ireland,Europe,IE-IFI-IFA,National film archive,https://ifiarchiveplayer.ie/,True,True,https://ifiarchiveplayer.ie/,IFI Archive Player,https://ifiarchiveplayer.ie/irish-rebels-new-terror/,irish rebels new terror,IFI Archive Player film record,Public film-page metadata exposed by the IFI Archive Player. The permalink represents a public viewing/metadata surface; MAR does not download or redistribute the audiovisual media and does not infer a licence to reproduce it.,,irish rebels new terror,,Patrimônio fílmico irlandês em acesso público,Streaming audiovisual institucional público
IFI Irish Film Archive,ifi-irish-film-archive,Ireland,Europe,IE-IFI-IFA,National film archive,https://ifiarchiveplayer.ie/,True,True,https://ifiarchiveplayer.ie/,IFI Archive Player,https://ifiarchiveplayer.ie/irish-republic-proclaimed/,irish republic proclaimed,IFI Archive Player film record,Public film-page metadata exposed by the IFI Archive Player. The permalink represents a public viewing/metadata surface; MAR does not download or redistribute the audiovisual media and does not infer a licence to reproduce it.,,irish republic proclaimed,,Patrimônio fílmico irlandês em acesso público,Streaming audiovisual institucional público
IFI Irish Film Archive,ifi-irish-film-archive,Ireland,Europe,IE-IFI-IFA,National film archive,https://ifiarchiveplayer.ie/,True,True,https://ifiarchiveplayer.ie/,IFI Archive Player,https://ifiarchiveplayer.ie/irish-revolution-1922/,irish revolution 1922,IFI Archive Player film record,Public film-page metadata exposed by the IFI Archive Player. The permalink represents a public viewing/metadata surface; MAR does not download or redistribute the audiovisual media and does not infer a licence to reproduce it.,,irish revolution 1922,,Patrimônio fílmico irlandês em acesso público,Streaming audiovisual institucional público
IFI Irish Film Archive,ifi-irish-film-archive,Ireland,Europe,IE-IFI-IFA,National film archive,https://ifiarchiveplayer.ie/,True,True,https://ifiarchiveplayer.ie/,IFI Archive Player,https://ifiarchiveplayer.ie/irish-traditional-music-festival/,irish traditional music festival,IFI Archive Player film record,Public film-page metadata exposed by the IFI Archive Player. The permalink represents a public viewing/metadata surface; MAR does not download or redistribute the audiovisual media and does not infer a licence to reproduce it.,,irish traditional music festival,,Patrimônio fílmico irlandês em acesso público,Streaming audiovisual institucional público
IFI Irish Film Archive,ifi-irish-film-archive,Ireland,Europe,IE-IFI-IFA,National film archive,https://ifiarchiveplayer.ie/,True,True,https://ifiarchiveplayer.ie/,IFI Archive Player,https://ifiarchiveplayer.ie/irish-windows-for-johannesburg-cathedral/,irish windows for johannesburg cathedral,IFI Archive Player film record,Public film-page metadata exposed by the IFI Archive Player. The permalink represents a public viewing/metadata surface; MAR does not download or redistribute the audiovisual media and does not infer a licence to reproduce it.,,irish windows for johannesburg cathedral,,Patrimônio fílmico irlandês em acesso público,Streaming audiovisual institucional público
IFI Irish Film Archive,ifi-irish-film-archive,Ireland,Europe,IE-IFI-IFA,National film archive,https://ifiarchiveplayer.ie/,True,True,https://ifiarchiveplayer.ie/,IFI Archive Player,https://ifiarchiveplayer.ie/irishmen-in-papal-army/,irishmen in papal army,IFI Archive Player film record,Public film-page metadata exposed by the IFI Archive Player. The permalink represents a public viewing/metadata surface; MAR does not download or redistribute the audiovisual media and does not infer a licence to reproduce it.,,irishmen in papal army,,Patrimônio fílmico irlandês em acesso público,Streaming audiovisual institucional público
IFI Irish Film Archive,ifi-irish-film-archive,Ireland,Europe,IE-IFI-IFA,National film archive,https://ifiarchiveplayer.ie/,True,True,https://ifiarchiveplayer.ie/,IFI Archive Player,https://ifiarchiveplayer.ie/is-it-peace/,is it peace,IFI Archive Player film record,Public film-page metadata exposed by the IFI Archive Player. The permalink represents a public viewing/metadata surface; MAR does not download or redistribute the audiovisual media and does not infer a licence to reproduce it.,,is it peace,,Patrimônio fílmico irlandês em acesso público,Streaming audiovisual institucional público
IFI Irish Film Archive,ifi-irish-film-archive,Ireland,Europe,IE-IFI-IFA,National film archive,https://ifiarchiveplayer.ie/,True,True,https://ifiarchiveplayer.ie/,IFI Archive Player,https://ifiarchiveplayer.ie/is-it-the-dawn/,is it the dawn,IFI Archive Player film record,Public film-page metadata exposed by the IFI Archive Player. The permalink represents a public viewing/metadata surface; MAR does not download or redistribute the audiovisual media and does not infer a licence to reproduce it.,,is it the dawn,,Patrimônio fílmico irlandês em acesso público,Streaming audiovisual institucional público
IFI Irish Film Archive,ifi-irish-film-archive,Ireland,Europe,IE-IFI-IFA,National film archive,https://ifiarchiveplayer.ie/,True,True,https://ifiarchiveplayer.ie/,IFI Archive Player,https://ifiarchiveplayer.ie/island/,island,IFI Archive Player film record,Public film-page metadata exposed by the IFI Archive Player. The permalink represents a public viewing/metadata surface; MAR does not download or redistribute the audiovisual media and does not infer a licence to reproduce it.,,island,,Patrimônio fílmico irlandês em acesso público,Streaming audiovisual institucional público
IFI Irish Film Archive,ifi-irish-film-archive,Ireland,Europe,IE-IFI-IFA,National film archive,https://ifiarchiveplayer.ie/,True,True,https://ifiarchiveplayer.ie/,IFI Archive Player,https://ifiarchiveplayer.ie/isnt-done/,isnt done,IFI Archive Player film record,Public film-page metadata exposed by the IFI Archive Player. The permalink represents a public viewing/metadata surface; MAR does not download or redistribute the audiovisual media and does not infer a licence to reproduce it.,,isnt done,,Patrimônio fílmico irlandês em acesso público,Streaming audiovisual institucional público
IFI Irish Film Archive,ifi-irish-film-archive,Ireland,Europe,IE-IFI-IFA,National film archive,https://ifiarchiveplayer.ie/,True,True,https://ifiarchiveplayer.ie/,IFI Archive Player,https://ifiarchiveplayer.ie/itgwu-irish-transport-and-general-workers-union-congress/,itgwu irish transport and general workers union congress,IFI Archive Player film record,Public film-page metadata exposed by the IFI Archive Player. The permalink represents a public viewing/metadata surface; MAR does not download or redistribute the audiovisual media and does not infer a licence to reproduce it.,,itgwu irish transport and general workers union congress,,Patrimônio fílmico irlandês em acesso público,Streaming audiovisual institucional público
IFI Irish Film Archive,ifi-irish-film-archive,Ireland,Europe,IE-IFI-IFA,National film archive,https://ifiarchiveplayer.ie/,True,True,https://ifiarchiveplayer.ie/,IFI Archive Player,https://ifiarchiveplayer.ie/jack-of-all-maids/,jack of all maids,IFI Archive Player film record,Public film-page metadata exposed by the IFI Archive Player. The permalink represents a public viewing/metadata surface; MAR does not download or redistribute the audiovisual media and does not infer a licence to reproduce it.,,jack of all maids,,Patrimônio fílmico irlandês em acesso público,Streaming audiovisual institucional público
IFI Irish Film Archive,ifi-irish-film-archive,Ireland,Europe,IE-IFI-IFA,National film archive,https://ifiarchiveplayer.ie/,True,True,https://ifiarchiveplayer.ie/,IFI Archive Player,https://ifiarchiveplayer.ie/jacobs-busker/,jacobs busker,IFI Archive Player film record,Public film-page metadata exposed by the IFI Archive Player. The permalink represents a public viewing/metadata surface; MAR does not download or redistribute the audiovisual media and does not infer a licence to reproduce it.,,jacobs busker,,Patrimônio fílmico irlandês em acesso público,Streaming audiovisual institucional público
IFI Irish Film Archive,ifi-irish-film-archive,Ireland,Europe,IE-IFI-IFA,National film archive,https://ifiarchiveplayer.ie/,True,True,https://ifiarchiveplayer.ie/,IFI Archive Player,https://ifiarchiveplayer.ie/jacobs-club-shortcake/,jacobs club shortcake,IFI Archive Player film record,Public film-page metadata exposed by the IFI Archive Player. The permalink represents a public viewing/metadata surface; MAR does not download or redistribute the audiovisual media and does not infer a licence to reproduce it.,,jacobs club shortcake,,Patrimônio fílmico irlandês em acesso público,Streaming audiovisual institucional público
IFI Irish Film Archive,ifi-irish-film-archive,Ireland,Europe,IE-IFI-IFA,National film archive,https://ifiarchiveplayer.ie/,True,True,https://ifiarchiveplayer.ie/,IFI Archive Player,https://ifiarchiveplayer.ie/jacobs-windmill/,jacobs windmill,IFI Archive Player film record,Public film-page metadata exposed by the IFI Archive Player. The permalink represents a public viewing/metadata surface; MAR does not download or redistribute the audiovisual media and does not infer a licence to reproduce it.,,jacobs windmill,,Patrimônio fílmico irlandês em acesso público,Streaming audiovisual institucional público
IFI Irish Film Archive,ifi-irish-film-archive,Ireland,Europe,IE-IFI-IFA,National film archive,https://ifiarchiveplayer.ie/,True,True,https://ifiarchiveplayer.ie/,IFI Archive Player,https://ifiarchiveplayer.ie/jacques-esterel-french-fashion-show-in-dublin/,jacques esterel french fashion show in dublin,IFI Archive Player film record,Public film-page metadata exposed by the IFI Archive Player. The permalink represents a public viewing/metadata surface; MAR does not download or redistribute the audiovisual media and does not infer a licence to reproduce it.,,jacques esterel french fashion show in dublin,,Patrimônio fílmico irlandês em acesso público,Streaming audiovisual institucional público
IFI Irish Film Archive,ifi-irish-film-archive,Ireland,Europe,IE-IFI-IFA,National film archive,https://ifiarchiveplayer.ie/,True,True,https://ifiarchiveplayer.ie/,IFI Archive Player,https://ifiarchiveplayer.ie/james/,james,IFI Archive Player film record,Public film-page metadata exposed by the IFI Archive Player. The permalink represents a public viewing/metadata surface; MAR does not download or redistribute the audiovisual media and does not infer a licence to reproduce it.,,james,,Patrimônio fílmico irlandês em acesso público,Streaming audiovisual institucional público
IFI Irish Film Archive,ifi-irish-film-archive,Ireland,Europe,IE-IFI-IFA,National film archive,https://ifiarchiveplayer.ie/,True,True,https://ifiarchiveplayer.ie/,IFI Archive Player,https://ifiarchiveplayer.ie/james-bond-watch/,james bond watch,IFI Archive Player film record,Public film-page metadata exposed by the IFI Archive Player. The permalink represents a public viewing/metadata surface; MAR does not download or redistribute the audiovisual media and does not infer a licence to reproduce it.,,james bond watch,,Patrimônio fílmico irlandês em acesso público,Streaming audiovisual institucional público
IFI Irish Film Archive,ifi-irish-film-archive,Ireland,Europe,IE-IFI-IFA,National film archive,https://ifiarchiveplayer.ie/,True,True,https://ifiarchiveplayer.ie/,IFI Archive Player,https://ifiarchiveplayer.ie/james-gandon-introduction/,james gandon introduction,IFI Archive Player film record,Public film-page metadata exposed by the IFI Archive Player. The permalink represents a public viewing/metadata surface; MAR does not download or redistribute the audiovisual media and does not infer a licence to reproduce it.,,james gandon introduction,,Patrimônio fílmico irlandês em acesso público,Streaming audiovisual institucional público
IFI Irish Film Archive,ifi-irish-film-archive,Ireland,Europe,IE-IFI-IFA,National film archive,https://ifiarchiveplayer.ie/,True,True,https://ifiarchiveplayer.ie/,IFI Archive Player,https://ifiarchiveplayer.ie/james-gandon-shooting-style/,james gandon shooting style,IFI Archive Player film record,Public film-page metadata exposed by the IFI Archive Player. The permalink represents a public viewing/metadata surface; MAR does not download or redistribute the audiovisual media and does not infer a licence to reproduce it.,,james gandon shooting style,,Patrimônio fílmico irlandês em acesso público,Streaming audiovisual institucional público
IFI Irish Film Archive,ifi-irish-film-archive,Ireland,Europe,IE-IFI-IFA,National film archive,https://ifiarchiveplayer.ie/,True,True,https://ifiarchiveplayer.ie/,IFI Archive Player,https://ifiarchiveplayer.ie/james-mulholland-basketmaker/,james mulholland basketmaker,IFI Archive Player film record,Public film-page metadata exposed by the IFI Archive Player. The permalink represents a public viewing/metadata surface; MAR does not download or redistribute the audiovisual media and does not infer a licence to reproduce it.,,james mulholland basketmaker,,Patrimônio fílmico irlandês em acesso público,Streaming audiovisual institucional público
IFI Irish Film Archive,ifi-irish-film-archive,Ireland,Europe,IE-IFI-IFA,National film archive,https://ifiarchiveplayer.ie/,True,True,https://ifiarchiveplayer.ie/,IFI Archive Player,https://ifiarchiveplayer.ie/james_gandon/,james_gandon,IFI Archive Player film record,Public film-page metadata exposed by the IFI Archive Player. The permalink represents a public viewing/metadata surface; MAR does not download or redistribute the audiovisual media and does not infer a licence to reproduce it.,,james_gandon,,Patrimônio fílmico irlandês em acesso público,Streaming audiovisual institucional público
IFI Irish Film Archive,ifi-irish-film-archive,Ireland,Europe,IE-IFI-IFA,National film archive,https://ifiarchiveplayer.ie/,True,True,https://ifiarchiveplayer.ie/,IFI Archive Player,https://ifiarchiveplayer.ie/japanese-goods-on-display/,japanese goods on display,IFI Archive Player film record,Public film-page metadata exposed by the IFI Archive Player. The permalink represents a public viewing/metadata surface; MAR does not download or redistribute the audiovisual media and does not infer a licence to reproduce it.,,japanese goods on display,,Patrimônio fílmico irlandês em acesso público,Streaming audiovisual institucional público
IFI Irish Film Archive,ifi-irish-film-archive,Ireland,Europe,IE-IFI-IFA,National film archive,https://ifiarchiveplayer.ie/,True,True,https://ifiarchiveplayer.ie/,IFI Archive Player,https://ifiarchiveplayer.ie/jim-larkin/,jim larkin,IFI Archive Player film record,Public film-page metadata exposed by the IFI Archive Player. The permalink represents a public viewing/metadata surface; MAR does not download or redistribute the audiovisual media and does not infer a licence to reproduce it.,,jim larkin,,Patrimônio fílmico irlandês em acesso público,Streaming audiovisual institucional público
IFI Irish Film Archive,ifi-irish-film-archive,Ireland,Europe,IE-IFI-IFA,National film archive,https://ifiarchiveplayer.ie/,True,True,https://ifiarchiveplayer.ie/,IFI Archive Player,https://ifiarchiveplayer.ie/john-henry-foley-legacy/,john henry foley legacy,IFI Archive Player film record,Public film-page metadata exposed by the IFI Archive Player. The permalink represents a public viewing/metadata surface; MAR does not download or redistribute the audiovisual media and does not infer a licence to reproduce it.,,john henry foley legacy,,Patrimônio fílmico irlandês em acesso público,Streaming audiovisual institucional público
IFI Irish Film Archive,ifi-irish-film-archive,Ireland,Europe,IE-IFI-IFA,National film archive,https://ifiarchiveplayer.ie/,True,True,https://ifiarchiveplayer.ie/,IFI Archive Player,https://ifiarchiveplayer.ie/john-henry-foley-political-statues/,john henry foley political statues,IFI Archive Player film record,Public film-page metadata exposed by the IFI Archive Player. The permalink represents a public viewing/metadata surface; MAR does not download or redistribute the audiovisual media and does not infer a licence to reproduce it.,,john henry foley political statues,,Patrimônio fílmico irlandês em acesso público,Streaming audiovisual institucional público
IFI Irish Film Archive,ifi-irish-film-archive,Ireland,Europe,IE-IFI-IFA,National film archive,https://ifiarchiveplayer.ie/,True,True,https://ifiarchiveplayer.ie/,IFI Archive Player,https://ifiarchiveplayer.ie/john-huston-becomes-an-irish-citizen/,john huston becomes an irish citizen,IFI Archive Player film record,Public film-page metadata exposed by the IFI Archive Player. The permalink represents a public viewing/metadata surface; MAR does not download or redistribute the audiovisual media and does not infer a licence to reproduce it.,,john huston becomes an irish citizen,,Patrimônio fílmico irlandês em acesso público,Streaming audiovisual institucional público
IFI Irish Film Archive,ifi-irish-film-archive,Ireland,Europe,IE-IFI-IFA,National film archive,https://ifiarchiveplayer.ie/,True,True,https://ifiarchiveplayer.ie/,IFI Archive Player,https://ifiarchiveplayer.ie/john_henry_foley/,john_henry_foley,IFI Archive Player film record,Public film-page metadata exposed by the IFI Archive Player. The permalink represents a public viewing/metadata surface; MAR does not download or redistribute the audiovisual media and does not infer a licence to reproduce it.,,john_henry_foley,,Patrimônio fílmico irlandês em acesso público,Streaming audiovisual institucional público
IFI Irish Film Archive,ifi-irish-film-archive,Ireland,Europe,IE-IFI-IFA,National film archive,https://ifiarchiveplayer.ie/,True,True,https://ifiarchiveplayer.ie/,IFI Archive Player,https://ifiarchiveplayer.ie/join-us/,join us,IFI Archive Player film record,Public film-page metadata exposed by the IFI Archive Player. The permalink represents a public viewing/metadata surface; MAR does not download or redistribute the audiovisual media and does not infer a licence to reproduce it.,,join us,,Patrimônio fílmico irlandês em acesso público,Streaming audiovisual institucional público
IFI Irish Film Archive,ifi-irish-film-archive,Ireland,Europe,IE-IFI-IFA,National film archive,https://ifiarchiveplayer.ie/,True,True,https://ifiarchiveplayer.ie/,IFI Archive Player,https://ifiarchiveplayer.ie/journey/,journey,IFI Archive Player film record,Public film-page metadata exposed by the IFI Archive Player. The permalink represents a public viewing/metadata surface; MAR does not download or redistribute the audiovisual media and does not infer a licence to reproduce it.,,journey,,Patrimônio fílmico irlandês em acesso público,Streaming audiovisual institucional público
IFI Irish Film Archive,ifi-irish-film-archive,Ireland,Europe,IE-IFI-IFA,National film archive,https://ifiarchiveplayer.ie/,True,True,https://ifiarchiveplayer.ie/,IFI Archive Player,https://ifiarchiveplayer.ie/joyces-dublin/,joyces dublin,IFI Archive Player film record,Public film-page metadata exposed by the IFI Archive Player. The permalink represents a public viewing/metadata surface; MAR does not download or redistribute the audiovisual media and does not infer a licence to reproduce it.,,joyces dublin,,Patrimônio fílmico irlandês em acesso público,Streaming audiovisual institucional público
IFI Irish Film Archive,ifi-irish-film-archive,Ireland,Europe,IE-IFI-IFA,National film archive,https://ifiarchiveplayer.ie/,True,True,https://ifiarchiveplayer.ie/,IFI Archive Player,https://ifiarchiveplayer.ie/joyriders/,joyriders,IFI Archive Player film record,Public film-page metadata exposed by the IFI Archive Player. The permalink represents a public viewing/metadata surface; MAR does not download or redistribute the audiovisual media and does not infer a licence to reproduce it.,,joyriders,,Patrimônio fílmico irlandês em acesso público,Streaming audiovisual institucional público
IFI Irish Film Archive,ifi-irish-film-archive,Ireland,Europe,IE-IFI-IFA,National film archive,https://ifiarchiveplayer.ie/,True,True,https://ifiarchiveplayer.ie/,IFI Archive Player,https://ifiarchiveplayer.ie/judo-black-belts-awarded/,judo black belts awarded,IFI Archive Player film record,Public film-page metadata exposed by the IFI Archive Player. The permalink represents a public viewing/metadata surface; MAR does not download or redistribute the audiovisual media and does not infer a licence to reproduce it.,,judo black belts awarded,,Patrimônio fílmico irlandês em acesso público,Streaming audiovisual institucional público
IFI Irish Film Archive,ifi-irish-film-archive,Ireland,Europe,IE-IFI-IFA,National film archive,https://ifiarchiveplayer.ie/,True,True,https://ifiarchiveplayer.ie/,IFI Archive Player,https://ifiarchiveplayer.ie/junior-boxing-championships-lightweight-finals/,junior boxing championships lightweight finals,IFI Archive Player film record,Public film-page metadata exposed by the IFI Archive Player. The permalink represents a public viewing/metadata surface; MAR does not download or redistribute the audiovisual media and does not infer a licence to reproduce it.,,junior boxing championships lightweight finals,,Patrimônio fílmico irlandês em acesso público,Streaming audiovisual institucional público
IFI Irish Film Archive,ifi-irish-film-archive,Ireland,Europe,IE-IFI-IFA,National film archive,https://ifiarchiveplayer.ie/,True,True,https://ifiarchiveplayer.ie/,IFI Archive Player,https://ifiarchiveplayer.ie/jwt-holidays-1971-italy/,jwt holidays 1971 italy,IFI Archive Player film record,Public film-page metadata exposed by the IFI Archive Player. The permalink represents a public viewing/metadata surface; MAR does not download or redistribute the audiovisual media and does not infer a licence to reproduce it.,,jwt holidays 1971 italy,,Patrimônio fílmico irlandês em acesso público,Streaming audiovisual institucional público
IFI Irish Film Archive,ifi-irish-film-archive,Ireland,Europe,IE-IFI-IFA,National film archive,https://ifiarchiveplayer.ie/,True,True,https://ifiarchiveplayer.ie/,IFI Archive Player,https://ifiarchiveplayer.ie/jwt-holidays-1971-majorca/,jwt holidays 1971 majorca,IFI Archive Player film record,Public film-page metadata exposed by the IFI Archive Player. The permalink represents a public viewing/metadata surface; MAR does not download or redistribute the audiovisual media and does not infer a licence to reproduce it.,,jwt holidays 1971 majorca,,Patrimônio fílmico irlandês em acesso público,Streaming audiovisual institucional público
IFI Irish Film Archive,ifi-irish-film-archive,Ireland,Europe,IE-IFI-IFA,National film archive,https://ifiarchiveplayer.ie/,True,True,https://ifiarchiveplayer.ie/,IFI Archive Player,https://ifiarchiveplayer.ie/jwt-holidays-1972-destinations-2/,jwt holidays 1972 destinations 2,IFI Archive Player film record,Public film-page metadata exposed by the IFI Archive Player. The permalink represents a public viewing/metadata surface; MAR does not download or redistribute the audiovisual media and does not infer a licence to reproduce it.,,jwt holidays 1972 destinations 2,,Patrimônio fílmico irlandês em acesso público,Streaming audiovisual institucional público
IFI Irish Film Archive,ifi-irish-film-archive,Ireland,Europe,IE-IFI-IFA,National film archive,https://ifiarchiveplayer.ie/,True,True,https://ifiarchiveplayer.ie/,IFI Archive Player,https://ifiarchiveplayer.ie/jwt-holidays-1972-destinations-3/,jwt holidays 1972 destinations 3,IFI Archive Player film record,Public film-page metadata exposed by the IFI Archive Player. The permalink represents a public viewing/metadata surface; MAR does not download or redistribute the audiovisual media and does not infer a licence to reproduce it.,,jwt holidays 1972 destinations 3,,Patrimônio fílmico irlandês em acesso público,Streaming audiovisual institucional público
IFI Irish Film Archive,ifi-irish-film-archive,Ireland,Europe,IE-IFI-IFA,National film archive,https://ifiarchiveplayer.ie/,True,True,https://ifiarchiveplayer.ie/,IFI Archive Player,https://ifiarchiveplayer.ie/jwt-holidays-1973-destinations/,jwt holidays 1973 destinations,IFI Archive Player film record,Public film-page metadata exposed by the IFI Archive Player. The permalink represents a public viewing/metadata surface; MAR does not download or redistribute the audiovisual media and does not infer a licence to reproduce it.,,jwt holidays 1973 destinations,,Patrimônio fílmico irlandês em acesso público,Streaming audiovisual institucional público
IFI Irish Film Archive,ifi-irish-film-archive,Ireland,Europe,IE-IFI-IFA,National film archive,https://ifiarchiveplayer.ie/,True,True,https://ifiarchiveplayer.ie/,IFI Archive Player,https://ifiarchiveplayer.ie/jwt-holidays-1975-destinations/,jwt holidays 1975 destinations,IFI Archive Player film record,Public film-page metadata exposed by the IFI Archive Player. The permalink represents a public viewing/metadata surface; MAR does not download or redistribute the audiovisual media and does not infer a licence to reproduce it.,,jwt holidays 1975 destinations,,Patrimônio fílmico irlandês em acesso público,Streaming audiovisual institucional público
IFI Irish Film Archive,ifi-irish-film-archive,Ireland,Europe,IE-IFI-IFA,National film archive,https://ifiarchiveplayer.ie/,True,True,https://ifiarchiveplayer.ie/,IFI Archive Player,https://ifiarchiveplayer.ie/jwt-holidays-1976-destinations/,jwt holidays 1976 destinations,IFI Archive Player film record,Public film-page metadata exposed by the IFI Archive Player. The permalink represents a public viewing/metadata surface; MAR does not download or redistribute the audiovisual media and does not infer a licence to reproduce it.,,jwt holidays 1976 destinations,,Patrimônio fílmico irlandês em acesso público,Streaming audiovisual institucional público
IFI Irish Film Archive,ifi-irish-film-archive,Ireland,Europe,IE-IFI-IFA,National film archive,https://ifiarchiveplayer.ie/,True,True,https://ifiarchiveplayer.ie/,IFI Archive Player,https://ifiarchiveplayer.ie/jwt-holidays-1977-ire-manc/,jwt holidays 1977 ire manc,IFI Archive Player film record,Public film-page metadata exposed by the IFI Archive Player. The permalink represents a public viewing/metadata surface; MAR does not download or redistribute the audiovisual media and does not infer a licence to reproduce it.,,jwt holidays 1977 ire manc,,Patrimônio fílmico irlandês em acesso público,Streaming audiovisual institucional público
IFI Irish Film Archive,ifi-irish-film-archive,Ireland,Europe,IE-IFI-IFA,National film archive,https://ifiarchiveplayer.ie/,True,True,https://ifiarchiveplayer.ie/,IFI Archive Player,https://ifiarchiveplayer.ie/jwt-holidays-1977-sv/,jwt holidays 1977 sv,IFI Archive Player film record,Public film-page metadata exposed by the IFI Archive Player. The permalink represents a public viewing/metadata surface; MAR does not download or redistribute the audiovisual media and does not infer a licence to reproduce it.,,jwt holidays 1977 sv,,Patrimônio fílmico irlandês em acesso público,Streaming audiovisual institucional público
IFI Irish Film Archive,ifi-irish-film-archive,Ireland,Europe,IE-IFI-IFA,National film archive,https://ifiarchiveplayer.ie/,True,True,https://ifiarchiveplayer.ie/,IFI Archive Player,https://ifiarchiveplayer.ie/jwt-holidays-1980-destinations/,jwt holidays 1980 destinations,IFI Archive Player film record,Public film-page metadata exposed by the IFI Archive Player. The permalink represents a public viewing/metadata surface; MAR does not download or redistribute the audiovisual media and does not infer a licence to reproduce it.,,jwt holidays 1980 destinations,,Patrimônio fílmico irlandês em acesso público,Streaming audiovisual institucional público
IFI Irish Film Archive,ifi-irish-film-archive,Ireland,Europe,IE-IFI-IFA,National film archive,https://ifiarchiveplayer.ie/,True,True,https://ifiarchiveplayer.ie/,IFI Archive Player,https://ifiarchiveplayer.ie/jwt-holidays-1981-destinations/,jwt holidays 1981 destinations,IFI Archive Player film record,Public film-page metadata exposed by the IFI Archive Player. The permalink represents a public viewing/metadata surface; MAR does not download or redistribute the audiovisual media and does not infer a licence to reproduce it.,,jwt holidays 1981 destinations,,Patrimônio fílmico irlandês em acesso público,Streaming audiovisual institucional público
IFI Irish Film Archive,ifi-irish-film-archive,Ireland,Europe,IE-IFI-IFA,National film archive,https://ifiarchiveplayer.ie/,True,True,https://ifiarchiveplayer.ie/,IFI Archive Player,https://ifiarchiveplayer.ie/jwt-holidays-sun-in-1981/,jwt holidays sun in 1981,IFI Archive Player film record,Public film-page metadata exposed by the IFI Archive Player. The permalink represents a public viewing/metadata surface; MAR does not download or redistribute the audiovisual media and does not infer a licence to reproduce it.,,jwt holidays sun in 1981,,Patrimônio fílmico irlandês em acesso público,Streaming audiovisual institucional público
IFI Irish Film Archive,ifi-irish-film-archive,Ireland,Europe,IE-IFI-IFA,National film archive,https://ifiarchiveplayer.ie/,True,True,https://ifiarchiveplayer.ie/,IFI Archive Player,https://ifiarchiveplayer.ie/kathleen-lynn-the-rebel-doctor/,kathleen lynn the rebel doctor,IFI Archive Player film record,Public film-page metadata exposed by the IFI Archive Player. The permalink represents a public viewing/metadata surface; MAR does not download or redistribute the audiovisual media and does not infer a licence to reproduce it.,,kathleen lynn the rebel doctor,,Patrimônio fílmico irlandês em acesso público,Streaming audiovisual institucional público
IFI Irish Film Archive,ifi-irish-film-archive,Ireland,Europe,IE-IFI-IFA,National film archive,https://ifiarchiveplayer.ie/,True,True,https://ifiarchiveplayer.ie/,IFI Archive Player,https://ifiarchiveplayer.ie/kay/,kay,IFI Archive Player film record,Public film-page metadata exposed by the IFI Archive Player. The permalink represents a public viewing/metadata surface; MAR does not download or redistribute the audiovisual media and does not infer a licence to reproduce it.,,kay,,Patrimônio fílmico irlandês em acesso público,Streaming audiovisual institucional público
IFI Irish Film Archive,ifi-irish-film-archive,Ireland,Europe,IE-IFI-IFA,National film archive,https://ifiarchiveplayer.ie/,True,True,https://ifiarchiveplayer.ie/,IFI Archive Player,https://ifiarchiveplayer.ie/keep-watching-the-skies/,keep watching the skies,IFI Archive Player film record,Public film-page metadata exposed by the IFI Archive Player. The permalink represents a public viewing/metadata surface; MAR does not download or redistribute the audiovisual media and does not infer a licence to reproduce it.,,keep watching the skies,,Patrimônio fílmico irlandês em acesso público,Streaming audiovisual institucional público
IFI Irish Film Archive,ifi-irish-film-archive,Ireland,Europe,IE-IFI-IFA,National film archive,https://ifiarchiveplayer.ie/,True,True,https://ifiarchiveplayer.ie/,IFI Archive Player,https://ifiarchiveplayer.ie/keeping-warm-in-the-big-freeze/,keeping warm in the big freeze,IFI Archive Player film record,Public film-page metadata exposed by the IFI Archive Player. The permalink represents a public viewing/metadata surface; MAR does not download or redistribute the audiovisual media and does not infer a licence to reproduce it.,,keeping warm in the big freeze,,Patrimônio fílmico irlandês em acesso público,Streaming audiovisual institucional público
IFI Irish Film Archive,ifi-irish-film-archive,Ireland,Europe,IE-IFI-IFA,National film archive,https://ifiarchiveplayer.ie/,True,True,https://ifiarchiveplayer.ie/,IFI Archive Player,https://ifiarchiveplayer.ie/kenmares-last-train/,kenmares last train,IFI Archive Player film record,Public film-page metadata exposed by the IFI Archive Player. The permalink represents a public viewing/metadata surface; MAR does not download or redistribute the audiovisual media and does not infer a licence to reproduce it.,,kenmares last train,,Patrimônio fílmico irlandês em acesso público,Streaming audiovisual institucional público
IFI Irish Film Archive,ifi-irish-film-archive,Ireland,Europe,IE-IFI-IFA,National film archive,https://ifiarchiveplayer.ie/,True,True,https://ifiarchiveplayer.ie/,IFI Archive Player,https://ifiarchiveplayer.ie/kerry-girl-wins-national-beauty-contest/,kerry girl wins national beauty contest,IFI Archive Player film record,Public film-page metadata exposed by the IFI Archive Player. The permalink represents a public viewing/metadata surface; MAR does not download or redistribute the audiovisual media and does not infer a licence to reproduce it.,,kerry girl wins national beauty contest,,Patrimônio fílmico irlandês em acesso público,Streaming audiovisual institucional público
IFI Irish Film Archive,ifi-irish-film-archive,Ireland,Europe,IE-IFI-IFA,National film archive,https://ifiarchiveplayer.ie/,True,True,https://ifiarchiveplayer.ie/,IFI Archive Player,https://ifiarchiveplayer.ie/kerry-goes-to-listowel-races/,kerry goes to listowel races,IFI Archive Player film record,Public film-page metadata exposed by the IFI Archive Player. The permalink represents a public viewing/metadata surface; MAR does not download or redistribute the audiovisual media and does not infer a licence to reproduce it.,,kerry goes to listowel races,,Patrimônio fílmico irlandês em acesso público,Streaming audiovisual institucional público
IFI Irish Film Archive,ifi-irish-film-archive,Ireland,Europe,IE-IFI-IFA,National film archive,https://ifiarchiveplayer.ie/,True,True,https://ifiarchiveplayer.ie/,IFI Archive Player,https://ifiarchiveplayer.ie/kilfeacle-beagle-hunt-ball/,kilfeacle beagle hunt ball,IFI Archive Player film record,Public film-page metadata exposed by the IFI Archive Player. The permalink represents a public viewing/metadata surface; MAR does not download or redistribute the audiovisual media and does not infer a licence to reproduce it.,,kilfeacle beagle hunt ball,,Patrimônio fílmico irlandês em acesso público,Streaming audiovisual institucional público
IFI Irish Film Archive,ifi-irish-film-archive,Ireland,Europe,IE-IFI-IFA,National film archive,https://ifiarchiveplayer.ie/,True,True,https://ifiarchiveplayer.ie/,IFI Archive Player,https://ifiarchiveplayer.ie/killing-the-afternoon/,killing the afternoon,IFI Archive Player film record,Public film-page metadata exposed by the IFI Archive Player. The permalink represents a public viewing/metadata surface; MAR does not download or redistribute the audiovisual media and does not infer a licence to reproduce it.,,killing the afternoon,,Patrimônio fílmico irlandês em acesso público,Streaming audiovisual institucional público
IFI Irish Film Archive,ifi-irish-film-archive,Ireland,Europe,IE-IFI-IFA,National film archive,https://ifiarchiveplayer.ie/,True,True,https://ifiarchiveplayer.ie/,IFI Archive Player,https://ifiarchiveplayer.ie/kiskadee-jungle/,kiskadee jungle,IFI Archive Player film record,Public film-page metadata exposed by the IFI Archive Player. The permalink represents a public viewing/metadata surface; MAR does not download or redistribute the audiovisual media and does not infer a licence to reproduce it.,,kiskadee jungle,,Patrimônio fílmico irlandês em acesso público,Streaming audiovisual institucional público
IFI Irish Film Archive,ifi-irish-film-archive,Ireland,Europe,IE-IFI-IFA,National film archive,https://ifiarchiveplayer.ie/,True,True,https://ifiarchiveplayer.ie/,IFI Archive Player,https://ifiarchiveplayer.ie/knorr-bread-sauce/,knorr bread sauce,IFI Archive Player film record,Public film-page metadata exposed by the IFI Archive Player. The permalink represents a public viewing/metadata surface; MAR does not download or redistribute the audiovisual media and does not infer a licence to reproduce it.,,knorr bread sauce,,Patrimônio fílmico irlandês em acesso público,Streaming audiovisual institucional público
IFI Irish Film Archive,ifi-irish-film-archive,Ireland,Europe,IE-IFI-IFA,National film archive,https://ifiarchiveplayer.ie/,True,True,https://ifiarchiveplayer.ie/,IFI Archive Player,https://ifiarchiveplayer.ie/knorr-good-housewife/,knorr good housewife,IFI Archive Player film record,Public film-page metadata exposed by the IFI Archive Player. The permalink represents a public viewing/metadata surface; MAR does not download or redistribute the audiovisual media and does not infer a licence to reproduce it.,,knorr good housewife,,Patrimônio fílmico irlandês em acesso público,Streaming audiovisual institucional público
IFI Irish Film Archive,ifi-irish-film-archive,Ireland,Europe,IE-IFI-IFA,National film archive,https://ifiarchiveplayer.ie/,True,True,https://ifiarchiveplayer.ie/,IFI Archive Player,https://ifiarchiveplayer.ie/kosangas-cooker-dark/,kosangas cooker dark,IFI Archive Player film record,Public film-page metadata exposed by the IFI Archive Player. The permalink represents a public viewing/metadata surface; MAR does not download or redistribute the audiovisual media and does not infer a licence to reproduce it.,,kosangas cooker dark,,Patrimônio fílmico irlandês em acesso público,Streaming audiovisual institucional público
IFI Irish Film Archive,ifi-irish-film-archive,Ireland,Europe,IE-IFI-IFA,National film archive,https://ifiarchiveplayer.ie/,True,True,https://ifiarchiveplayer.ie/,IFI Archive Player,https://ifiarchiveplayer.ie/kosangas-demonstration-man/,kosangas demonstration man,IFI Archive Player film record,Public film-page metadata exposed by the IFI Archive Player. The permalink represents a public viewing/metadata surface; MAR does not download or redistribute the audiovisual media and does not infer a licence to reproduce it.,,kosangas demonstration man,,Patrimônio fílmico irlandês em acesso público,Streaming audiovisual institucional público
IFI Irish Film Archive,ifi-irish-film-archive,Ireland,Europe,IE-IFI-IFA,National film archive,https://ifiarchiveplayer.ie/,True,True,https://ifiarchiveplayer.ie/,IFI Archive Player,https://ifiarchiveplayer.ie/kosangas-free-trial/,kosangas free trial,IFI Archive Player film record,Public film-page metadata exposed by the IFI Archive Player. The permalink represents a public viewing/metadata surface; MAR does not download or redistribute the audiovisual media and does not infer a licence to reproduce it.,,kosangas free trial,,Patrimônio fílmico irlandês em acesso público,Streaming audiovisual institucional público
IFI Irish Film Archive,ifi-irish-film-archive,Ireland,Europe,IE-IFI-IFA,National film archive,https://ifiarchiveplayer.ie/,True,True,https://ifiarchiveplayer.ie/,IFI Archive Player,https://ifiarchiveplayer.ie/kosangas-pie/,kosangas pie,IFI Archive Player film record,Public film-page metadata exposed by the IFI Archive Player. The permalink represents a public viewing/metadata surface; MAR does not download or redistribute the audiovisual media and does not infer a licence to reproduce it.,,kosangas pie,,Patrimônio fílmico irlandês em acesso público,Streaming audiovisual institucional público
IFI Irish Film Archive,ifi-irish-film-archive,Ireland,Europe,IE-IFI-IFA,National film archive,https://ifiarchiveplayer.ie/,True,True,https://ifiarchiveplayer.ie/,IFI Archive Player,https://ifiarchiveplayer.ie/kosangas-quick-clean/,kosangas quick clean,IFI Archive Player film record,Public film-page metadata exposed by the IFI Archive Player. The permalink represents a public viewing/metadata surface; MAR does not download or redistribute the audiovisual media and does not infer a licence to reproduce it.,,kosangas quick clean,,Patrimônio fílmico irlandês em acesso público,Streaming audiovisual institucional público
IFI Irish Film Archive,ifi-irish-film-archive,Ireland,Europe,IE-IFI-IFA,National film archive,https://ifiarchiveplayer.ie/,True,True,https://ifiarchiveplayer.ie/,IFI Archive Player,https://ifiarchiveplayer.ie/kosangas-seventies-style/,kosangas seventies style,IFI Archive Player film record,Public film-page metadata exposed by the IFI Archive Player. The permalink represents a public viewing/metadata surface; MAR does not download or redistribute the audiovisual media and does not infer a licence to reproduce it.,,kosangas seventies style,,Patrimônio fílmico irlandês em acesso público,Streaming audiovisual institucional público
IFI Irish Film Archive,ifi-irish-film-archive,Ireland,Europe,IE-IFI-IFA,National film archive,https://ifiarchiveplayer.ie/,True,True,https://ifiarchiveplayer.ie/,IFI Archive Player,https://ifiarchiveplayer.ie/kosangas-stove-ring/,kosangas stove ring,IFI Archive Player film record,Public film-page metadata exposed by the IFI Archive Player. The permalink represents a public viewing/metadata surface; MAR does not download or redistribute the audiovisual media and does not infer a licence to reproduce it.,,kosangas stove ring,,Patrimônio fílmico irlandês em acesso público,Streaming audiovisual institucional público
IFI Irish Film Archive,ifi-irish-film-archive,Ireland,Europe,IE-IFI-IFA,National film archive,https://ifiarchiveplayer.ie/,True,True,https://ifiarchiveplayer.ie/,IFI Archive Player,https://ifiarchiveplayer.ie/kosangas-super-ser/,kosangas super ser,IFI Archive Player film record,Public film-page metadata exposed by the IFI Archive Player. The permalink represents a public viewing/metadata surface; MAR does not download or redistribute the audiovisual media and does not infer a licence to reproduce it.,,kosangas super ser,,Patrimônio fílmico irlandês em acesso público,Streaming audiovisual institucional público
IFI Irish Film Archive,ifi-irish-film-archive,Ireland,Europe,IE-IFI-IFA,National film archive,https://ifiarchiveplayer.ie/,True,True,https://ifiarchiveplayer.ie/,IFI Archive Player,https://ifiarchiveplayer.ie/kung-fool/,kung fool,IFI Archive Player film record,Public film-page metadata exposed by the IFI Archive Player. The permalink represents a public viewing/metadata surface; MAR does not download or redistribute the audiovisual media and does not infer a licence to reproduce it.,,kung fool,,Patrimônio fílmico irlandês em acesso público,Streaming audiovisual institucional público
IFI Irish Film Archive,ifi-irish-film-archive,Ireland,Europe,IE-IFI-IFA,National film archive,https://ifiarchiveplayer.ie/,True,True,https://ifiarchiveplayer.ie/,IFI Archive Player,https://ifiarchiveplayer.ie/ladies-golf-open-singles-tournament/,ladies golf open singles tournament,IFI Archive Player film record,Public film-page metadata exposed by the IFI Archive Player. The permalink represents a public viewing/metadata surface; MAR does not download or redistribute the audiovisual media and does not infer a licence to reproduce it.,,ladies golf open singles tournament,,Patrimônio fílmico irlandês em acesso público,Streaming audiovisual institucional público
IFI Irish Film Archive,ifi-irish-film-archive,Ireland,Europe,IE-IFI-IFA,National film archive,https://ifiarchiveplayer.ie/,True,True,https://ifiarchiveplayer.ie/,IFI Archive Player,https://ifiarchiveplayer.ie/lambretta-club-of-ireland-annual-rally/,lambretta club of ireland annual rally,IFI Archive Player film record,Public film-page metadata exposed by the IFI Archive Player. The permalink represents a public viewing/metadata surface; MAR does not download or redistribute the audiovisual media and does not infer a licence to reproduce it.,,lambretta club of ireland annual rally,,Patrimônio fílmico irlandês em acesso público,Streaming audiovisual institucional público
IFI Irish Film Archive,ifi-irish-film-archive,Ireland,Europe,IE-IFI-IFA,National film archive,https://ifiarchiveplayer.ie/,True,True,https://ifiarchiveplayer.ie/,IFI Archive Player,https://ifiarchiveplayer.ie/larne-harbour/,larne harbour,IFI Archive Player film record,Public film-page metadata exposed by the IFI Archive Player. The permalink represents a public viewing/metadata surface; MAR does not download or redistribute the audiovisual media and does not infer a licence to reproduce it.,,larne harbour,,Patrimônio fílmico irlandês em acesso público,Streaming audiovisual institucional público
IFI Irish Film Archive,ifi-irish-film-archive,Ireland,Europe,IE-IFI-IFA,National film archive,https://ifiarchiveplayer.ie/,True,True,https://ifiarchiveplayer.ie/,IFI Archive Player,https://ifiarchiveplayer.ie/last-of-famous-aircraft-spitfires-retire/,last of famous aircraft spitfires retire,IFI Archive Player film record,Public film-page metadata exposed by the IFI Archive Player. The permalink represents a public viewing/metadata surface; MAR does not download or redistribute the audiovisual media and does not infer a licence to reproduce it.,,last of famous aircraft spitfires retire,,Patrimônio fílmico irlandês em acesso público,Streaming audiovisual institucional público
IFI Irish Film Archive,ifi-irish-film-archive,Ireland,Europe,IE-IFI-IFA,National film archive,https://ifiarchiveplayer.ie/,True,True,https://ifiarchiveplayer.ie/,IFI Archive Player,https://ifiarchiveplayer.ie/late-afternoon/,late afternoon,IFI Archive Player film record,Public film-page metadata exposed by the IFI Archive Player. The permalink represents a public viewing/metadata surface; MAR does not download or redistribute the audiovisual media and does not infer a licence to reproduce it.,,late afternoon,,Patrimônio fílmico irlandês em acesso público,Streaming audiovisual institucional público
IFI Irish Film Archive,ifi-irish-film-archive,Ireland,Europe,IE-IFI-IFA,National film archive,https://ifiarchiveplayer.ie/,True,True,https://ifiarchiveplayer.ie/,IFI Archive Player,https://ifiarchiveplayer.ie/lawless-ireland/,lawless ireland,IFI Archive Player film record,Public film-page metadata exposed by the IFI Archive Player. The permalink represents a public viewing/metadata surface; MAR does not download or redistribute the audiovisual media and does not infer a licence to reproduce it.,,lawless ireland,,Patrimônio fílmico irlandês em acesso público,Streaming audiovisual institucional público
IFI Irish Film Archive,ifi-irish-film-archive,Ireland,Europe,IE-IFI-IFA,National film archive,https://ifiarchiveplayer.ie/,True,True,https://ifiarchiveplayer.ie/,IFI Archive Player,https://ifiarchiveplayer.ie/lease/,lease,IFI Archive Player film record,Public film-page metadata exposed by the IFI Archive Player. The permalink represents a public viewing/metadata surface; MAR does not download or redistribute the audiovisual media and does not infer a licence to reproduce it.,,lease,,Patrimônio fílmico irlandês em acesso público,Streaming audiovisual institucional público
IFI Irish Film Archive,ifi-irish-film-archive,Ireland,Europe,IE-IFI-IFA,National film archive,https://ifiarchiveplayer.ie/,True,True,https://ifiarchiveplayer.ie/,IFI Archive Player,https://ifiarchiveplayer.ie/leather-to-last/,leather to last,IFI Archive Player film record,Public film-page metadata exposed by the IFI Archive Player. The permalink represents a public viewing/metadata surface; MAR does not download or redistribute the audiovisual media and does not infer a licence to reproduce it.,,leather to last,,Patrimônio fílmico irlandês em acesso público,Streaming audiovisual institucional público
IFI Irish Film Archive,ifi-irish-film-archive,Ireland,Europe,IE-IFI-IFA,National film archive,https://ifiarchiveplayer.ie/,True,True,https://ifiarchiveplayer.ie/,IFI Archive Player,https://ifiarchiveplayer.ie/legend-of-the-lough/,legend of the lough,IFI Archive Player film record,Public film-page metadata exposed by the IFI Archive Player. The permalink represents a public viewing/metadata surface; MAR does not download or redistribute the audiovisual media and does not infer a licence to reproduce it.,,legend of the lough,,Patrimônio fílmico irlandês em acesso público,Streaming audiovisual institucional público
IFI Irish Film Archive,ifi-irish-film-archive,Ireland,Europe,IE-IFI-IFA,National film archive,https://ifiarchiveplayer.ie/,True,True,https://ifiarchiveplayer.ie/,IFI Archive Player,https://ifiarchiveplayer.ie/leinster-championship-rifle-shoot/,leinster championship rifle shoot,IFI Archive Player film record,Public film-page metadata exposed by the IFI Archive Player. The permalink represents a public viewing/metadata surface; MAR does not download or redistribute the audiovisual media and does not infer a licence to reproduce it.,,leinster championship rifle shoot,,Patrimônio fílmico irlandês em acesso público,Streaming audiovisual institucional público
IFI Irish Film Archive,ifi-irish-film-archive,Ireland,Europe,IE-IFI-IFA,National film archive,https://ifiarchiveplayer.ie/,True,True,https://ifiarchiveplayer.ie/,IFI Archive Player,https://ifiarchiveplayer.ie/leinster-win-interprovincial-rowing/,leinster win interprovincial rowing,IFI Archive Player film record,Public film-page metadata exposed by the IFI Archive Player. The permalink represents a public viewing/metadata surface; MAR does not download or redistribute the audiovisual media and does not infer a licence to reproduce it.,,leinster win interprovincial rowing,,Patrimônio fílmico irlandês em acesso público,Streaming audiovisual institucional público
IFI Irish Film Archive,ifi-irish-film-archive,Ireland,Europe,IE-IFI-IFA,National film archive,https://ifiarchiveplayer.ie/,True,True,https://ifiarchiveplayer.ie/,IFI Archive Player,https://ifiarchiveplayer.ie/lemons-sweets-gems-advertisment/,lemons sweets gems advertisment,IFI Archive Player film record,Public film-page metadata exposed by the IFI Archive Player. The permalink represents a public viewing/metadata surface; MAR does not download or redistribute the audiovisual media and does not infer a licence to reproduce it.,,lemons sweets gems advertisment,,Patrimônio fílmico irlandês em acesso público,Streaming audiovisual institucional público
IFI Irish Film Archive,ifi-irish-film-archive,Ireland,Europe,IE-IFI-IFA,National film archive,https://ifiarchiveplayer.ie/,True,True,https://ifiarchiveplayer.ie/,IFI Archive Player,https://ifiarchiveplayer.ie/lemons-sweets-minuet-assortment-advertisment/,lemons sweets minuet assortment advertisment,IFI Archive Player film record,Public film-page metadata exposed by the IFI Archive Player. The permalink represents a public viewing/metadata surface; MAR does not download or redistribute the audiovisual media and does not infer a licence to reproduce it.,,lemons sweets minuet assortment advertisment,,Patrimônio fílmico irlandês em acesso público,Streaming audiovisual institucional público
IFI Irish Film Archive,ifi-irish-film-archive,Ireland,Europe,IE-IFI-IFA,National film archive,https://ifiarchiveplayer.ie/,True,True,https://ifiarchiveplayer.ie/,IFI Archive Player,https://ifiarchiveplayer.ie/lemons-sweets-nut-milk-toffee-advertisment/,lemons sweets nut milk toffee advertisment,IFI Archive Player film record,Public film-page metadata exposed by the IFI Archive Player. The permalink represents a public viewing/metadata surface; MAR does not download or redistribute the audiovisual media and does not infer a licence to reproduce it.,,lemons sweets nut milk toffee advertisment,,Patrimônio fílmico irlandês em acesso público,Streaming audiovisual institucional público
IFI Irish Film Archive,ifi-irish-film-archive,Ireland,Europe,IE-IFI-IFA,National film archive,https://ifiarchiveplayer.ie/,True,True,https://ifiarchiveplayer.ie/,IFI Archive Player,https://ifiarchiveplayer.ie/liffey-faces/,liffey faces,IFI Archive Player film record,Public film-page metadata exposed by the IFI Archive Player. The permalink represents a public viewing/metadata surface; MAR does not download or redistribute the audiovisual media and does not infer a licence to reproduce it.,,liffey faces,,Patrimônio fílmico irlandês em acesso público,Streaming audiovisual institucional público
IFI Irish Film Archive,ifi-irish-film-archive,Ireland,Europe,IE-IFI-IFA,National film archive,https://ifiarchiveplayer.ie/,True,True,https://ifiarchiveplayer.ie/,IFI Archive Player,https://ifiarchiveplayer.ie/lipservice/,lipservice,IFI Archive Player film record,Public film-page metadata exposed by the IFI Archive Player. The permalink represents a public viewing/metadata surface; MAR does not download or redistribute the audiovisual media and does not infer a licence to reproduce it.,,lipservice,,Patrimônio fílmico irlandês em acesso público,Streaming audiovisual institucional público
IFI Irish Film Archive,ifi-irish-film-archive,Ireland,Europe,IE-IFI-IFA,National film archive,https://ifiarchiveplayer.ie/,True,True,https://ifiarchiveplayer.ie/,IFI Archive Player,https://ifiarchiveplayer.ie/local/,local,IFI Archive Player film record,Public film-page metadata exposed by the IFI Archive Player. The permalink represents a public viewing/metadata surface; MAR does not download or redistribute the audiovisual media and does not infer a licence to reproduce it.,,local,,Patrimônio fílmico irlandês em acesso público,Streaming audiovisual institucional público
IFI Irish Film Archive,ifi-irish-film-archive,Ireland,Europe,IE-IFI-IFA,National film archive,https://ifiarchiveplayer.ie/,True,True,https://ifiarchiveplayer.ie/,IFI Archive Player,https://ifiarchiveplayer.ie/logo/,logo,IFI Archive Player film record,Public film-page metadata exposed by the IFI Archive Player. The permalink represents a public viewing/metadata surface; MAR does not download or redistribute the audiovisual media and does not infer a licence to reproduce it.,,logo,,Patrimônio fílmico irlandês em acesso público,Streaming audiovisual institucional público
IFI Irish Film Archive,ifi-irish-film-archive,Ireland,Europe,IE-IFI-IFA,National film archive,https://ifiarchiveplayer.ie/,True,True,https://ifiarchiveplayer.ie/,IFI Archive Player,https://ifiarchiveplayer.ie/long-hard-road/,long hard road,IFI Archive Player film record,Public film-page metadata exposed by the IFI Archive Player. The permalink represents a public viewing/metadata surface; MAR does not download or redistribute the audiovisual media and does not infer a licence to reproduce it.,,long hard road,,Patrimônio fílmico irlandês em acesso público,Streaming audiovisual institucional público
IFI Irish Film Archive,ifi-irish-film-archive,Ireland,Europe,IE-IFI-IFA,National film archive,https://ifiarchiveplayer.ie/,True,True,https://ifiarchiveplayer.ie/,IFI Archive Player,https://ifiarchiveplayer.ie/longford-memorial/,longford memorial,IFI Archive Player film record,Public film-page metadata exposed by the IFI Archive Player. The permalink represents a public viewing/metadata surface; MAR does not download or redistribute the audiovisual media and does not infer a licence to reproduce it.,,longford memorial,,Patrimônio fílmico irlandês em acesso público,Streaming audiovisual institucional público
IFI Irish Film Archive,ifi-irish-film-archive,Ireland,Europe,IE-IFI-IFA,National film archive,https://ifiarchiveplayer.ie/,True,True,https://ifiarchiveplayer.ie/,IFI Archive Player,https://ifiarchiveplayer.ie/looking-for-lundy/,looking for lundy,IFI Archive Player film record,Public film-page metadata exposed by the IFI Archive Player. The permalink represents a public viewing/metadata surface; MAR does not download or redistribute the audiovisual media and does not infer a licence to reproduce it.,,looking for lundy,,Patrimônio fílmico irlandês em acesso público,Streaming audiovisual institucional público
IFI Irish Film Archive,ifi-irish-film-archive,Ireland,Europe,IE-IFI-IFA,National film archive,https://ifiarchiveplayer.ie/,True,True,https://ifiarchiveplayer.ie/,IFI Archive Player,https://ifiarchiveplayer.ie/looking-on/,looking on,IFI Archive Player film record,Public film-page metadata exposed by the IFI Archive Player. The permalink represents a public viewing/metadata surface; MAR does not download or redistribute the audiovisual media and does not infer a licence to reproduce it.,,looking on,,Patrimônio fílmico irlandês em acesso público,Streaming audiovisual institucional público
IFI Irish Film Archive,ifi-irish-film-archive,Ireland,Europe,IE-IFI-IFA,National film archive,https://ifiarchiveplayer.ie/,True,True,https://ifiarchiveplayer.ie/,IFI Archive Player,https://ifiarchiveplayer.ie/looking-on-joe-duffy/,looking on joe duffy,IFI Archive Player film record,Public film-page metadata exposed by the IFI Archive Player. The permalink represents a public viewing/metadata surface; MAR does not download or redistribute the audiovisual media and does not infer a licence to reproduce it.,,looking on joe duffy,,Patrimônio fílmico irlandês em acesso público,Streaming audiovisual institucional público
IFI Irish Film Archive,ifi-irish-film-archive,Ireland,Europe,IE-IFI-IFA,National film archive,https://ifiarchiveplayer.ie/,True,True,https://ifiarchiveplayer.ie/,IFI Archive Player,https://ifiarchiveplayer.ie/looking-on-mick-rafferty/,looking on mick rafferty,IFI Archive Player film record,Public film-page metadata exposed by the IFI Archive Player. The permalink represents a public viewing/metadata surface; MAR does not download or redistribute the audiovisual media and does not infer a licence to reproduce it.,,looking on mick rafferty,,Patrimônio fílmico irlandês em acesso público,Streaming audiovisual institucional público
IFI Irish Film Archive,ifi-irish-film-archive,Ireland,Europe,IE-IFI-IFA,National film archive,https://ifiarchiveplayer.ie/,True,True,https://ifiarchiveplayer.ie/,IFI Archive Player,https://ifiarchiveplayer.ie/looking-on-u2-11-o-clock/,looking on u2 11 o clock,IFI Archive Player film record,Public film-page metadata exposed by the IFI Archive Player. The permalink represents a public viewing/metadata surface; MAR does not download or redistribute the audiovisual media and does not infer a licence to reproduce it.,,looking on u2 11 o clock,,Patrimônio fílmico irlandês em acesso público,Streaming audiovisual institucional público
IFI Irish Film Archive,ifi-irish-film-archive,Ireland,Europe,IE-IFI-IFA,National film archive,https://ifiarchiveplayer.ie/,True,True,https://ifiarchiveplayer.ie/,IFI Archive Player,https://ifiarchiveplayer.ie/looking-on-u2-cat-dubh/,looking on u2 cat dubh,IFI Archive Player film record,Public film-page metadata exposed by the IFI Archive Player. The permalink represents a public viewing/metadata surface; MAR does not download or redistribute the audiovisual media and does not infer a licence to reproduce it.,,looking on u2 cat dubh,,Patrimônio fílmico irlandês em acesso público,Streaming audiovisual institucional público
IFI Irish Film Archive,ifi-irish-film-archive,Ireland,Europe,IE-IFI-IFA,National film archive,https://ifiarchiveplayer.ie/,True,True,https://ifiarchiveplayer.ie/,IFI Archive Player,https://ifiarchiveplayer.ie/looking-on-u2-lets-twist-again/,looking on u2 lets twist again,IFI Archive Player film record,Public film-page metadata exposed by the IFI Archive Player. The permalink represents a public viewing/metadata surface; MAR does not download or redistribute the audiovisual media and does not infer a licence to reproduce it.,,looking on u2 lets twist again,,Patrimônio fílmico irlandês em acesso público,Streaming audiovisual institucional público
IFI Irish Film Archive,ifi-irish-film-archive,Ireland,Europe,IE-IFI-IFA,National film archive,https://ifiarchiveplayer.ie/,True,True,https://ifiarchiveplayer.ie/,IFI Archive Player,https://ifiarchiveplayer.ie/lord-mayor-brady-lights-up-new-cinema-canopy/,lord mayor brady lights up new cinema canopy,IFI Archive Player film record,Public film-page metadata exposed by the IFI Archive Player. The permalink represents a public viewing/metadata surface; MAR does not download or redistribute the audiovisual media and does not infer a licence to reproduce it.,,lord mayor brady lights up new cinema canopy,,Patrimônio fílmico irlandês em acesso público,Streaming audiovisual institucional público
IFI Irish Film Archive,ifi-irish-film-archive,Ireland,Europe,IE-IFI-IFA,National film archive,https://ifiarchiveplayer.ie/,True,True,https://ifiarchiveplayer.ie/,IFI Archive Player,https://ifiarchiveplayer.ie/lord-mayor-of-cork-dead/,lord mayor of cork dead,IFI Archive Player film record,Public film-page metadata exposed by the IFI Archive Player. The permalink represents a public viewing/metadata surface; MAR does not download or redistribute the audiovisual media and does not infer a licence to reproduce it.,,lord mayor of cork dead,,Patrimônio fílmico irlandês em acesso público,Streaming audiovisual institucional público
IFI Irish Film Archive,ifi-irish-film-archive,Ireland,Europe,IE-IFI-IFA,National film archive,https://ifiarchiveplayer.ie/,True,True,https://ifiarchiveplayer.ie/,IFI Archive Player,https://ifiarchiveplayer.ie/lord-wimbourne-in-ireland/,lord wimbourne in ireland,IFI Archive Player film record,Public film-page metadata exposed by the IFI Archive Player. The permalink represents a public viewing/metadata surface; MAR does not download or redistribute the audiovisual media and does not infer a licence to reproduce it.,,lord wimbourne in ireland,,Patrimônio fílmico irlandês em acesso público,Streaming audiovisual institucional público
IFI Irish Film Archive,ifi-irish-film-archive,Ireland,Europe,IE-IFI-IFA,National film archive,https://ifiarchiveplayer.ie/,True,True,https://ifiarchiveplayer.ie/,IFI Archive Player,https://ifiarchiveplayer.ie/love-and-money/,love and money,IFI Archive Player film record,Public film-page metadata exposed by the IFI Archive Player. The permalink represents a public viewing/metadata surface; MAR does not download or redistribute the audiovisual media and does not infer a licence to reproduce it.,,love and money,,Patrimônio fílmico irlandês em acesso público,Streaming audiovisual institucional público
IFI Irish Film Archive,ifi-irish-film-archive,Ireland,Europe,IE-IFI-IFA,National film archive,https://ifiarchiveplayer.ie/,True,True,https://ifiarchiveplayer.ie/,IFI Archive Player,https://ifiarchiveplayer.ie/lovely-legs-contest/,lovely legs contest,IFI Archive Player film record,Public film-page metadata exposed by the IFI Archive Player. The permalink represents a public viewing/metadata surface; MAR does not download or redistribute the audiovisual media and does not infer a licence to reproduce it.,,lovely legs contest,,Patrimônio fílmico irlandês em acesso público,Streaming audiovisual institucional público
IFI Irish Film Archive,ifi-irish-film-archive,Ireland,Europe,IE-IFI-IFA,National film archive,https://ifiarchiveplayer.ie/,True,True,https://ifiarchiveplayer.ie/,IFI Archive Player,https://ifiarchiveplayer.ie/luxury-liner-at-dun-laoghaire/,luxury liner at dun laoghaire,IFI Archive Player film record,Public film-page metadata exposed by the IFI Archive Player. The permalink represents a public viewing/metadata surface; MAR does not download or redistribute the audiovisual media and does not infer a licence to reproduce it.,,luxury liner at dun laoghaire,,Patrimônio fílmico irlandês em acesso público,Streaming audiovisual institucional público
IFI Irish Film Archive,ifi-irish-film-archive,Ireland,Europe,IE-IFI-IFA,National film archive,https://ifiarchiveplayer.ie/,True,True,https://ifiarchiveplayer.ie/,IFI Archive Player,https://ifiarchiveplayer.ie/luxury-liner-docks-at-dublin/,luxury liner docks at dublin,IFI Archive Player film record,Public film-page metadata exposed by the IFI Archive Player. The permalink represents a public viewing/metadata surface; MAR does not download or redistribute the audiovisual media and does not infer a licence to reproduce it.,,luxury liner docks at dublin,,Patrimônio fílmico irlandês em acesso público,Streaming audiovisual institucional público
IFI Irish Film Archive,ifi-irish-film-archive,Ireland,Europe,IE-IFI-IFA,National film archive,https://ifiarchiveplayer.ie/,True,True,https://ifiarchiveplayer.ie/,IFI Archive Player,https://ifiarchiveplayer.ie/lying-in-state-of-odonovan-rossa-and-soldiers/,lying in state of odonovan rossa and soldiers,IFI Archive Player film record,Public film-page metadata exposed by the IFI Archive Player. The permalink represents a public viewing/metadata surface; MAR does not download or redistribute the audiovisual media and does not infer a licence to reproduce it.,,lying in state of odonovan rossa and soldiers,,Patrimônio fílmico irlandês em acesso público,Streaming audiovisual institucional público
IFI Irish Film Archive,ifi-irish-film-archive,Ireland,Europe,IE-IFI-IFA,National film archive,https://ifiarchiveplayer.ie/,True,True,https://ifiarchiveplayer.ie/,IFI Archive Player,https://ifiarchiveplayer.ie/macardles-christmas/,macardles christmas,IFI Archive Player film record,Public film-page metadata exposed by the IFI Archive Player. The permalink represents a public viewing/metadata surface; MAR does not download or redistribute the audiovisual media and does not infer a licence to reproduce it.,,macardles christmas,,Patrimônio fílmico irlandês em acesso público,Streaming audiovisual institucional público
IFI Irish Film Archive,ifi-irish-film-archive,Ireland,Europe,IE-IFI-IFA,National film archive,https://ifiarchiveplayer.ie/,True,True,https://ifiarchiveplayer.ie/,IFI Archive Player,https://ifiarchiveplayer.ie/macardles-merry-christmas/,macardles merry christmas,IFI Archive Player film record,Public film-page metadata exposed by the IFI Archive Player. The permalink represents a public viewing/metadata surface; MAR does not download or redistribute the audiovisual media and does not infer a licence to reproduce it.,,macardles merry christmas,,Patrimônio fílmico irlandês em acesso público,Streaming audiovisual institucional público
IFI Irish Film Archive,ifi-irish-film-archive,Ireland,Europe,IE-IFI-IFA,National film archive,https://ifiarchiveplayer.ie/,True,True,https://ifiarchiveplayer.ie/,IFI Archive Player,https://ifiarchiveplayer.ie/macardles-no-1/,macardles no 1,IFI Archive Player film record,Public film-page metadata exposed by the IFI Archive Player. The permalink represents a public viewing/metadata surface; MAR does not download or redistribute the audiovisual media and does not infer a licence to reproduce it.,,macardles no 1,,Patrimônio fílmico irlandês em acesso público,Streaming audiovisual institucional público
IFI Irish Film Archive,ifi-irish-film-archive,Ireland,Europe,IE-IFI-IFA,National film archive,https://ifiarchiveplayer.ie/,True,True,https://ifiarchiveplayer.ie/,IFI Archive Player,https://ifiarchiveplayer.ie/macardles-opposities/,macardles opposities,IFI Archive Player film record,Public film-page metadata exposed by the IFI Archive Player. The permalink represents a public viewing/metadata surface; MAR does not download or redistribute the audiovisual media and does not infer a licence to reproduce it.,,macardles opposities,,Patrimônio fílmico irlandês em acesso público,Streaming audiovisual institucional público
IFI Irish Film Archive,ifi-irish-film-archive,Ireland,Europe,IE-IFI-IFA,National film archive,https://ifiarchiveplayer.ie/,True,True,https://ifiarchiveplayer.ie/,IFI Archive Player,https://ifiarchiveplayer.ie/macardles-tradition/,macardles tradition,IFI Archive Player film record,Public film-page metadata exposed by the IFI Archive Player. The permalink represents a public viewing/metadata surface; MAR does not download or redistribute the audiovisual media and does not infer a licence to reproduce it.,,macardles tradition,,Patrimônio fílmico irlandês em acesso público,Streaming audiovisual institucional público
IFI Irish Film Archive,ifi-irish-film-archive,Ireland,Europe,IE-IFI-IFA,National film archive,https://ifiarchiveplayer.ie/,True,True,https://ifiarchiveplayer.ie/,IFI Archive Player,https://ifiarchiveplayer.ie/magic-cooking-bags/,magic cooking bags,IFI Archive Player film record,Public film-page metadata exposed by the IFI Archive Player. The permalink represents a public viewing/metadata surface; MAR does not download or redistribute the audiovisual media and does not infer a licence to reproduce it.,,magic cooking bags,,Patrimônio fílmico irlandês em acesso público,Streaming audiovisual institucional público
IFI Irish Film Archive,ifi-irish-film-archive,Ireland,Europe,IE-IFI-IFA,National film archive,https://ifiarchiveplayer.ie/,True,True,https://ifiarchiveplayer.ie/,IFI Archive Player,https://ifiarchiveplayer.ie/maguire-and-paterson-matches-dancing/,maguire and paterson matches dancing,IFI Archive Player film record,Public film-page metadata exposed by the IFI Archive Player. The permalink represents a public viewing/metadata surface; MAR does not download or redistribute the audiovisual media and does not infer a licence to reproduce it.,,maguire and paterson matches dancing,,Patrimônio fílmico irlandês em acesso público,Streaming audiovisual institucional público
IFI Irish Film Archive,ifi-irish-film-archive,Ireland,Europe,IE-IFI-IFA,National film archive,https://ifiarchiveplayer.ie/,True,True,https://ifiarchiveplayer.ie/,IFI Archive Player,https://ifiarchiveplayer.ie/maguire-and-paterson-matches-egypt/,maguire and paterson matches egypt,IFI Archive Player film record,Public film-page metadata exposed by the IFI Archive Player. The permalink represents a public viewing/metadata surface; MAR does not download or redistribute the audiovisual media and does not infer a licence to reproduce it.,,maguire and paterson matches egypt,,Patrimônio fílmico irlandês em acesso público,Streaming audiovisual institucional público
IFI Irish Film Archive,ifi-irish-film-archive,Ireland,Europe,IE-IFI-IFA,National film archive,https://ifiarchiveplayer.ie/,True,True,https://ifiarchiveplayer.ie/,IFI Archive Player,https://ifiarchiveplayer.ie/maguire-and-paterson-matches-la-caramatcha/,maguire and paterson matches la caramatcha,IFI Archive Player film record,Public film-page metadata exposed by the IFI Archive Player. The permalink represents a public viewing/metadata surface; MAR does not download or redistribute the audiovisual media and does not infer a licence to reproduce it.,,maguire and paterson matches la caramatcha,,Patrimônio fílmico irlandês em acesso público,Streaming audiovisual institucional público
IFI Irish Film Archive,ifi-irish-film-archive,Ireland,Europe,IE-IFI-IFA,National film archive,https://ifiarchiveplayer.ie/,True,True,https://ifiarchiveplayer.ie/,IFI Archive Player,https://ifiarchiveplayer.ie/maidens-in-distress/,maidens in distress,IFI Archive Player film record,Public film-page metadata exposed by the IFI Archive Player. The permalink represents a public viewing/metadata surface; MAR does not download or redistribute the audiovisual media and does not infer a licence to reproduce it.,,maidens in distress,,Patrimônio fílmico irlandês em acesso público,Streaming audiovisual institucional público
IFI Irish Film Archive,ifi-irish-film-archive,Ireland,Europe,IE-IFI-IFA,National film archive,https://ifiarchiveplayer.ie/,True,True,https://ifiarchiveplayer.ie/,IFI Archive Player,https://ifiarchiveplayer.ie/mairead-farrell-armagh-prison/,mairead farrell armagh prison,IFI Archive Player film record,Public film-page metadata exposed by the IFI Archive Player. The permalink represents a public viewing/metadata surface; MAR does not download or redistribute the audiovisual media and does not infer a licence to reproduce it.,,mairead farrell armagh prison,,Patrimônio fílmico irlandês em acesso público,Streaming audiovisual institucional público
IFI Irish Film Archive,ifi-irish-film-archive,Ireland,Europe,IE-IFI-IFA,National film archive,https://ifiarchiveplayer.ie/,True,True,https://ifiarchiveplayer.ie/,IFI Archive Player,https://ifiarchiveplayer.ie/mairead-farrell-republican-icon/,mairead farrell republican icon,IFI Archive Player film record,Public film-page metadata exposed by the IFI Archive Player. The permalink represents a public viewing/metadata surface; MAR does not download or redistribute the audiovisual media and does not infer a licence to reproduce it.,,mairead farrell republican icon,,Patrimônio fílmico irlandês em acesso público,Streaming audiovisual institucional público
IFI Irish Film Archive,ifi-irish-film-archive,Ireland,Europe,IE-IFI-IFA,National film archive,https://ifiarchiveplayer.ie/,True,True,https://ifiarchiveplayer.ie/,IFI Archive Player,https://ifiarchiveplayer.ie/mairead_farrell/,mairead_farrell,IFI Archive Player film record,Public film-page metadata exposed by the IFI Archive Player. The permalink represents a public viewing/metadata surface; MAR does not download or redistribute the audiovisual media and does not infer a licence to reproduce it.,,mairead_farrell,,Patrimônio fílmico irlandês em acesso público,Streaming audiovisual institucional público
IFI Irish Film Archive,ifi-irish-film-archive,Ireland,Europe,IE-IFI-IFA,National film archive,https://ifiarchiveplayer.ie/,True,True,https://ifiarchiveplayer.ie/,IFI Archive Player,https://ifiarchiveplayer.ie/malayan-independence-ball/,malayan independence ball,IFI Archive Player film record,Public film-page metadata exposed by the IFI Archive Player. The permalink represents a public viewing/metadata surface; MAR does not download or redistribute the audiovisual media and does not infer a licence to reproduce it.,,malayan independence ball,,Patrimônio fílmico irlandês em acesso público,Streaming audiovisual institucional público
IFI Irish Film Archive,ifi-irish-film-archive,Ireland,Europe,IE-IFI-IFA,National film archive,https://ifiarchiveplayer.ie/,True,True,https://ifiarchiveplayer.ie/,IFI Archive Player,https://ifiarchiveplayer.ie/man/,man,IFI Archive Player film record,Public film-page metadata exposed by the IFI Archive Player. The permalink represents a public viewing/metadata surface; MAR does not download or redistribute the audiovisual media and does not infer a licence to reproduce it.,,man,,Patrimônio fílmico irlandês em acesso público,Streaming audiovisual institucional público
IFI Irish Film Archive,ifi-irish-film-archive,Ireland,Europe,IE-IFI-IFA,National film archive,https://ifiarchiveplayer.ie/,True,True,https://ifiarchiveplayer.ie/,IFI Archive Player,https://ifiarchiveplayer.ie/mansion-house-ideal-homes-exhibition/,mansion house ideal homes exhibition,IFI Archive Player film record,Public film-page metadata exposed by the IFI Archive Player. The permalink represents a public viewing/metadata surface; MAR does not download or redistribute the audiovisual media and does not infer a licence to reproduce it.,,mansion house ideal homes exhibition,,Patrimônio fílmico irlandês em acesso público,Streaming audiovisual institucional público
IFI Irish Film Archive,ifi-irish-film-archive,Ireland,Europe,IE-IFI-IFA,National film archive,https://ifiarchiveplayer.ie/,True,True,https://ifiarchiveplayer.ie/,IFI Archive Player,https://ifiarchiveplayer.ie/marion-agus-an-banphrionsa/,marion agus an banphrionsa,IFI Archive Player film record,Public film-page metadata exposed by the IFI Archive Player. The permalink represents a public viewing/metadata surface; MAR does not download or redistribute the audiovisual media and does not infer a licence to reproduce it.,,marion agus an banphrionsa,,Patrimônio fílmico irlandês em acesso público,Streaming audiovisual institucional público
IFI Irish Film Archive,ifi-irish-film-archive,Ireland,Europe,IE-IFI-IFA,National film archive,https://ifiarchiveplayer.ie/,True,True,https://ifiarchiveplayer.ie/,IFI Archive Player,https://ifiarchiveplayer.ie/martial-law-in-ireland/,martial law in ireland,IFI Archive Player film record,Public film-page metadata exposed by the IFI Archive Player. The permalink represents a public viewing/metadata surface; MAR does not download or redistribute the audiovisual media and does not infer a licence to reproduce it.,,martial law in ireland,,Patrimônio fílmico irlandês em acesso público,Streaming audiovisual institucional público
IFI Irish Film Archive,ifi-irish-film-archive,Ireland,Europe,IE-IFI-IFA,National film archive,https://ifiarchiveplayer.ie/,True,True,https://ifiarchiveplayer.ie/,IFI Archive Player,https://ifiarchiveplayer.ie/maxwell-house-house-music/,maxwell house house music,IFI Archive Player film record,Public film-page metadata exposed by the IFI Archive Player. The permalink represents a public viewing/metadata surface; MAR does not download or redistribute the audiovisual media and does not infer a licence to reproduce it.,,maxwell house house music,,Patrimônio fílmico irlandês em acesso público,Streaming audiovisual institucional público
IFI Irish Film Archive,ifi-irish-film-archive,Ireland,Europe,IE-IFI-IFA,National film archive,https://ifiarchiveplayer.ie/,True,True,https://ifiarchiveplayer.ie/,IFI Archive Player,https://ifiarchiveplayer.ie/maxwell-house-moving-house/,maxwell house moving house,IFI Archive Player film record,Public film-page metadata exposed by the IFI Archive Player. The permalink represents a public viewing/metadata surface; MAR does not download or redistribute the audiovisual media and does not infer a licence to reproduce it.,,maxwell house moving house,,Patrimônio fílmico irlandês em acesso público,Streaming audiovisual institucional público
IFI Irish Film Archive,ifi-irish-film-archive,Ireland,Europe,IE-IFI-IFA,National film archive,https://ifiarchiveplayer.ie/,True,True,https://ifiarchiveplayer.ie/,IFI Archive Player,https://ifiarchiveplayer.ie/maxwell-house-spice-jar/,maxwell house spice jar,IFI Archive Player film record,Public film-page metadata exposed by the IFI Archive Player. The permalink represents a public viewing/metadata surface; MAR does not download or redistribute the audiovisual media and does not infer a licence to reproduce it.,,maxwell house spice jar,,Patrimônio fílmico irlandês em acesso público,Streaming audiovisual institucional público
IFI Irish Film Archive,ifi-irish-film-archive,Ireland,Europe,IE-IFI-IFA,National film archive,https://ifiarchiveplayer.ie/,True,True,https://ifiarchiveplayer.ie/,IFI Archive Player,https://ifiarchiveplayer.ie/mcvities-teddy-bear/,mcvities teddy bear,IFI Archive Player film record,Public film-page metadata exposed by the IFI Archive Player. The permalink represents a public viewing/metadata surface; MAR does not download or redistribute the audiovisual media and does not infer a licence to reproduce it.,,mcvities teddy bear,,Patrimônio fílmico irlandês em acesso público,Streaming audiovisual institucional público
IFI Irish Film Archive,ifi-irish-film-archive,Ireland,Europe,IE-IFI-IFA,National film archive,https://ifiarchiveplayer.ie/,True,True,https://ifiarchiveplayer.ie/,IFI Archive Player,https://ifiarchiveplayer.ie/me-first/,me first,IFI Archive Player film record,Public film-page metadata exposed by the IFI Archive Player. The permalink represents a public viewing/metadata surface; MAR does not download or redistribute the audiovisual media and does not infer a licence to reproduce it.,,me first,,Patrimônio fílmico irlandês em acesso público,Streaming audiovisual institucional público
IFI Irish Film Archive,ifi-irish-film-archive,Ireland,Europe,IE-IFI-IFA,National film archive,https://ifiarchiveplayer.ie/,True,True,https://ifiarchiveplayer.ie/,IFI Archive Player,https://ifiarchiveplayer.ie/mec-motor-rally-trials-in-dun-laoghaire/,mec motor rally trials in dun laoghaire,IFI Archive Player film record,Public film-page metadata exposed by the IFI Archive Player. The permalink represents a public viewing/metadata surface; MAR does not download or redistribute the audiovisual media and does not infer a licence to reproduce it.,,mec motor rally trials in dun laoghaire,,Patrimônio fílmico irlandês em acesso público,Streaming audiovisual institucional público
IFI Irish Film Archive,ifi-irish-film-archive,Ireland,Europe,IE-IFI-IFA,National film archive,https://ifiarchiveplayer.ie/,True,True,https://ifiarchiveplayer.ie/,IFI Archive Player,https://ifiarchiveplayer.ie/meccano-make-your-own-world/,meccano make your own world,IFI Archive Player film record,Public film-page metadata exposed by the IFI Archive Player. The permalink represents a public viewing/metadata surface; MAR does not download or redistribute the audiovisual media and does not infer a licence to reproduce it.,,meccano make your own world,,Patrimônio fílmico irlandês em acesso público,Streaming audiovisual institucional público
IFI Irish Film Archive,ifi-irish-film-archive,Ireland,Europe,IE-IFI-IFA,National film archive,https://ifiarchiveplayer.ie/,True,True,https://ifiarchiveplayer.ie/,IFI Archive Player,https://ifiarchiveplayer.ie/mechanic/,mechanic,IFI Archive Player film record,Public film-page metadata exposed by the IFI Archive Player. The permalink represents a public viewing/metadata surface; MAR does not download or redistribute the audiovisual media and does not infer a licence to reproduce it.,,mechanic,,Patrimônio fílmico irlandês em acesso público,Streaming audiovisual institucional público
IFI Irish Film Archive,ifi-irish-film-archive,Ireland,Europe,IE-IFI-IFA,National film archive,https://ifiarchiveplayer.ie/,True,True,https://ifiarchiveplayer.ie/,IFI Archive Player,https://ifiarchiveplayer.ie/medical-congress-delegates-visit-brewery/,medical congress delegates visit brewery,IFI Archive Player film record,Public film-page metadata exposed by the IFI Archive Player. The permalink represents a public viewing/metadata surface; MAR does not download or redistribute the audiovisual media and does not infer a licence to reproduce it.,,medical congress delegates visit brewery,,Patrimônio fílmico irlandês em acesso público,Streaming audiovisual institucional público
IFI Irish Film Archive,ifi-irish-film-archive,Ireland,Europe,IE-IFI-IFA,National film archive,https://ifiarchiveplayer.ie/,True,True,https://ifiarchiveplayer.ie/,IFI Archive Player,https://ifiarchiveplayer.ie/mi-wadi-orange-tree/,mi wadi orange tree,IFI Archive Player film record,Public film-page metadata exposed by the IFI Archive Player. The permalink represents a public viewing/metadata surface; MAR does not download or redistribute the audiovisual media and does not infer a licence to reproduce it.,,mi wadi orange tree,,Patrimônio fílmico irlandês em acesso público,Streaming audiovisual institucional público
IFI Irish Film Archive,ifi-irish-film-archive,Ireland,Europe,IE-IFI-IFA,National film archive,https://ifiarchiveplayer.ie/,True,True,https://ifiarchiveplayer.ie/,IFI Archive Player,https://ifiarchiveplayer.ie/michael-collins/,michael collins,IFI Archive Player film record,Public film-page metadata exposed by the IFI Archive Player. The permalink represents a public viewing/metadata surface; MAR does not download or redistribute the audiovisual media and does not infer a licence to reproduce it.,,michael collins,,Patrimônio fílmico irlandês em acesso público,Streaming audiovisual institucional público
IFI Irish Film Archive,ifi-irish-film-archive,Ireland,Europe,IE-IFI-IFA,National film archive,https://ifiarchiveplayer.ie/,True,True,https://ifiarchiveplayer.ie/,IFI Archive Player,https://ifiarchiveplayer.ie/michael-collins-crowds/,michael collins crowds,IFI Archive Player film record,Public film-page metadata exposed by the IFI Archive Player. The permalink represents a public viewing/metadata surface; MAR does not download or redistribute the audiovisual media and does not infer a licence to reproduce it.,,michael collins crowds,,Patrimônio fílmico irlandês em acesso público,Streaming audiovisual institucional público
IFI Irish Film Archive,ifi-irish-film-archive,Ireland,Europe,IE-IFI-IFA,National film archive,https://ifiarchiveplayer.ie/,True,True,https://ifiarchiveplayer.ie/,IFI Archive Player,https://ifiarchiveplayer.ie/milk-of-magnesia-boat/,milk of magnesia boat,IFI Archive Player film record,Public film-page metadata exposed by the IFI Archive Player. The permalink represents a public viewing/metadata surface; MAR does not download or redistribute the audiovisual media and does not infer a licence to reproduce it.,,milk of magnesia boat,,Patrimônio fílmico irlandês em acesso público,Streaming audiovisual institucional público
IFI Irish Film Archive,ifi-irish-film-archive,Ireland,Europe,IE-IFI-IFA,National film archive,https://ifiarchiveplayer.ie/,True,True,https://ifiarchiveplayer.ie/,IFI Archive Player,https://ifiarchiveplayer.ie/milk-of-magnesia-tablets/,milk of magnesia tablets,IFI Archive Player film record,Public film-page metadata exposed by the IFI Archive Player. The permalink represents a public viewing/metadata surface; MAR does not download or redistribute the audiovisual media and does not infer a licence to reproduce it.,,milk of magnesia tablets,,Patrimônio fílmico irlandês em acesso público,Streaming audiovisual institucional público
IFI Irish Film Archive,ifi-irish-film-archive,Ireland,Europe,IE-IFI-IFA,National film archive,https://ifiarchiveplayer.ie/,True,True,https://ifiarchiveplayer.ie/,IFI Archive Player,https://ifiarchiveplayer.ie/minister-haughey-reviews-new-gardai-recruits/,minister haughey reviews new gardai recruits,IFI Archive Player film record,Public film-page metadata exposed by the IFI Archive Player. The permalink represents a public viewing/metadata surface; MAR does not download or redistribute the audiovisual media and does not infer a licence to reproduce it.,,minister haughey reviews new gardai recruits,,Patrimônio fílmico irlandês em acesso público,Streaming audiovisual institucional público
IFI Irish Film Archive,ifi-irish-film-archive,Ireland,Europe,IE-IFI-IFA,National film archive,https://ifiarchiveplayer.ie/,True,True,https://ifiarchiveplayer.ie/,IFI Archive Player,https://ifiarchiveplayer.ie/miss-cinema-1963/,miss cinema 1963,IFI Archive Player film record,Public film-page metadata exposed by the IFI Archive Player. The permalink represents a public viewing/metadata surface; MAR does not download or redistribute the audiovisual media and does not infer a licence to reproduce it.,,miss cinema 1963,,Patrimônio fílmico irlandês em acesso público,Streaming audiovisual institucional público
IFI Irish Film Archive,ifi-irish-film-archive,Ireland,Europe,IE-IFI-IFA,National film archive,https://ifiarchiveplayer.ie/,True,True,https://ifiarchiveplayer.ie/,IFI Archive Player,https://ifiarchiveplayer.ie/miss-dublin-wins-beauty-contest/,miss dublin wins beauty contest,IFI Archive Player film record,Public film-page metadata exposed by the IFI Archive Player. The permalink represents a public viewing/metadata surface; MAR does not download or redistribute the audiovisual media and does not infer a licence to reproduce it.,,miss dublin wins beauty contest,,Patrimônio fílmico irlandês em acesso público,Streaming audiovisual institucional público
IFI Irish Film Archive,ifi-irish-film-archive,Ireland,Europe,IE-IFI-IFA,National film archive,https://ifiarchiveplayer.ie/,True,True,https://ifiarchiveplayer.ie/,IFI Archive Player,https://ifiarchiveplayer.ie/missing-green/,missing green,IFI Archive Player film record,Public film-page metadata exposed by the IFI Archive Player. The permalink represents a public viewing/metadata surface; MAR does not download or redistribute the audiovisual media and does not infer a licence to reproduce it.,,missing green,,Patrimônio fílmico irlandês em acesso público,Streaming audiovisual institucional público
IFI Irish Film Archive,ifi-irish-film-archive,Ireland,Europe,IE-IFI-IFA,National film archive,https://ifiarchiveplayer.ie/,True,True,https://ifiarchiveplayer.ie/,IFI Archive Player,https://ifiarchiveplayer.ie/mists-of-time/,mists of time,IFI Archive Player film record,Public film-page metadata exposed by the IFI Archive Player. The permalink represents a public viewing/metadata surface; MAR does not download or redistribute the audiovisual media and does not infer a licence to reproduce it.,,mists of time,,Patrimônio fílmico irlandês em acesso público,Streaming audiovisual institucional público
IFI Irish Film Archive,ifi-irish-film-archive,Ireland,Europe,IE-IFI-IFA,National film archive,https://ifiarchiveplayer.ie/,True,True,https://ifiarchiveplayer.ie/,IFI Archive Player,https://ifiarchiveplayer.ie/mna-an-ira-1/,mna an ira 1,IFI Archive Player film record,Public film-page metadata exposed by the IFI Archive Player. The permalink represents a public viewing/metadata surface; MAR does not download or redistribute the audiovisual media and does not infer a licence to reproduce it.,,mna an ira 1,,Patrimônio fílmico irlandês em acesso público,Streaming audiovisual institucional público
IFI Irish Film Archive,ifi-irish-film-archive,Ireland,Europe,IE-IFI-IFA,National film archive,https://ifiarchiveplayer.ie/,True,True,https://ifiarchiveplayer.ie/,IFI Archive Player,https://ifiarchiveplayer.ie/mna-an-ira-2/,mna an ira 2,IFI Archive Player film record,Public film-page metadata exposed by the IFI Archive Player. The permalink represents a public viewing/metadata surface; MAR does not download or redistribute the audiovisual media and does not infer a licence to reproduce it.,,mna an ira 2,,Patrimônio fílmico irlandês em acesso público,Streaming audiovisual institucional público
IFI Irish Film Archive,ifi-irish-film-archive,Ireland,Europe,IE-IFI-IFA,National film archive,https://ifiarchiveplayer.ie/,True,True,https://ifiarchiveplayer.ie/,IFI Archive Player,https://ifiarchiveplayer.ie/mna-an-ira-3/,mna an ira 3,IFI Archive Player film record,Public film-page metadata exposed by the IFI Archive Player. The permalink represents a public viewing/metadata surface; MAR does not download or redistribute the audiovisual media and does not infer a licence to reproduce it.,,mna an ira 3,,Patrimônio fílmico irlandês em acesso público,Streaming audiovisual institucional público
IFI Irish Film Archive,ifi-irish-film-archive,Ireland,Europe,IE-IFI-IFA,National film archive,https://ifiarchiveplayer.ie/,True,True,https://ifiarchiveplayer.ie/,IFI Archive Player,https://ifiarchiveplayer.ie/mna-an-ira-4/,mna an ira 4,IFI Archive Player film record,Public film-page metadata exposed by the IFI Archive Player. The permalink represents a public viewing/metadata surface; MAR does not download or redistribute the audiovisual media and does not infer a licence to reproduce it.,,mna an ira 4,,Patrimônio fílmico irlandês em acesso público,Streaming audiovisual institucional público
IFI Irish Film Archive,ifi-irish-film-archive,Ireland,Europe,IE-IFI-IFA,National film archive,https://ifiarchiveplayer.ie/,True,True,https://ifiarchiveplayer.ie/,IFI Archive Player,https://ifiarchiveplayer.ie/mna-an-ira-5/,mna an ira 5,IFI Archive Player film record,Public film-page metadata exposed by the IFI Archive Player. The permalink represents a public viewing/metadata surface; MAR does not download or redistribute the audiovisual media and does not infer a licence to reproduce it.,,mna an ira 5,,Patrimônio fílmico irlandês em acesso público,Streaming audiovisual institucional público
IFI Irish Film Archive,ifi-irish-film-archive,Ireland,Europe,IE-IFI-IFA,National film archive,https://ifiarchiveplayer.ie/,True,True,https://ifiarchiveplayer.ie/,IFI Archive Player,https://ifiarchiveplayer.ie/mna-an-ira-6/,mna an ira 6,IFI Archive Player film record,Public film-page metadata exposed by the IFI Archive Player. The permalink represents a public viewing/metadata surface; MAR does not download or redistribute the audiovisual media and does not infer a licence to reproduce it.,,mna an ira 6,,Patrimônio fílmico irlandês em acesso público,Streaming audiovisual institucional público
IFI Irish Film Archive,ifi-irish-film-archive,Ireland,Europe,IE-IFI-IFA,National film archive,https://ifiarchiveplayer.ie/,True,True,https://ifiarchiveplayer.ie/,IFI Archive Player,https://ifiarchiveplayer.ie/modernisation/,modernisation,IFI Archive Player film record,Public film-page metadata exposed by the IFI Archive Player. The permalink represents a public viewing/metadata surface; MAR does not download or redistribute the audiovisual media and does not infer a licence to reproduce it.,,modernisation,,Patrimônio fílmico irlandês em acesso público,Streaming audiovisual institucional público
IFI Irish Film Archive,ifi-irish-film-archive,Ireland,Europe,IE-IFI-IFA,National film archive,https://ifiarchiveplayer.ie/,True,True,https://ifiarchiveplayer.ie/,IFI Archive Player,https://ifiarchiveplayer.ie/monsignor-reid-collection-castlerea-train-station/,monsignor reid collection castlerea train station,IFI Archive Player film record,Public film-page metadata exposed by the IFI Archive Player. The permalink represents a public viewing/metadata surface; MAR does not download or redistribute the audiovisual media and does not infer a licence to reproduce it.,,monsignor reid collection castlerea train station,,Patrimônio fílmico irlandês em acesso público,Streaming audiovisual institucional público
IFI Irish Film Archive,ifi-irish-film-archive,Ireland,Europe,IE-IFI-IFA,National film archive,https://ifiarchiveplayer.ie/,True,True,https://ifiarchiveplayer.ie/,IFI Archive Player,https://ifiarchiveplayer.ie/monsignor-reid-collection-holiday-in-england/,monsignor reid collection holiday in england,IFI Archive Player film record,Public film-page metadata exposed by the IFI Archive Player. The permalink represents a public viewing/metadata surface; MAR does not download or redistribute the audiovisual media and does not infer a licence to reproduce it.,,monsignor reid collection holiday in england,,Patrimônio fílmico irlandês em acesso público,Streaming audiovisual institucional público
IFI Irish Film Archive,ifi-irish-film-archive,Ireland,Europe,IE-IFI-IFA,National film archive,https://ifiarchiveplayer.ie/,True,True,https://ifiarchiveplayer.ie/,IFI Archive Player,https://ifiarchiveplayer.ie/monsignor-reid-collection-holiday-in-highland-new-york/,monsignor reid collection holiday in highland new york,IFI Archive Player film record,Public film-page metadata exposed by the IFI Archive Player. The permalink represents a public viewing/metadata surface; MAR does not download or redistribute the audiovisual media and does not infer a licence to reproduce it.,,monsignor reid collection holiday in highland new york,,Patrimônio fílmico irlandês em acesso público,Streaming audiovisual institucional público
IFI Irish Film Archive,ifi-irish-film-archive,Ireland,Europe,IE-IFI-IFA,National film archive,https://ifiarchiveplayer.ie/,True,True,https://ifiarchiveplayer.ie/,IFI Archive Player,https://ifiarchiveplayer.ie/monsignor-reid-collection-limerick-city/,monsignor reid collection limerick city,IFI Archive Player film record,Public film-page metadata exposed by the IFI Archive Player. The permalink represents a public viewing/metadata surface; MAR does not download or redistribute the audiovisual media and does not infer a licence to reproduce it.,,monsignor reid collection limerick city,,Patrimônio fílmico irlandês em acesso público,Streaming audiovisual institucional público
IFI Irish Film Archive,ifi-irish-film-archive,Ireland,Europe,IE-IFI-IFA,National film archive,https://ifiarchiveplayer.ie/,True,True,https://ifiarchiveplayer.ie/,IFI Archive Player,https://ifiarchiveplayer.ie/monsignor-reid-collection-moments-in-ireland/,monsignor reid collection moments in ireland,IFI Archive Player film record,Public film-page metadata exposed by the IFI Archive Player. The permalink represents a public viewing/metadata surface; MAR does not download or redistribute the audiovisual media and does not infer a licence to reproduce it.,,monsignor reid collection moments in ireland,,Patrimônio fílmico irlandês em acesso público,Streaming audiovisual institucional público
IFI Irish Film Archive,ifi-irish-film-archive,Ireland,Europe,IE-IFI-IFA,National film archive,https://ifiarchiveplayer.ie/,True,True,https://ifiarchiveplayer.ie/,IFI Archive Player,https://ifiarchiveplayer.ie/monsignor-reid-collection-oconnell-street-dublin/,monsignor reid collection oconnell street dublin,IFI Archive Player film record,Public film-page metadata exposed by the IFI Archive Player. The permalink represents a public viewing/metadata surface; MAR does not download or redistribute the audiovisual media and does not infer a licence to reproduce it.,,monsignor reid collection oconnell street dublin,,Patrimônio fílmico irlandês em acesso público,Streaming audiovisual institucional público
IFI Irish Film Archive,ifi-irish-film-archive,Ireland,Europe,IE-IFI-IFA,National film archive,https://ifiarchiveplayer.ie/,True,True,https://ifiarchiveplayer.ie/,IFI Archive Player,https://ifiarchiveplayer.ie/monsignor-reid-collection-the-cliffs-of-moher/,monsignor reid collection the cliffs of moher,IFI Archive Player film record,Public film-page metadata exposed by the IFI Archive Player. The permalink represents a public viewing/metadata surface; MAR does not download or redistribute the audiovisual media and does not infer a licence to reproduce it.,,monsignor reid collection the cliffs of moher,,Patrimônio fílmico irlandês em acesso público,Streaming audiovisual institucional público
IFI Irish Film Archive,ifi-irish-film-archive,Ireland,Europe,IE-IFI-IFA,National film archive,https://ifiarchiveplayer.ie/,True,True,https://ifiarchiveplayer.ie/,IFI Archive Player,https://ifiarchiveplayer.ie/moonshine/,moonshine,IFI Archive Player film record,Public film-page metadata exposed by the IFI Archive Player. The permalink represents a public viewing/metadata surface; MAR does not download or redistribute the audiovisual media and does not infer a licence to reproduce it.,,moonshine,,Patrimônio fílmico irlandês em acesso público,Streaming audiovisual institucional público
IFI Irish Film Archive,ifi-irish-film-archive,Ireland,Europe,IE-IFI-IFA,National film archive,https://ifiarchiveplayer.ie/,True,True,https://ifiarchiveplayer.ie/,IFI Archive Player,https://ifiarchiveplayer.ie/mopping-up/,mopping up,IFI Archive Player film record,Public film-page metadata exposed by the IFI Archive Player. The permalink represents a public viewing/metadata surface; MAR does not download or redistribute the audiovisual media and does not infer a licence to reproduce it.,,mopping up,,Patrimônio fílmico irlandês em acesso público,Streaming audiovisual institucional público
IFI Irish Film Archive,ifi-irish-film-archive,Ireland,Europe,IE-IFI-IFA,National film archive,https://ifiarchiveplayer.ie/,True,True,https://ifiarchiveplayer.ie/,IFI Archive Player,https://ifiarchiveplayer.ie/more-than-half-a-million-mourners/,more than half a million mourners,IFI Archive Player film record,Public film-page metadata exposed by the IFI Archive Player. The permalink represents a public viewing/metadata surface; MAR does not download or redistribute the audiovisual media and does not infer a licence to reproduce it.,,more than half a million mourners,,Patrimônio fílmico irlandês em acesso público,Streaming audiovisual institucional público
IFI Irish Film Archive,ifi-irish-film-archive,Ireland,Europe,IE-IFI-IFA,National film archive,https://ifiarchiveplayer.ie/,True,True,https://ifiarchiveplayer.ie/,IFI Archive Player,https://ifiarchiveplayer.ie/mosaic-concert/,mosaic concert,IFI Archive Player film record,Public film-page metadata exposed by the IFI Archive Player. The permalink represents a public viewing/metadata surface; MAR does not download or redistribute the audiovisual media and does not infer a licence to reproduce it.,,mosaic concert,,Patrimônio fílmico irlandês em acesso público,Streaming audiovisual institucional público
IFI Irish Film Archive,ifi-irish-film-archive,Ireland,Europe,IE-IFI-IFA,National film archive,https://ifiarchiveplayer.ie/,True,True,https://ifiarchiveplayer.ie/,IFI Archive Player,https://ifiarchiveplayer.ie/mosney-stars-entertain-orphans/,mosney stars entertain orphans,IFI Archive Player film record,Public film-page metadata exposed by the IFI Archive Player. The permalink represents a public viewing/metadata surface; MAR does not download or redistribute the audiovisual media and does not infer a licence to reproduce it.,,mosney stars entertain orphans,,Patrimônio fílmico irlandês em acesso público,Streaming audiovisual institucional público
IFI Irish Film Archive,ifi-irish-film-archive,Ireland,Europe,IE-IFI-IFA,National film archive,https://ifiarchiveplayer.ie/,True,True,https://ifiarchiveplayer.ie/,IFI Archive Player,https://ifiarchiveplayer.ie/motor-cycling-skerries-100/,motor cycling skerries 100,IFI Archive Player film record,Public film-page metadata exposed by the IFI Archive Player. The permalink represents a public viewing/metadata surface; MAR does not download or redistribute the audiovisual media and does not infer a licence to reproduce it.,,motor cycling skerries 100,,Patrimônio fílmico irlandês em acesso público,Streaming audiovisual institucional público
IFI Irish Film Archive,ifi-irish-film-archive,Ireland,Europe,IE-IFI-IFA,National film archive,https://ifiarchiveplayer.ie/,True,True,https://ifiarchiveplayer.ie/,IFI Archive Player,https://ifiarchiveplayer.ie/motorcycling-grasstrack-race-meeting/,motorcycling grasstrack race meeting,IFI Archive Player film record,Public film-page metadata exposed by the IFI Archive Player. The permalink represents a public viewing/metadata surface; MAR does not download or redistribute the audiovisual media and does not infer a licence to reproduce it.,,motorcycling grasstrack race meeting,,Patrimônio fílmico irlandês em acesso público,Streaming audiovisual institucional público
IFI Irish Film Archive,ifi-irish-film-archive,Ireland,Europe,IE-IFI-IFA,National film archive,https://ifiarchiveplayer.ie/,True,True,https://ifiarchiveplayer.ie/,IFI Archive Player,https://ifiarchiveplayer.ie/motorcyclists-splash-in-stapleton-cup/,motorcyclists splash in stapleton cup,IFI Archive Player film record,Public film-page metadata exposed by the IFI Archive Player. The permalink represents a public viewing/metadata surface; MAR does not download or redistribute the audiovisual media and does not infer a licence to reproduce it.,,motorcyclists splash in stapleton cup,,Patrimônio fílmico irlandês em acesso público,Streaming audiovisual institucional público
IFI Irish Film Archive,ifi-irish-film-archive,Ireland,Europe,IE-IFI-IFA,National film archive,https://ifiarchiveplayer.ie/,True,True,https://ifiarchiveplayer.ie/,IFI Archive Player,https://ifiarchiveplayer.ie/mount-merrion-horse-show/,mount merrion horse show,IFI Archive Player film record,Public film-page metadata exposed by the IFI Archive Player. The permalink represents a public viewing/metadata surface; MAR does not download or redistribute the audiovisual media and does not infer a licence to reproduce it.,,mount merrion horse show,,Patrimônio fílmico irlandês em acesso público,Streaming audiovisual institucional público
IFI Irish Film Archive,ifi-irish-film-archive,Ireland,Europe,IE-IFI-IFA,National film archive,https://ifiarchiveplayer.ie/,True,True,https://ifiarchiveplayer.ie/,IFI Archive Player,https://ifiarchiveplayer.ie/moving-crib-tells-christmas-story/,moving crib tells christmas story,IFI Archive Player film record,Public film-page metadata exposed by the IFI Archive Player. The permalink represents a public viewing/metadata surface; MAR does not download or redistribute the audiovisual media and does not infer a licence to reproduce it.,,moving crib tells christmas story,,Patrimônio fílmico irlandês em acesso público,Streaming audiovisual institucional público
IFI Irish Film Archive,ifi-irish-film-archive,Ireland,Europe,IE-IFI-IFA,National film archive,https://ifiarchiveplayer.ie/,True,True,https://ifiarchiveplayer.ie/,IFI Archive Player,https://ifiarchiveplayer.ie/moving-production-of-passion-play/,moving production of passion play,IFI Archive Player film record,Public film-page metadata exposed by the IFI Archive Player. The permalink represents a public viewing/metadata surface; MAR does not download or redistribute the audiovisual media and does not infer a licence to reproduce it.,,moving production of passion play,,Patrimônio fílmico irlandês em acesso público,Streaming audiovisual institucional público
IFI Irish Film Archive,ifi-irish-film-archive,Ireland,Europe,IE-IFI-IFA,National film archive,https://ifiarchiveplayer.ie/,True,True,https://ifiarchiveplayer.ie/,IFI Archive Player,https://ifiarchiveplayer.ie/mr-alfred-lord-mayor-of-dublin/,mr alfred lord mayor of dublin,IFI Archive Player film record,Public film-page metadata exposed by the IFI Archive Player. The permalink represents a public viewing/metadata surface; MAR does not download or redistribute the audiovisual media and does not infer a licence to reproduce it.,,mr alfred lord mayor of dublin,,Patrimônio fílmico irlandês em acesso público,Streaming audiovisual institucional público
IFI Irish Film Archive,ifi-irish-film-archive,Ireland,Europe,IE-IFI-IFA,National film archive,https://ifiarchiveplayer.ie/,True,True,https://ifiarchiveplayer.ie/,IFI Archive Player,https://ifiarchiveplayer.ie/mr-careless-goes-to-town/,mr careless goes to town,IFI Archive Player film record,Public film-page metadata exposed by the IFI Archive Player. The permalink represents a public viewing/metadata surface; MAR does not download or redistribute the audiovisual media and does not infer a licence to reproduce it.,,mr careless goes to town,,Patrimônio fílmico irlandês em acesso público,Streaming audiovisual institucional público
IFI Irish Film Archive,ifi-irish-film-archive,Ireland,Europe,IE-IFI-IFA,National film archive,https://ifiarchiveplayer.ie/,True,True,https://ifiarchiveplayer.ie/,IFI Archive Player,https://ifiarchiveplayer.ie/mr-yeats-the-beastly-coins/,mr yeats the beastly coins,IFI Archive Player film record,Public film-page metadata exposed by the IFI Archive Player. The permalink represents a public viewing/metadata surface; MAR does not download or redistribute the audiovisual media and does not infer a licence to reproduce it.,,mr yeats the beastly coins,,Patrimônio fílmico irlandês em acesso público,Streaming audiovisual institucional público
IFI Irish Film Archive,ifi-irish-film-archive,Ireland,Europe,IE-IFI-IFA,National film archive,https://ifiarchiveplayer.ie/,True,True,https://ifiarchiveplayer.ie/,IFI Archive Player,https://ifiarchiveplayer.ie/muscles-for-everyone/,muscles for everyone,IFI Archive Player film record,Public film-page metadata exposed by the IFI Archive Player. The permalink represents a public viewing/metadata surface; MAR does not download or redistribute the audiovisual media and does not infer a licence to reproduce it.,,muscles for everyone,,Patrimônio fílmico irlandês em acesso público,Streaming audiovisual institucional público
IFI Irish Film Archive,ifi-irish-film-archive,Ireland,Europe,IE-IFI-IFA,National film archive,https://ifiarchiveplayer.ie/,True,True,https://ifiarchiveplayer.ie/,IFI Archive Player,https://ifiarchiveplayer.ie/musgrave-tea-matchmaker/,musgrave tea matchmaker,IFI Archive Player film record,Public film-page metadata exposed by the IFI Archive Player. The permalink represents a public viewing/metadata surface; MAR does not download or redistribute the audiovisual media and does not infer a licence to reproduce it.,,musgrave tea matchmaker,,Patrimônio fílmico irlandês em acesso público,Streaming audiovisual institucional público
IFI Irish Film Archive,ifi-irish-film-archive,Ireland,Europe,IE-IFI-IFA,National film archive,https://ifiarchiveplayer.ie/,True,True,https://ifiarchiveplayer.ie/,IFI Archive Player,https://ifiarchiveplayer.ie/musgraves-tea-consistent/,musgraves tea consistent,IFI Archive Player film record,Public film-page metadata exposed by the IFI Archive Player. The permalink represents a public viewing/metadata surface; MAR does not download or redistribute the audiovisual media and does not infer a licence to reproduce it.,,musgraves tea consistent,,Patrimônio fílmico irlandês em acesso público,Streaming audiovisual institucional público
IFI Irish Film Archive,ifi-irish-film-archive,Ireland,Europe,IE-IFI-IFA,National film archive,https://ifiarchiveplayer.ie/,True,True,https://ifiarchiveplayer.ie/,IFI Archive Player,https://ifiarchiveplayer.ie/musgraves-tea-happy-reunion/,musgraves tea happy reunion,IFI Archive Player film record,Public film-page metadata exposed by the IFI Archive Player. The permalink represents a public viewing/metadata surface; MAR does not download or redistribute the audiovisual media and does not infer a licence to reproduce it.,,musgraves tea happy reunion,,Patrimônio fílmico irlandês em acesso público,Streaming audiovisual institucional público
IFI Irish Film Archive,ifi-irish-film-archive,Ireland,Europe,IE-IFI-IFA,National film archive,https://ifiarchiveplayer.ie/,True,True,https://ifiarchiveplayer.ie/,IFI Archive Player,https://ifiarchiveplayer.ie/my-life-for-ireland/,my life for ireland,IFI Archive Player film record,Public film-page metadata exposed by the IFI Archive Player. The permalink represents a public viewing/metadata surface; MAR does not download or redistribute the audiovisual media and does not infer a licence to reproduce it.,,my life for ireland,,Patrimônio fílmico irlandês em acesso público,Streaming audiovisual institucional público
IFI Irish Film Archive,ifi-irish-film-archive,Ireland,Europe,IE-IFI-IFA,National film archive,https://ifiarchiveplayer.ie/,True,True,https://ifiarchiveplayer.ie/,IFI Archive Player,https://ifiarchiveplayer.ie/naas-races-blessington-handicap-chase/,naas races blessington handicap chase,IFI Archive Player film record,Public film-page metadata exposed by the IFI Archive Player. The permalink represents a public viewing/metadata surface; MAR does not download or redistribute the audiovisual media and does not infer a licence to reproduce it.,,naas races blessington handicap chase,,Patrimônio fílmico irlandês em acesso público,Streaming audiovisual institucional público
IFI Irish Film Archive,ifi-irish-film-archive,Ireland,Europe,IE-IFI-IFA,National film archive,https://ifiarchiveplayer.ie/,True,True,https://ifiarchiveplayer.ie/,IFI Archive Player,https://ifiarchiveplayer.ie/national-stadium-bantam-weight-fights-hamrock-beats-noone/,national stadium bantam weight fights hamrock beats noone,IFI Archive Player film record,Public film-page metadata exposed by the IFI Archive Player. The permalink represents a public viewing/metadata surface; MAR does not download or redistribute the audiovisual media and does not infer a licence to reproduce it.,,national stadium bantam weight fights hamrock beats noone,,Patrimônio fílmico irlandês em acesso público,Streaming audiovisual institucional público
IFI Irish Film Archive,ifi-irish-film-archive,Ireland,Europe,IE-IFI-IFA,National film archive,https://ifiarchiveplayer.ie/,True,True,https://ifiarchiveplayer.ie/,IFI Archive Player,https://ifiarchiveplayer.ie/natural-festival/,natural festival,IFI Archive Player film record,Public film-page metadata exposed by the IFI Archive Player. The permalink represents a public viewing/metadata surface; MAR does not download or redistribute the audiovisual media and does not infer a licence to reproduce it.,,natural festival,,Patrimônio fílmico irlandês em acesso público,Streaming audiovisual institucional público
IFI Irish Film Archive,ifi-irish-film-archive,Ireland,Europe,IE-IFI-IFA,National film archive,https://ifiarchiveplayer.ie/,True,True,https://ifiarchiveplayer.ie/,IFI Archive Player,https://ifiarchiveplayer.ie/natural-party/,natural party,IFI Archive Player film record,Public film-page metadata exposed by the IFI Archive Player. The permalink represents a public viewing/metadata surface; MAR does not download or redistribute the audiovisual media and does not infer a licence to reproduce it.,,natural party,,Patrimônio fílmico irlandês em acesso público,Streaming audiovisual institucional público
IFI Irish Film Archive,ifi-irish-film-archive,Ireland,Europe,IE-IFI-IFA,National film archive,https://ifiarchiveplayer.ie/,True,True,https://ifiarchiveplayer.ie/,IFI Archive Player,https://ifiarchiveplayer.ie/natural-race/,natural race,IFI Archive Player film record,Public film-page metadata exposed by the IFI Archive Player. The permalink represents a public viewing/metadata surface; MAR does not download or redistribute the audiovisual media and does not infer a licence to reproduce it.,,natural race,,Patrimônio fílmico irlandês em acesso público,Streaming audiovisual institucional público
IFI Irish Film Archive,ifi-irish-film-archive,Ireland,Europe,IE-IFI-IFA,National film archive,https://ifiarchiveplayer.ie/,True,True,https://ifiarchiveplayer.ie/,IFI Archive Player,https://ifiarchiveplayer.ie/nebelung/,nebelung,IFI Archive Player film record,Public film-page metadata exposed by the IFI Archive Player. The permalink represents a public viewing/metadata surface; MAR does not download or redistribute the audiovisual media and does not infer a licence to reproduce it.,,nebelung,,Patrimônio fílmico irlandês em acesso público,Streaming audiovisual institucional público
IFI Irish Film Archive,ifi-irish-film-archive,Ireland,Europe,IE-IFI-IFA,National film archive,https://ifiarchiveplayer.ie/,True,True,https://ifiarchiveplayer.ie/,IFI Archive Player,https://ifiarchiveplayer.ie/new-1000-hp-diesel-engines-for-cie/,new 1000 hp diesel engines for cie,IFI Archive Player film record,Public film-page metadata exposed by the IFI Archive Player. The permalink represents a public viewing/metadata surface; MAR does not download or redistribute the audiovisual media and does not infer a licence to reproduce it.,,new 1000 hp diesel engines for cie,,Patrimônio fílmico irlandês em acesso público,Streaming audiovisual institucional público
IFI Irish Film Archive,ifi-irish-film-archive,Ireland,Europe,IE-IFI-IFA,National film archive,https://ifiarchiveplayer.ie/,True,True,https://ifiarchiveplayer.ie/,IFI Archive Player,https://ifiarchiveplayer.ie/new-american-ambassador-arrives-in-cobh/,new american ambassador arrives in cobh,IFI Archive Player film record,Public film-page metadata exposed by the IFI Archive Player. The permalink represents a public viewing/metadata surface; MAR does not download or redistribute the audiovisual media and does not infer a licence to reproduce it.,,new american ambassador arrives in cobh,,Patrimônio fílmico irlandês em acesso público,Streaming audiovisual institucional público
IFI Irish Film Archive,ifi-irish-film-archive,Ireland,Europe,IE-IFI-IFA,National film archive,https://ifiarchiveplayer.ie/,True,True,https://ifiarchiveplayer.ie/,IFI Archive Player,https://ifiarchiveplayer.ie/new-bi-ship-launched-by-kathleen-lemass/,new bi ship launched by kathleen lemass,IFI Archive Player film record,Public film-page metadata exposed by the IFI Archive Player. The permalink represents a public viewing/metadata surface; MAR does not download or redistribute the audiovisual media and does not infer a licence to reproduce it.,,new bi ship launched by kathleen lemass,,Patrimônio fílmico irlandês em acesso público,Streaming audiovisual institucional público
IFI Irish Film Archive,ifi-irish-film-archive,Ireland,Europe,IE-IFI-IFA,National film archive,https://ifiarchiveplayer.ie/,True,True,https://ifiarchiveplayer.ie/,IFI Archive Player,https://ifiarchiveplayer.ie/new-boy/,new boy,IFI Archive Player film record,Public film-page metadata exposed by the IFI Archive Player. The permalink represents a public viewing/metadata surface; MAR does not download or redistribute the audiovisual media and does not infer a licence to reproduce it.,,new boy,,Patrimônio fílmico irlandês em acesso público,Streaming audiovisual institucional público
IFI Irish Film Archive,ifi-irish-film-archive,Ireland,Europe,IE-IFI-IFA,National film archive,https://ifiarchiveplayer.ie/,True,True,https://ifiarchiveplayer.ie/,IFI Archive Player,https://ifiarchiveplayer.ie/new-cork-dockyard/,new cork dockyard,IFI Archive Player film record,Public film-page metadata exposed by the IFI Archive Player. The permalink represents a public viewing/metadata surface; MAR does not download or redistribute the audiovisual media and does not infer a licence to reproduce it.,,new cork dockyard,,Patrimônio fílmico irlandês em acesso público,Streaming audiovisual institucional público
IFI Irish Film Archive,ifi-irish-film-archive,Ireland,Europe,IE-IFI-IFA,National film archive,https://ifiarchiveplayer.ie/,True,True,https://ifiarchiveplayer.ie/,IFI Archive Player,https://ifiarchiveplayer.ie/new-look-for-air-hostesses/,new look for air hostesses,IFI Archive Player film record,Public film-page metadata exposed by the IFI Archive Player. The permalink represents a public viewing/metadata surface; MAR does not download or redistribute the audiovisual media and does not infer a licence to reproduce it.,,new look for air hostesses,,Patrimônio fílmico irlandês em acesso público,Streaming audiovisual institucional público
IFI Irish Film Archive,ifi-irish-film-archive,Ireland,Europe,IE-IFI-IFA,National film archive,https://ifiarchiveplayer.ie/,True,True,https://ifiarchiveplayer.ie/,IFI Archive Player,https://ifiarchiveplayer.ie/new-look-for-old-cabs-latest-addition/,new look for old cabs latest addition,IFI Archive Player film record,Public film-page metadata exposed by the IFI Archive Player. The permalink represents a public viewing/metadata surface; MAR does not download or redistribute the audiovisual media and does not infer a licence to reproduce it.,,new look for old cabs latest addition,,Patrimônio fílmico irlandês em acesso público,Streaming audiovisual institucional público
IFI Irish Film Archive,ifi-irish-film-archive,Ireland,Europe,IE-IFI-IFA,National film archive,https://ifiarchiveplayer.ie/,True,True,https://ifiarchiveplayer.ie/,IFI Archive Player,https://ifiarchiveplayer.ie/new-ross-national-ploughing-championships/,new ross national ploughing championships,IFI Archive Player film record,Public film-page metadata exposed by the IFI Archive Player. The permalink represents a public viewing/metadata surface; MAR does not download or redistribute the audiovisual media and does not infer a licence to reproduce it.,,new ross national ploughing championships,,Patrimônio fílmico irlandês em acesso público,Streaming audiovisual institucional público
IFI Irish Film Archive,ifi-irish-film-archive,Ireland,Europe,IE-IFI-IFA,National film archive,https://ifiarchiveplayer.ie/,True,True,https://ifiarchiveplayer.ie/,IFI Archive Player,https://ifiarchiveplayer.ie/new-trademark-for-donegal-tweed/,new trademark for donegal tweed,IFI Archive Player film record,Public film-page metadata exposed by the IFI Archive Player. The permalink represents a public viewing/metadata surface; MAR does not download or redistribute the audiovisual media and does not infer a licence to reproduce it.,,new trademark for donegal tweed,,Patrimônio fílmico irlandês em acesso público,Streaming audiovisual institucional público
IFI Irish Film Archive,ifi-irish-film-archive,Ireland,Europe,IE-IFI-IFA,National film archive,https://ifiarchiveplayer.ie/,True,True,https://ifiarchiveplayer.ie/,IFI Archive Player,https://ifiarchiveplayer.ie/new-year-sale-fever/,new year sale fever,IFI Archive Player film record,Public film-page metadata exposed by the IFI Archive Player. The permalink represents a public viewing/metadata surface; MAR does not download or redistribute the audiovisual media and does not infer a licence to reproduce it.,,new year sale fever,,Patrimônio fílmico irlandês em acesso público,Streaming audiovisual institucional público
IFI Irish Film Archive,ifi-irish-film-archive,Ireland,Europe,IE-IFI-IFA,National film archive,https://ifiarchiveplayer.ie/,True,True,https://ifiarchiveplayer.ie/,IFI Archive Player,https://ifiarchiveplayer.ie/new-years-coursing-at-nenagh/,new years coursing at nenagh,IFI Archive Player film record,Public film-page metadata exposed by the IFI Archive Player. The permalink represents a public viewing/metadata surface; MAR does not download or redistribute the audiovisual media and does not infer a licence to reproduce it.,,new years coursing at nenagh,,Patrimônio fílmico irlandês em acesso público,Streaming audiovisual institucional público
IFI Irish Film Archive,ifi-irish-film-archive,Ireland,Europe,IE-IFI-IFA,National film archive,https://ifiarchiveplayer.ie/,True,True,https://ifiarchiveplayer.ie/,IFI Archive Player,https://ifiarchiveplayer.ie/new-york-irish-airline-office-opened-on-5th-avenue/,new york irish airline office opened on 5th avenue,IFI Archive Player film record,Public film-page metadata exposed by the IFI Archive Player. The permalink represents a public viewing/metadata surface; MAR does not download or redistribute the audiovisual media and does not infer a licence to reproduce it.,,new york irish airline office opened on 5th avenue,,Patrimônio fílmico irlandês em acesso público,Streaming audiovisual institucional público
IFI Irish Film Archive,ifi-irish-film-archive,Ireland,Europe,IE-IFI-IFA,National film archive,https://ifiarchiveplayer.ie/,True,True,https://ifiarchiveplayer.ie/,IFI Archive Player,https://ifiarchiveplayer.ie/newtownards-ulster-table-tennis-championships/,newtownards ulster table tennis championships,IFI Archive Player film record,Public film-page metadata exposed by the IFI Archive Player. The permalink represents a public viewing/metadata surface; MAR does not download or redistribute the audiovisual media and does not infer a licence to reproduce it.,,newtownards ulster table tennis championships,,Patrimônio fílmico irlandês em acesso público,Streaming audiovisual institucional público
IFI Irish Film Archive,ifi-irish-film-archive,Ireland,Europe,IE-IFI-IFA,National film archive,https://ifiarchiveplayer.ie/,True,True,https://ifiarchiveplayer.ie/,IFI Archive Player,https://ifiarchiveplayer.ie/nigerian-independence-ball/,nigerian independence ball,IFI Archive Player film record,Public film-page metadata exposed by the IFI Archive Player. The permalink represents a public viewing/metadata surface; MAR does not download or redistribute the audiovisual media and does not infer a licence to reproduce it.,,nigerian independence ball,,Patrimônio fílmico irlandês em acesso público,Streaming audiovisual institucional público
IFI Irish Film Archive,ifi-irish-film-archive,Ireland,Europe,IE-IFI-IFA,National film archive,https://ifiarchiveplayer.ie/,True,True,https://ifiarchiveplayer.ie/,IFI Archive Player,https://ifiarchiveplayer.ie/nilfisk/,nilfisk,IFI Archive Player film record,Public film-page metadata exposed by the IFI Archive Player. The permalink represents a public viewing/metadata surface; MAR does not download or redistribute the audiovisual media and does not infer a licence to reproduce it.,,nilfisk,,Patrimônio fílmico irlandês em acesso público,Streaming audiovisual institucional público
IFI Irish Film Archive,ifi-irish-film-archive,Ireland,Europe,IE-IFI-IFA,National film archive,https://ifiarchiveplayer.ie/,True,True,https://ifiarchiveplayer.ie/,IFI Archive Player,https://ifiarchiveplayer.ie/no-demand/,no demand,IFI Archive Player film record,Public film-page metadata exposed by the IFI Archive Player. The permalink represents a public viewing/metadata surface; MAR does not download or redistribute the audiovisual media and does not infer a licence to reproduce it.,,no demand,,Patrimônio fílmico irlandês em acesso público,Streaming audiovisual institucional público
IFI Irish Film Archive,ifi-irish-film-archive,Ireland,Europe,IE-IFI-IFA,National film archive,https://ifiarchiveplayer.ie/,True,True,https://ifiarchiveplayer.ie/,IFI Archive Player,https://ifiarchiveplayer.ie/no-strings/,no strings,IFI Archive Player film record,Public film-page metadata exposed by the IFI Archive Player. The permalink represents a public viewing/metadata surface; MAR does not download or redistribute the audiovisual media and does not infer a licence to reproduce it.,,no strings,,Patrimônio fílmico irlandês em acesso público,Streaming audiovisual institucional público
IFI Irish Film Archive,ifi-irish-film-archive,Ireland,Europe,IE-IFI-IFA,National film archive,https://ifiarchiveplayer.ie/,True,True,https://ifiarchiveplayer.ie/,IFI Archive Player,https://ifiarchiveplayer.ie/noisy-party/,noisy party,IFI Archive Player film record,Public film-page metadata exposed by the IFI Archive Player. The permalink represents a public viewing/metadata surface; MAR does not download or redistribute the audiovisual media and does not infer a licence to reproduce it.,,noisy party,,Patrimônio fílmico irlandês em acesso público,Streaming audiovisual institucional público
IFI Irish Film Archive,ifi-irish-film-archive,Ireland,Europe,IE-IFI-IFA,National film archive,https://ifiarchiveplayer.ie/,True,True,https://ifiarchiveplayer.ie/,IFI Archive Player,https://ifiarchiveplayer.ie/north-kilkenny-point-to-point/,north kilkenny point to point,IFI Archive Player film record,Public film-page metadata exposed by the IFI Archive Player. The permalink represents a public viewing/metadata surface; MAR does not download or redistribute the audiovisual media and does not infer a licence to reproduce it.,,north kilkenny point to point,,Patrimônio fílmico irlandês em acesso público,Streaming audiovisual institucional público
IFI Irish Film Archive,ifi-irish-film-archive,Ireland,Europe,IE-IFI-IFA,National film archive,https://ifiarchiveplayer.ie/,True,True,https://ifiarchiveplayer.ie/,IFI Archive Player,https://ifiarchiveplayer.ie/not-a-bad-christmas/,not a bad christmas,IFI Archive Player film record,Public film-page metadata exposed by the IFI Archive Player. The permalink represents a public viewing/metadata surface; MAR does not download or redistribute the audiovisual media and does not infer a licence to reproduce it.,,not a bad christmas,,Patrimônio fílmico irlandês em acesso público,Streaming audiovisual institucional público
IFI Irish Film Archive,ifi-irish-film-archive,Ireland,Europe,IE-IFI-IFA,National film archive,https://ifiarchiveplayer.ie/,True,True,https://ifiarchiveplayer.ie/,IFI Archive Player,https://ifiarchiveplayer.ie/novel-road-safety-campaign/,novel road safety campaign,IFI Archive Player film record,Public film-page metadata exposed by the IFI Archive Player. The permalink represents a public viewing/metadata surface; MAR does not download or redistribute the audiovisual media and does not infer a licence to reproduce it.,,novel road safety campaign,,Patrimônio fílmico irlandês em acesso público,Streaming audiovisual institucional público
IFI Irish Film Archive,ifi-irish-film-archive,Ireland,Europe,IE-IFI-IFA,National film archive,https://ifiarchiveplayer.ie/,True,True,https://ifiarchiveplayer.ie/,IFI Archive Player,https://ifiarchiveplayer.ie/novena/,novena,IFI Archive Player film record,Public film-page metadata exposed by the IFI Archive Player. The permalink represents a public viewing/metadata surface; MAR does not download or redistribute the audiovisual media and does not infer a licence to reproduce it.,,novena,,Patrimônio fílmico irlandês em acesso público,Streaming audiovisual institucional público
IFI Irish Film Archive,ifi-irish-film-archive,Ireland,Europe,IE-IFI-IFA,National film archive,https://ifiarchiveplayer.ie/,True,True,https://ifiarchiveplayer.ie/,IFI Archive Player,https://ifiarchiveplayer.ie/nypd-nude/,nypd nude,IFI Archive Player film record,Public film-page metadata exposed by the IFI Archive Player. The permalink represents a public viewing/metadata surface; MAR does not download or redistribute the audiovisual media and does not infer a licence to reproduce it.,,nypd nude,,Patrimônio fílmico irlandês em acesso público,Streaming audiovisual institucional público
IFI Irish Film Archive,ifi-irish-film-archive,Ireland,Europe,IE-IFI-IFA,National film archive,https://ifiarchiveplayer.ie/,True,True,https://ifiarchiveplayer.ie/,IFI Archive Player,https://ifiarchiveplayer.ie/occasional-officers-see-gael-linn-project-bundoran/,occasional officers see gael linn project bundoran,IFI Archive Player film record,Public film-page metadata exposed by the IFI Archive Player. The permalink represents a public viewing/metadata surface; MAR does not download or redistribute the audiovisual media and does not infer a licence to reproduce it.,,occasional officers see gael linn project bundoran,,Patrimônio fílmico irlandês em acesso público,Streaming audiovisual institucional público
IFI Irish Film Archive,ifi-irish-film-archive,Ireland,Europe,IE-IFI-IFA,National film archive,https://ifiarchiveplayer.ie/,True,True,https://ifiarchiveplayer.ie/,IFI Archive Player,https://ifiarchiveplayer.ie/ocras/,ocras,IFI Archive Player film record,Public film-page metadata exposed by the IFI Archive Player. The permalink represents a public viewing/metadata surface; MAR does not download or redistribute the audiovisual media and does not infer a licence to reproduce it.,,ocras,,Patrimônio fílmico irlandês em acesso público,Streaming audiovisual institucional público
IFI Irish Film Archive,ifi-irish-film-archive,Ireland,Europe,IE-IFI-IFA,National film archive,https://ifiarchiveplayer.ie/,True,True,https://ifiarchiveplayer.ie/,IFI Archive Player,https://ifiarchiveplayer.ie/odlums-christmas/,odlums christmas,IFI Archive Player film record,Public film-page metadata exposed by the IFI Archive Player. The permalink represents a public viewing/metadata surface; MAR does not download or redistribute the audiovisual media and does not infer a licence to reproduce it.,,odlums christmas,,Patrimônio fílmico irlandês em acesso público,Streaming audiovisual institucional público
IFI Irish Film Archive,ifi-irish-film-archive,Ireland,Europe,IE-IFI-IFA,National film archive,https://ifiarchiveplayer.ie/,True,True,https://ifiarchiveplayer.ie/,IFI Archive Player,https://ifiarchiveplayer.ie/odlums-cream-flour/,odlums cream flour,IFI Archive Player film record,Public film-page metadata exposed by the IFI Archive Player. The permalink represents a public viewing/metadata surface; MAR does not download or redistribute the audiovisual media and does not infer a licence to reproduce it.,,odlums cream flour,,Patrimônio fílmico irlandês em acesso público,Streaming audiovisual institucional público
IFI Irish Film Archive,ifi-irish-film-archive,Ireland,Europe,IE-IFI-IFA,National film archive,https://ifiarchiveplayer.ie/,True,True,https://ifiarchiveplayer.ie/,IFI Archive Player,https://ifiarchiveplayer.ie/odlums-flour-power/,odlums flour power,IFI Archive Player film record,Public film-page metadata exposed by the IFI Archive Player. The permalink represents a public viewing/metadata surface; MAR does not download or redistribute the audiovisual media and does not infer a licence to reproduce it.,,odlums flour power,,Patrimônio fílmico irlandês em acesso público,Streaming audiovisual institucional público
IFI Irish Film Archive,ifi-irish-film-archive,Ireland,Europe,IE-IFI-IFA,National film archive,https://ifiarchiveplayer.ie/,True,True,https://ifiarchiveplayer.ie/,IFI Archive Player,https://ifiarchiveplayer.ie/odlums-heaven-only-knows/,odlums heaven only knows,IFI Archive Player film record,Public film-page metadata exposed by the IFI Archive Player. The permalink represents a public viewing/metadata surface; MAR does not download or redistribute the audiovisual media and does not infer a licence to reproduce it.,,odlums heaven only knows,,Patrimônio fílmico irlandês em acesso público,Streaming audiovisual institucional público
IFI Irish Film Archive,ifi-irish-film-archive,Ireland,Europe,IE-IFI-IFA,National film archive,https://ifiarchiveplayer.ie/,True,True,https://ifiarchiveplayer.ie/,IFI Archive Player,https://ifiarchiveplayer.ie/odlums-patricia-sullivan/,odlums patricia sullivan,IFI Archive Player film record,Public film-page metadata exposed by the IFI Archive Player. The permalink represents a public viewing/metadata surface; MAR does not download or redistribute the audiovisual media and does not infer a licence to reproduce it.,,odlums patricia sullivan,,Patrimônio fílmico irlandês em acesso público,Streaming audiovisual institucional público
IFI Irish Film Archive,ifi-irish-film-archive,Ireland,Europe,IE-IFI-IFA,National film archive,https://ifiarchiveplayer.ie/,True,True,https://ifiarchiveplayer.ie/,IFI Archive Player,https://ifiarchiveplayer.ie/odlums-self-raising/,odlums self raising,IFI Archive Player film record,Public film-page metadata exposed by the IFI Archive Player. The permalink represents a public viewing/metadata surface; MAR does not download or redistribute the audiovisual media and does not infer a licence to reproduce it.,,odlums self raising,,Patrimônio fílmico irlandês em acesso público,Streaming audiovisual institucional público
IFI Irish Film Archive,ifi-irish-film-archive,Ireland,Europe,IE-IFI-IFA,National film archive,https://ifiarchiveplayer.ie/,True,True,https://ifiarchiveplayer.ie/,IFI Archive Player,https://ifiarchiveplayer.ie/odorono-american-woman/,odorono american woman,IFI Archive Player film record,Public film-page metadata exposed by the IFI Archive Player. The permalink represents a public viewing/metadata surface; MAR does not download or redistribute the audiovisual media and does not infer a licence to reproduce it.,,odorono american woman,,Patrimônio fílmico irlandês em acesso público,Streaming audiovisual institucional público
IFI Irish Film Archive,ifi-irish-film-archive,Ireland,Europe,IE-IFI-IFA,National film archive,https://ifiarchiveplayer.ie/,True,True,https://ifiarchiveplayer.ie/,IFI Archive Player,https://ifiarchiveplayer.ie/odorono-like-a-girl/,odorono like a girl,IFI Archive Player film record,Public film-page metadata exposed by the IFI Archive Player. The permalink represents a public viewing/metadata surface; MAR does not download or redistribute the audiovisual media and does not infer a licence to reproduce it.,,odorono like a girl,,Patrimônio fílmico irlandês em acesso público,Streaming audiovisual institucional público
IFI Irish Film Archive,ifi-irish-film-archive,Ireland,Europe,IE-IFI-IFA,National film archive,https://ifiarchiveplayer.ie/,True,True,https://ifiarchiveplayer.ie/,IFI Archive Player,https://ifiarchiveplayer.ie/off-beat/,off beat,IFI Archive Player film record,Public film-page metadata exposed by the IFI Archive Player. The permalink represents a public viewing/metadata surface; MAR does not download or redistribute the audiovisual media and does not infer a licence to reproduce it.,,off beat,,Patrimônio fílmico irlandês em acesso público,Streaming audiovisual institucional público
IFI Irish Film Archive,ifi-irish-film-archive,Ireland,Europe,IE-IFI-IFA,National film archive,https://ifiarchiveplayer.ie/,True,True,https://ifiarchiveplayer.ie/,IFI Archive Player,https://ifiarchiveplayer.ie/oireachtas-week-gatherings/,oireachtas week gatherings,IFI Archive Player film record,Public film-page metadata exposed by the IFI Archive Player. The permalink represents a public viewing/metadata surface; MAR does not download or redistribute the audiovisual media and does not infer a licence to reproduce it.,,oireachtas week gatherings,,Patrimônio fílmico irlandês em acesso público,Streaming audiovisual institucional público
IFI Irish Film Archive,ifi-irish-film-archive,Ireland,Europe,IE-IFI-IFA,National film archive,https://ifiarchiveplayer.ie/,True,True,https://ifiarchiveplayer.ie/,IFI Archive Player,https://ifiarchiveplayer.ie/oisin-son-of-fionn-mac-cumhaill/,oisin son of fionn mac cumhaill,IFI Archive Player film record,Public film-page metadata exposed by the IFI Archive Player. The permalink represents a public viewing/metadata surface; MAR does not download or redistribute the audiovisual media and does not infer a licence to reproduce it.,,oisin son of fionn mac cumhaill,,Patrimônio fílmico irlandês em acesso público,Streaming audiovisual institucional público
IFI Irish Film Archive,ifi-irish-film-archive,Ireland,Europe,IE-IFI-IFA,National film archive,https://ifiarchiveplayer.ie/,True,True,https://ifiarchiveplayer.ie/,IFI Archive Player,https://ifiarchiveplayer.ie/old-fangs/,old fangs,IFI Archive Player film record,Public film-page metadata exposed by the IFI Archive Player. The permalink represents a public viewing/metadata surface; MAR does not download or redistribute the audiovisual media and does not infer a licence to reproduce it.,,old fangs,,Patrimônio fílmico irlandês em acesso público,Streaming audiovisual institucional público
IFI Irish Film Archive,ifi-irish-film-archive,Ireland,Europe,IE-IFI-IFA,National film archive,https://ifiarchiveplayer.ie/,True,True,https://ifiarchiveplayer.ie/,IFI Archive Player,https://ifiarchiveplayer.ie/open-cast-mining-with-worlds-largest-excavator/,open cast mining with worlds largest excavator,IFI Archive Player film record,Public film-page metadata exposed by the IFI Archive Player. The permalink represents a public viewing/metadata surface; MAR does not download or redistribute the audiovisual media and does not infer a licence to reproduce it.,,open cast mining with worlds largest excavator,,Patrimônio fílmico irlandês em acesso público,Streaming audiovisual institucional público
IFI Irish Film Archive,ifi-irish-film-archive,Ireland,Europe,IE-IFI-IFA,National film archive,https://ifiarchiveplayer.ie/,True,True,https://ifiarchiveplayer.ie/,IFI Archive Player,https://ifiarchiveplayer.ie/orangemen-demonstrate/,orangemen demonstrate,IFI Archive Player film record,Public film-page metadata exposed by the IFI Archive Player. The permalink represents a public viewing/metadata surface; MAR does not download or redistribute the audiovisual media and does not infer a licence to reproduce it.,,orangemen demonstrate,,Patrimônio fílmico irlandês em acesso público,Streaming audiovisual institucional público
IFI Irish Film Archive,ifi-irish-film-archive,Ireland,Europe,IE-IFI-IFA,National film archive,https://ifiarchiveplayer.ie/,True,True,https://ifiarchiveplayer.ie/,IFI Archive Player,https://ifiarchiveplayer.ie/orchestra-2/,orchestra 2,IFI Archive Player film record,Public film-page metadata exposed by the IFI Archive Player. The permalink represents a public viewing/metadata surface; MAR does not download or redistribute the audiovisual media and does not infer a licence to reproduce it.,,orchestra 2,,Patrimônio fílmico irlandês em acesso público,Streaming audiovisual institucional público
IFI Irish Film Archive,ifi-irish-film-archive,Ireland,Europe,IE-IFI-IFA,National film archive,https://ifiarchiveplayer.ie/,True,True,https://ifiarchiveplayer.ie/,IFI Archive Player,https://ifiarchiveplayer.ie/our-boys-stories/,our boys stories,IFI Archive Player film record,Public film-page metadata exposed by the IFI Archive Player. The permalink represents a public viewing/metadata surface; MAR does not download or redistribute the audiovisual media and does not infer a licence to reproduce it.,,our boys stories,,Patrimônio fílmico irlandês em acesso público,Streaming audiovisual institucional público
IFI Irish Film Archive,ifi-irish-film-archive,Ireland,Europe,IE-IFI-IFA,National film archive,https://ifiarchiveplayer.ie/,True,True,https://ifiarchiveplayer.ie/,IFI Archive Player,https://ifiarchiveplayer.ie/our-congo-dead-the-last-journey/,our congo dead the last journey,IFI Archive Player film record,Public film-page metadata exposed by the IFI Archive Player. The permalink represents a public viewing/metadata surface; MAR does not download or redistribute the audiovisual media and does not infer a licence to reproduce it.,,our congo dead the last journey,,Patrimônio fílmico irlandês em acesso público,Streaming audiovisual institucional público
IFI Irish Film Archive,ifi-irish-film-archive,Ireland,Europe,IE-IFI-IFA,National film archive,https://ifiarchiveplayer.ie/,True,True,https://ifiarchiveplayer.ie/,IFI Archive Player,https://ifiarchiveplayer.ie/our-neighbours-children/,our neighbours children,IFI Archive Player film record,Public film-page metadata exposed by the IFI Archive Player. The permalink represents a public viewing/metadata surface; MAR does not download or redistribute the audiovisual media and does not infer a licence to reproduce it.,,our neighbours children,,Patrimônio fílmico irlandês em acesso público,Streaming audiovisual institucional público
IFI Irish Film Archive,ifi-irish-film-archive,Ireland,Europe,IE-IFI-IFA,National film archive,https://ifiarchiveplayer.ie/,True,True,https://ifiarchiveplayer.ie/,IFI Archive Player,https://ifiarchiveplayer.ie/over-sixty/,over sixty,IFI Archive Player film record,Public film-page metadata exposed by the IFI Archive Player. The permalink represents a public viewing/metadata surface; MAR does not download or redistribute the audiovisual media and does not infer a licence to reproduce it.,,over sixty,,Patrimônio fílmico irlandês em acesso público,Streaming audiovisual institucional público
IFI Irish Film Archive,ifi-irish-film-archive,Ireland,Europe,IE-IFI-IFA,National film archive,https://ifiarchiveplayer.ie/,True,True,https://ifiarchiveplayer.ie/,IFI Archive Player,https://ifiarchiveplayer.ie/paisti-ag-obair/,paisti ag obair,IFI Archive Player film record,Public film-page metadata exposed by the IFI Archive Player. The permalink represents a public viewing/metadata surface; MAR does not download or redistribute the audiovisual media and does not infer a licence to reproduce it.,,paisti ag obair,,Patrimônio fílmico irlandês em acesso público,Streaming audiovisual institucional público
IFI Irish Film Archive,ifi-irish-film-archive,Ireland,Europe,IE-IFI-IFA,National film archive,https://ifiarchiveplayer.ie/,True,True,https://ifiarchiveplayer.ie/,IFI Archive Player,https://ifiarchiveplayer.ie/panto-time-cinderella-comes-to-crumlin/,panto time cinderella comes to crumlin,IFI Archive Player film record,Public film-page metadata exposed by the IFI Archive Player. The permalink represents a public viewing/metadata surface; MAR does not download or redistribute the audiovisual media and does not infer a licence to reproduce it.,,panto time cinderella comes to crumlin,,Patrimônio fílmico irlandês em acesso público,Streaming audiovisual institucional público
IFI Irish Film Archive,ifi-irish-film-archive,Ireland,Europe,IE-IFI-IFA,National film archive,https://ifiarchiveplayer.ie/,True,True,https://ifiarchiveplayer.ie/,IFI Archive Player,https://ifiarchiveplayer.ie/parade/,parade,IFI Archive Player film record,Public film-page metadata exposed by the IFI Archive Player. The permalink represents a public viewing/metadata surface; MAR does not download or redistribute the audiovisual media and does not infer a licence to reproduce it.,,parade,,Patrimônio fílmico irlandês em acesso público,Streaming audiovisual institucional público
IFI Irish Film Archive,ifi-irish-film-archive,Ireland,Europe,IE-IFI-IFA,National film archive,https://ifiarchiveplayer.ie/,True,True,https://ifiarchiveplayer.ie/,IFI Archive Player,https://ifiarchiveplayer.ie/pat-collins-introduction/,pat collins introduction,IFI Archive Player film record,Public film-page metadata exposed by the IFI Archive Player. The permalink represents a public viewing/metadata surface; MAR does not download or redistribute the audiovisual media and does not infer a licence to reproduce it.,,pat collins introduction,,Patrimônio fílmico irlandês em acesso público,Streaming audiovisual institucional público
IFI Irish Film Archive,ifi-irish-film-archive,Ireland,Europe,IE-IFI-IFA,National film archive,https://ifiarchiveplayer.ie/,True,True,https://ifiarchiveplayer.ie/,IFI Archive Player,https://ifiarchiveplayer.ie/patrick-kavanagh-grand-canal/,patrick kavanagh grand canal,IFI Archive Player film record,Public film-page metadata exposed by the IFI Archive Player. The permalink represents a public viewing/metadata surface; MAR does not download or redistribute the audiovisual media and does not infer a licence to reproduce it.,,patrick kavanagh grand canal,,Patrimônio fílmico irlandês em acesso público,Streaming audiovisual institucional público
IFI Irish Film Archive,ifi-irish-film-archive,Ireland,Europe,IE-IFI-IFA,National film archive,https://ifiarchiveplayer.ie/,True,True,https://ifiarchiveplayer.ie/,IFI Archive Player,https://ifiarchiveplayer.ie/patrick-kavanagh-jimmy-kelly/,patrick kavanagh jimmy kelly,IFI Archive Player film record,Public film-page metadata exposed by the IFI Archive Player. The permalink represents a public viewing/metadata surface; MAR does not download or redistribute the audiovisual media and does not infer a licence to reproduce it.,,patrick kavanagh jimmy kelly,,Patrimônio fílmico irlandês em acesso público,Streaming audiovisual institucional público
IFI Irish Film Archive,ifi-irish-film-archive,Ireland,Europe,IE-IFI-IFA,National film archive,https://ifiarchiveplayer.ie/,True,True,https://ifiarchiveplayer.ie/,IFI Archive Player,https://ifiarchiveplayer.ie/patrick-kavanagh-paul-durcan/,patrick kavanagh paul durcan,IFI Archive Player film record,Public film-page metadata exposed by the IFI Archive Player. The permalink represents a public viewing/metadata surface; MAR does not download or redistribute the audiovisual media and does not infer a licence to reproduce it.,,patrick kavanagh paul durcan,,Patrimônio fílmico irlandês em acesso público,Streaming audiovisual institucional público
IFI Irish Film Archive,ifi-irish-film-archive,Ireland,Europe,IE-IFI-IFA,National film archive,https://ifiarchiveplayer.ie/,True,True,https://ifiarchiveplayer.ie/,IFI Archive Player,https://ifiarchiveplayer.ie/patrick-kavanagh-theo-dorgan/,patrick kavanagh theo dorgan,IFI Archive Player film record,Public film-page metadata exposed by the IFI Archive Player. The permalink represents a public viewing/metadata surface; MAR does not download or redistribute the audiovisual media and does not infer a licence to reproduce it.,,patrick kavanagh theo dorgan,,Patrimônio fílmico irlandês em acesso público,Streaming audiovisual institucional público
IFI Irish Film Archive,ifi-irish-film-archive,Ireland,Europe,IE-IFI-IFA,National film archive,https://ifiarchiveplayer.ie/,True,True,https://ifiarchiveplayer.ie/,IFI Archive Player,https://ifiarchiveplayer.ie/patrick-scott-cinematography/,patrick scott cinematography,IFI Archive Player film record,Public film-page metadata exposed by the IFI Archive Player. The permalink represents a public viewing/metadata surface; MAR does not download or redistribute the audiovisual media and does not infer a licence to reproduce it.,,patrick scott cinematography,,Patrimônio fílmico irlandês em acesso público,Streaming audiovisual institucional público
IFI Irish Film Archive,ifi-irish-film-archive,Ireland,Europe,IE-IFI-IFA,National film archive,https://ifiarchiveplayer.ie/,True,True,https://ifiarchiveplayer.ie/,IFI Archive Player,https://ifiarchiveplayer.ie/patrick-scott-outtakes-cats/,patrick scott outtakes cats,IFI Archive Player film record,Public film-page metadata exposed by the IFI Archive Player. The permalink represents a public viewing/metadata surface; MAR does not download or redistribute the audiovisual media and does not infer a licence to reproduce it.,,patrick scott outtakes cats,,Patrimônio fílmico irlandês em acesso público,Streaming audiovisual institucional público
IFI Irish Film Archive,ifi-irish-film-archive,Ireland,Europe,IE-IFI-IFA,National film archive,https://ifiarchiveplayer.ie/,True,True,https://ifiarchiveplayer.ie/,IFI Archive Player,https://ifiarchiveplayer.ie/patrick-scott-the-making/,patrick scott the making,IFI Archive Player film record,Public film-page metadata exposed by the IFI Archive Player. The permalink represents a public viewing/metadata surface; MAR does not download or redistribute the audiovisual media and does not infer a licence to reproduce it.,,patrick scott the making,,Patrimônio fílmico irlandês em acesso público,Streaming audiovisual institucional público
IFI Irish Film Archive,ifi-irish-film-archive,Ireland,Europe,IE-IFI-IFA,National film archive,https://ifiarchiveplayer.ie/,True,True,https://ifiarchiveplayer.ie/,IFI Archive Player,https://ifiarchiveplayer.ie/patrick_kavanagh/,patrick_kavanagh,IFI Archive Player film record,Public film-page metadata exposed by the IFI Archive Player. The permalink represents a public viewing/metadata surface; MAR does not download or redistribute the audiovisual media and does not infer a licence to reproduce it.,,patrick_kavanagh,,Patrimônio fílmico irlandês em acesso público,Streaming audiovisual institucional público
IFI Irish Film Archive,ifi-irish-film-archive,Ireland,Europe,IE-IFI-IFA,National film archive,https://ifiarchiveplayer.ie/,True,True,https://ifiarchiveplayer.ie/,IFI Archive Player,https://ifiarchiveplayer.ie/patrick_scott/,patrick_scott,IFI Archive Player film record,Public film-page metadata exposed by the IFI Archive Player. The permalink represents a public viewing/metadata surface; MAR does not download or redistribute the audiovisual media and does not infer a licence to reproduce it.,,patrick_scott,,Patrimônio fílmico irlandês em acesso público,Streaming audiovisual institucional público
IFI Irish Film Archive,ifi-irish-film-archive,Ireland,Europe,IE-IFI-IFA,National film archive,https://ifiarchiveplayer.ie/,True,True,https://ifiarchiveplayer.ie/,IFI Archive Player,https://ifiarchiveplayer.ie/peace-council-at-the-palace-pathe/,peace council at the palace pathe,IFI Archive Player film record,Public film-page metadata exposed by the IFI Archive Player. The permalink represents a public viewing/metadata surface; MAR does not download or redistribute the audiovisual media and does not infer a licence to reproduce it.,,peace council at the palace pathe,,Patrimônio fílmico irlandês em acesso público,Streaming audiovisual institucional público
IFI Irish Film Archive,ifi-irish-film-archive,Ireland,Europe,IE-IFI-IFA,National film archive,https://ifiarchiveplayer.ie/,True,True,https://ifiarchiveplayer.ie/,IFI Archive Player,https://ifiarchiveplayer.ie/penneys/,penneys,IFI Archive Player film record,Public film-page metadata exposed by the IFI Archive Player. The permalink represents a public viewing/metadata surface; MAR does not download or redistribute the audiovisual media and does not infer a licence to reproduce it.,,penneys,,Patrimônio fílmico irlandês em acesso público,Streaming audiovisual institucional público
IFI Irish Film Archive,ifi-irish-film-archive,Ireland,Europe,IE-IFI-IFA,National film archive,https://ifiarchiveplayer.ie/,True,True,https://ifiarchiveplayer.ie/,IFI Archive Player,https://ifiarchiveplayer.ie/perfect-rugby/,perfect rugby,IFI Archive Player film record,Public film-page metadata exposed by the IFI Archive Player. The permalink represents a public viewing/metadata surface; MAR does not download or redistribute the audiovisual media and does not infer a licence to reproduce it.,,perfect rugby,,Patrimônio fílmico irlandês em acesso público,Streaming audiovisual institucional público
IFI Irish Film Archive,ifi-irish-film-archive,Ireland,Europe,IE-IFI-IFA,National film archive,https://ifiarchiveplayer.ie/,True,True,https://ifiarchiveplayer.ie/,IFI Archive Player,https://ifiarchiveplayer.ie/pg-tips-auntie-maud/,pg tips auntie maud,IFI Archive Player film record,Public film-page metadata exposed by the IFI Archive Player. The permalink represents a public viewing/metadata surface; MAR does not download or redistribute the audiovisual media and does not infer a licence to reproduce it.,,pg tips auntie maud,,Patrimônio fílmico irlandês em acesso público,Streaming audiovisual institucional público
IFI Irish Film Archive,ifi-irish-film-archive,Ireland,Europe,IE-IFI-IFA,National film archive,https://ifiarchiveplayer.ie/,True,True,https://ifiarchiveplayer.ie/,IFI Archive Player,https://ifiarchiveplayer.ie/pg-tips-career-woman/,pg tips career woman,IFI Archive Player film record,Public film-page metadata exposed by the IFI Archive Player. The permalink represents a public viewing/metadata surface; MAR does not download or redistribute the audiovisual media and does not infer a licence to reproduce it.,,pg tips career woman,,Patrimônio fílmico irlandês em acesso público,Streaming audiovisual institucional público
IFI Irish Film Archive,ifi-irish-film-archive,Ireland,Europe,IE-IFI-IFA,National film archive,https://ifiarchiveplayer.ie/,True,True,https://ifiarchiveplayer.ie/,IFI Archive Player,https://ifiarchiveplayer.ie/pg-tips-chris-curan/,pg tips chris curan,IFI Archive Player film record,Public film-page metadata exposed by the IFI Archive Player. The permalink represents a public viewing/metadata surface; MAR does not download or redistribute the audiovisual media and does not infer a licence to reproduce it.,,pg tips chris curan,,Patrimônio fílmico irlandês em acesso público,Streaming audiovisual institucional público
IFI Irish Film Archive,ifi-irish-film-archive,Ireland,Europe,IE-IFI-IFA,National film archive,https://ifiarchiveplayer.ie/,True,True,https://ifiarchiveplayer.ie/,IFI Archive Player,https://ifiarchiveplayer.ie/pg-tips-dorothy-tubridy/,pg tips dorothy tubridy,IFI Archive Player film record,Public film-page metadata exposed by the IFI Archive Player. The permalink represents a public viewing/metadata surface; MAR does not download or redistribute the audiovisual media and does not infer a licence to reproduce it.,,pg tips dorothy tubridy,,Patrimônio fílmico irlandês em acesso público,Streaming audiovisual institucional público
IFI Irish Film Archive,ifi-irish-film-archive,Ireland,Europe,IE-IFI-IFA,National film archive,https://ifiarchiveplayer.ie/,True,True,https://ifiarchiveplayer.ie/,IFI Archive Player,https://ifiarchiveplayer.ie/pg-tips-kathleen-watkins/,pg tips kathleen watkins,IFI Archive Player film record,Public film-page metadata exposed by the IFI Archive Player. The permalink represents a public viewing/metadata surface; MAR does not download or redistribute the audiovisual media and does not infer a licence to reproduce it.,,pg tips kathleen watkins,,Patrimônio fílmico irlandês em acesso público,Streaming audiovisual institucional público
IFI Irish Film Archive,ifi-irish-film-archive,Ireland,Europe,IE-IFI-IFA,National film archive,https://ifiarchiveplayer.ie/,True,True,https://ifiarchiveplayer.ie/,IFI Archive Player,https://ifiarchiveplayer.ie/pg-tips-tea-time/,pg tips tea time,IFI Archive Player film record,Public film-page metadata exposed by the IFI Archive Player. The permalink represents a public viewing/metadata surface; MAR does not download or redistribute the audiovisual media and does not infer a licence to reproduce it.,,pg tips tea time,,Patrimônio fílmico irlandês em acesso público,Streaming audiovisual institucional público
IFI Irish Film Archive,ifi-irish-film-archive,Ireland,Europe,IE-IFI-IFA,National film archive,https://ifiarchiveplayer.ie/,True,True,https://ifiarchiveplayer.ie/,IFI Archive Player,https://ifiarchiveplayer.ie/philomenas-story/,philomenas story,IFI Archive Player film record,Public film-page metadata exposed by the IFI Archive Player. The permalink represents a public viewing/metadata surface; MAR does not download or redistribute the audiovisual media and does not infer a licence to reproduce it.,,philomenas story,,Patrimônio fílmico irlandês em acesso público,Streaming audiovisual institucional público
IFI Irish Film Archive,ifi-irish-film-archive,Ireland,Europe,IE-IFI-IFA,National film archive,https://ifiarchiveplayer.ie/,True,True,https://ifiarchiveplayer.ie/,IFI Archive Player,https://ifiarchiveplayer.ie/phoenix-best-seller/,phoenix best seller,IFI Archive Player film record,Public film-page metadata exposed by the IFI Archive Player. The permalink represents a public viewing/metadata surface; MAR does not download or redistribute the audiovisual media and does not infer a licence to reproduce it.,,phoenix best seller,,Patrimônio fílmico irlandês em acesso público,Streaming audiovisual institucional público
IFI Irish Film Archive,ifi-irish-film-archive,Ireland,Europe,IE-IFI-IFA,National film archive,https://ifiarchiveplayer.ie/,True,True,https://ifiarchiveplayer.ie/,IFI Archive Player,https://ifiarchiveplayer.ie/phoenix-come-in/,phoenix come in,IFI Archive Player film record,Public film-page metadata exposed by the IFI Archive Player. The permalink represents a public viewing/metadata surface; MAR does not download or redistribute the audiovisual media and does not infer a licence to reproduce it.,,phoenix come in,,Patrimônio fílmico irlandês em acesso público,Streaming audiovisual institucional público
IFI Irish Film Archive,ifi-irish-film-archive,Ireland,Europe,IE-IFI-IFA,National film archive,https://ifiarchiveplayer.ie/,True,True,https://ifiarchiveplayer.ie/,IFI Archive Player,https://ifiarchiveplayer.ie/phoenix-easy/,phoenix easy,IFI Archive Player film record,Public film-page metadata exposed by the IFI Archive Player. The permalink represents a public viewing/metadata surface; MAR does not download or redistribute the audiovisual media and does not infer a licence to reproduce it.,,phoenix easy,,Patrimônio fílmico irlandês em acesso público,Streaming audiovisual institucional público
IFI Irish Film Archive,ifi-irish-film-archive,Ireland,Europe,IE-IFI-IFA,National film archive,https://ifiarchiveplayer.ie/,True,True,https://ifiarchiveplayer.ie/,IFI Archive Player,https://ifiarchiveplayer.ie/phoenix-empty-glass/,phoenix empty glass,IFI Archive Player film record,Public film-page metadata exposed by the IFI Archive Player. The permalink represents a public viewing/metadata surface; MAR does not download or redistribute the audiovisual media and does not infer a licence to reproduce it.,,phoenix empty glass,,Patrimônio fílmico irlandês em acesso público,Streaming audiovisual institucional público
IFI Irish Film Archive,ifi-irish-film-archive,Ireland,Europe,IE-IFI-IFA,National film archive,https://ifiarchiveplayer.ie/,True,True,https://ifiarchiveplayer.ie/,IFI Archive Player,https://ifiarchiveplayer.ie/phoenix-experience/,phoenix experience,IFI Archive Player film record,Public film-page metadata exposed by the IFI Archive Player. The permalink represents a public viewing/metadata surface; MAR does not download or redistribute the audiovisual media and does not infer a licence to reproduce it.,,phoenix experience,,Patrimônio fílmico irlandês em acesso público,Streaming audiovisual institucional público
IFI Irish Film Archive,ifi-irish-film-archive,Ireland,Europe,IE-IFI-IFA,National film archive,https://ifiarchiveplayer.ie/,True,True,https://ifiarchiveplayer.ie/,IFI Archive Player,https://ifiarchiveplayer.ie/phoenix-fish-in-the-sea/,phoenix fish in the sea,IFI Archive Player film record,Public film-page metadata exposed by the IFI Archive Player. The permalink represents a public viewing/metadata surface; MAR does not download or redistribute the audiovisual media and does not infer a licence to reproduce it.,,phoenix fish in the sea,,Patrimônio fílmico irlandês em acesso público,Streaming audiovisual institucional público
IFI Irish Film Archive,ifi-irish-film-archive,Ireland,Europe,IE-IFI-IFA,National film archive,https://ifiarchiveplayer.ie/,True,True,https://ifiarchiveplayer.ie/,IFI Archive Player,https://ifiarchiveplayer.ie/phoenix-glass-dance/,phoenix glass dance,IFI Archive Player film record,Public film-page metadata exposed by the IFI Archive Player. The permalink represents a public viewing/metadata surface; MAR does not download or redistribute the audiovisual media and does not infer a licence to reproduce it.,,phoenix glass dance,,Patrimônio fílmico irlandês em acesso público,Streaming audiovisual institucional público
IFI Irish Film Archive,ifi-irish-film-archive,Ireland,Europe,IE-IFI-IFA,National film archive,https://ifiarchiveplayer.ie/,True,True,https://ifiarchiveplayer.ie/,IFI Archive Player,https://ifiarchiveplayer.ie/phoenix-malachi/,phoenix malachi,IFI Archive Player film record,Public film-page metadata exposed by the IFI Archive Player. The permalink represents a public viewing/metadata surface; MAR does not download or redistribute the audiovisual media and does not infer a licence to reproduce it.,,phoenix malachi,,Patrimônio fílmico irlandês em acesso público,Streaming audiovisual institucional público
IFI Irish Film Archive,ifi-irish-film-archive,Ireland,Europe,IE-IFI-IFA,National film archive,https://ifiarchiveplayer.ie/,True,True,https://ifiarchiveplayer.ie/,IFI Archive Player,https://ifiarchiveplayer.ie/phoenix-mans-best-friend/,phoenix mans best friend,IFI Archive Player film record,Public film-page metadata exposed by the IFI Archive Player. The permalink represents a public viewing/metadata surface; MAR does not download or redistribute the audiovisual media and does not infer a licence to reproduce it.,,phoenix mans best friend,,Patrimônio fílmico irlandês em acesso público,Streaming audiovisual institucional público
IFI Irish Film Archive,ifi-irish-film-archive,Ireland,Europe,IE-IFI-IFA,National film archive,https://ifiarchiveplayer.ie/,True,True,https://ifiarchiveplayer.ie/,IFI Archive Player,https://ifiarchiveplayer.ie/phoenix-mr-o/,phoenix mr o,IFI Archive Player film record,Public film-page metadata exposed by the IFI Archive Player. The permalink represents a public viewing/metadata surface; MAR does not download or redistribute the audiovisual media and does not infer a licence to reproduce it.,,phoenix mr o,,Patrimônio fílmico irlandês em acesso público,Streaming audiovisual institucional público
IFI Irish Film Archive,ifi-irish-film-archive,Ireland,Europe,IE-IFI-IFA,National film archive,https://ifiarchiveplayer.ie/,True,True,https://ifiarchiveplayer.ie/,IFI Archive Player,https://ifiarchiveplayer.ie/phoenix-outsider/,phoenix outsider,IFI Archive Player film record,Public film-page metadata exposed by the IFI Archive Player. The permalink represents a public viewing/metadata surface; MAR does not download or redistribute the audiovisual media and does not infer a licence to reproduce it.,,phoenix outsider,,Patrimônio fílmico irlandês em acesso público,Streaming audiovisual institucional público
IFI Irish Film Archive,ifi-irish-film-archive,Ireland,Europe,IE-IFI-IFA,National film archive,https://ifiarchiveplayer.ie/,True,True,https://ifiarchiveplayer.ie/,IFI Archive Player,https://ifiarchiveplayer.ie/phoenix-pub-ballad/,phoenix pub ballad,IFI Archive Player film record,Public film-page metadata exposed by the IFI Archive Player. The permalink represents a public viewing/metadata surface; MAR does not download or redistribute the audiovisual media and does not infer a licence to reproduce it.,,phoenix pub ballad,,Patrimônio fílmico irlandês em acesso público,Streaming audiovisual institucional público
IFI Irish Film Archive,ifi-irish-film-archive,Ireland,Europe,IE-IFI-IFA,National film archive,https://ifiarchiveplayer.ie/,True,True,https://ifiarchiveplayer.ie/,IFI Archive Player,https://ifiarchiveplayer.ie/phoenix-snug/,phoenix snug,IFI Archive Player film record,Public film-page metadata exposed by the IFI Archive Player. The permalink represents a public viewing/metadata surface; MAR does not download or redistribute the audiovisual media and does not infer a licence to reproduce it.,,phoenix snug,,Patrimônio fílmico irlandês em acesso público,Streaming audiovisual institucional público
IFI Irish Film Archive,ifi-irish-film-archive,Ireland,Europe,IE-IFI-IFA,National film archive,https://ifiarchiveplayer.ie/,True,True,https://ifiarchiveplayer.ie/,IFI Archive Player,https://ifiarchiveplayer.ie/phoenix-whats-happened/,phoenix whats happened,IFI Archive Player film record,Public film-page metadata exposed by the IFI Archive Player. The permalink represents a public viewing/metadata surface; MAR does not download or redistribute the audiovisual media and does not infer a licence to reproduce it.,,phoenix whats happened,,Patrimônio fílmico irlandês em acesso público,Streaming audiovisual institucional público
IFI Irish Film Archive,ifi-irish-film-archive,Ireland,Europe,IE-IFI-IFA,National film archive,https://ifiarchiveplayer.ie/,True,True,https://ifiarchiveplayer.ie/,IFI Archive Player,https://ifiarchiveplayer.ie/phoenix-winners/,phoenix winners,IFI Archive Player film record,Public film-page metadata exposed by the IFI Archive Player. The permalink represents a public viewing/metadata surface; MAR does not download or redistribute the audiovisual media and does not infer a licence to reproduce it.,,phoenix winners,,Patrimônio fílmico irlandês em acesso público,Streaming audiovisual institucional público
IFI Irish Film Archive,ifi-irish-film-archive,Ireland,Europe,IE-IFI-IFA,National film archive,https://ifiarchiveplayer.ie/,True,True,https://ifiarchiveplayer.ie/,IFI Archive Player,https://ifiarchiveplayer.ie/picnic/,picnic,IFI Archive Player film record,Public film-page metadata exposed by the IFI Archive Player. The permalink represents a public viewing/metadata surface; MAR does not download or redistribute the audiovisual media and does not infer a licence to reproduce it.,,picnic,,Patrimônio fílmico irlandês em acesso público,Streaming audiovisual institucional público
IFI Irish Film Archive,ifi-irish-film-archive,Ireland,Europe,IE-IFI-IFA,National film archive,https://ifiarchiveplayer.ie/,True,True,https://ifiarchiveplayer.ie/,IFI Archive Player,https://ifiarchiveplayer.ie/pictures-of-mr-de-valera/,pictures of mr de valera,IFI Archive Player film record,Public film-page metadata exposed by the IFI Archive Player. The permalink represents a public viewing/metadata surface; MAR does not download or redistribute the audiovisual media and does not infer a licence to reproduce it.,,pictures of mr de valera,,Patrimônio fílmico irlandês em acesso público,Streaming audiovisual institucional público
IFI Irish Film Archive,ifi-irish-film-archive,Ireland,Europe,IE-IFI-IFA,National film archive,https://ifiarchiveplayer.ie/,True,True,https://ifiarchiveplayer.ie/,IFI Archive Player,https://ifiarchiveplayer.ie/pigeon/,pigeon,IFI Archive Player film record,Public film-page metadata exposed by the IFI Archive Player. The permalink represents a public viewing/metadata surface; MAR does not download or redistribute the audiovisual media and does not infer a licence to reproduce it.,,pigeon,,Patrimônio fílmico irlandês em acesso público,Streaming audiovisual institucional público
IFI Irish Film Archive,ifi-irish-film-archive,Ireland,Europe,IE-IFI-IFA,National film archive,https://ifiarchiveplayer.ie/,True,True,https://ifiarchiveplayer.ie/,IFI Archive Player,https://ifiarchiveplayer.ie/pitch-and-putt/,pitch and putt,IFI Archive Player film record,Public film-page metadata exposed by the IFI Archive Player. The permalink represents a public viewing/metadata surface; MAR does not download or redistribute the audiovisual media and does not infer a licence to reproduce it.,,pitch and putt,,Patrimônio fílmico irlandês em acesso público,Streaming audiovisual institucional público
IFI Irish Film Archive,ifi-irish-film-archive,Ireland,Europe,IE-IFI-IFA,National film archive,https://ifiarchiveplayer.ie/,True,True,https://ifiarchiveplayer.ie/,IFI Archive Player,https://ifiarchiveplayer.ie/places-we-live/,places we live,IFI Archive Player film record,Public film-page metadata exposed by the IFI Archive Player. The permalink represents a public viewing/metadata surface; MAR does not download or redistribute the audiovisual media and does not infer a licence to reproduce it.,,places we live,,Patrimônio fílmico irlandês em acesso público,Streaming audiovisual institucional público
IFI Irish Film Archive,ifi-irish-film-archive,Ireland,Europe,IE-IFI-IFA,National film archive,https://ifiarchiveplayer.ie/,True,True,https://ifiarchiveplayer.ie/,IFI Archive Player,https://ifiarchiveplayer.ie/players-gold-leaf-hand-it-to-him/,players gold leaf hand it to him,IFI Archive Player film record,Public film-page metadata exposed by the IFI Archive Player. The permalink represents a public viewing/metadata surface; MAR does not download or redistribute the audiovisual media and does not infer a licence to reproduce it.,,players gold leaf hand it to him,,Patrimônio fílmico irlandês em acesso público,Streaming audiovisual institucional público
IFI Irish Film Archive,ifi-irish-film-archive,Ireland,Europe,IE-IFI-IFA,National film archive,https://ifiarchiveplayer.ie/,True,True,https://ifiarchiveplayer.ie/,IFI Archive Player,https://ifiarchiveplayer.ie/players-gold-leaf-two-words/,players gold leaf two words,IFI Archive Player film record,Public film-page metadata exposed by the IFI Archive Player. The permalink represents a public viewing/metadata surface; MAR does not download or redistribute the audiovisual media and does not infer a licence to reproduce it.,,players gold leaf two words,,Patrimônio fílmico irlandês em acesso público,Streaming audiovisual institucional público
IFI Irish Film Archive,ifi-irish-film-archive,Ireland,Europe,IE-IFI-IFA,National film archive,https://ifiarchiveplayer.ie/,True,True,https://ifiarchiveplayer.ie/,IFI Archive Player,https://ifiarchiveplayer.ie/players-no-6-changing/,players no 6 changing,IFI Archive Player film record,Public film-page metadata exposed by the IFI Archive Player. The permalink represents a public viewing/metadata surface; MAR does not download or redistribute the audiovisual media and does not infer a licence to reproduce it.,,players no 6 changing,,Patrimônio fílmico irlandês em acesso público,Streaming audiovisual institucional público
IFI Irish Film Archive,ifi-irish-film-archive,Ireland,Europe,IE-IFI-IFA,National film archive,https://ifiarchiveplayer.ie/,True,True,https://ifiarchiveplayer.ie/,IFI Archive Player,https://ifiarchiveplayer.ie/players-no-6-christmas/,players no 6 christmas,IFI Archive Player film record,Public film-page metadata exposed by the IFI Archive Player. The permalink represents a public viewing/metadata surface; MAR does not download or redistribute the audiovisual media and does not infer a licence to reproduce it.,,players no 6 christmas,,Patrimônio fílmico irlandês em acesso público,Streaming audiovisual institucional público
IFI Irish Film Archive,ifi-irish-film-archive,Ireland,Europe,IE-IFI-IFA,National film archive,https://ifiarchiveplayer.ie/,True,True,https://ifiarchiveplayer.ie/,IFI Archive Player,https://ifiarchiveplayer.ie/players-no-6-introducing/,players no 6 introducing,IFI Archive Player film record,Public film-page metadata exposed by the IFI Archive Player. The permalink represents a public viewing/metadata surface; MAR does not download or redistribute the audiovisual media and does not infer a licence to reproduce it.,,players no 6 introducing,,Patrimônio fílmico irlandês em acesso público,Streaming audiovisual institucional público
IFI Irish Film Archive,ifi-irish-film-archive,Ireland,Europe,IE-IFI-IFA,National film archive,https://ifiarchiveplayer.ie/,True,True,https://ifiarchiveplayer.ie/,IFI Archive Player,https://ifiarchiveplayer.ie/players-no-6-pole-vault/,players no 6 pole vault,IFI Archive Player film record,Public film-page metadata exposed by the IFI Archive Player. The permalink represents a public viewing/metadata surface; MAR does not download or redistribute the audiovisual media and does not infer a licence to reproduce it.,,players no 6 pole vault,,Patrimônio fílmico irlandês em acesso público,Streaming audiovisual institucional público
IFI Irish Film Archive,ifi-irish-film-archive,Ireland,Europe,IE-IFI-IFA,National film archive,https://ifiarchiveplayer.ie/,True,True,https://ifiarchiveplayer.ie/,IFI Archive Player,https://ifiarchiveplayer.ie/players-no-6-sport/,players no 6 sport,IFI Archive Player film record,Public film-page metadata exposed by the IFI Archive Player. The permalink represents a public viewing/metadata surface; MAR does not download or redistribute the audiovisual media and does not infer a licence to reproduce it.,,players no 6 sport,,Patrimônio fílmico irlandês em acesso público,Streaming audiovisual institucional público
IFI Irish Film Archive,ifi-irish-film-archive,Ireland,Europe,IE-IFI-IFA,National film archive,https://ifiarchiveplayer.ie/,True,True,https://ifiarchiveplayer.ie/,IFI Archive Player,https://ifiarchiveplayer.ie/players-no-6-studio/,players no 6 studio,IFI Archive Player film record,Public film-page metadata exposed by the IFI Archive Player. The permalink represents a public viewing/metadata surface; MAR does not download or redistribute the audiovisual media and does not infer a licence to reproduce it.,,players no 6 studio,,Patrimônio fílmico irlandês em acesso público,Streaming audiovisual institucional público
IFI Irish Film Archive,ifi-irish-film-archive,Ireland,Europe,IE-IFI-IFA,National film archive,https://ifiarchiveplayer.ie/,True,True,https://ifiarchiveplayer.ie/,IFI Archive Player,https://ifiarchiveplayer.ie/ploughman/,ploughman,IFI Archive Player film record,Public film-page metadata exposed by the IFI Archive Player. The permalink represents a public viewing/metadata surface; MAR does not download or redistribute the audiovisual media and does not infer a licence to reproduce it.,,ploughman,,Patrimônio fílmico irlandês em acesso público,Streaming audiovisual institucional público
IFI Irish Film Archive,ifi-irish-film-archive,Ireland,Europe,IE-IFI-IFA,National film archive,https://ifiarchiveplayer.ie/,True,True,https://ifiarchiveplayer.ie/,IFI Archive Player,https://ifiarchiveplayer.ie/pluck/,pluck,IFI Archive Player film record,Public film-page metadata exposed by the IFI Archive Player. The permalink represents a public viewing/metadata surface; MAR does not download or redistribute the audiovisual media and does not infer a licence to reproduce it.,,pluck,,Patrimônio fílmico irlandês em acesso público,Streaming audiovisual institucional público
IFI Irish Film Archive,ifi-irish-film-archive,Ireland,Europe,IE-IFI-IFA,National film archive,https://ifiarchiveplayer.ie/,True,True,https://ifiarchiveplayer.ie/,IFI Archive Player,https://ifiarchiveplayer.ie/pobal/,pobal,IFI Archive Player film record,Public film-page metadata exposed by the IFI Archive Player. The permalink represents a public viewing/metadata surface; MAR does not download or redistribute the audiovisual media and does not infer a licence to reproduce it.,,pobal,,Patrimônio fílmico irlandês em acesso público,Streaming audiovisual institucional público
IFI Irish Film Archive,ifi-irish-film-archive,Ireland,Europe,IE-IFI-IFA,National film archive,https://ifiarchiveplayer.ie/,True,True,https://ifiarchiveplayer.ie/,IFI Archive Player,https://ifiarchiveplayer.ie/polio-childrens-sunshine-coach/,polio childrens sunshine coach,IFI Archive Player film record,Public film-page metadata exposed by the IFI Archive Player. The permalink represents a public viewing/metadata surface; MAR does not download or redistribute the audiovisual media and does not infer a licence to reproduce it.,,polio childrens sunshine coach,,Patrimônio fílmico irlandês em acesso público,Streaming audiovisual institucional público
IFI Irish Film Archive,ifi-irish-film-archive,Ireland,Europe,IE-IFI-IFA,National film archive,https://ifiarchiveplayer.ie/,True,True,https://ifiarchiveplayer.ie/,IFI Archive Player,https://ifiarchiveplayer.ie/porkers-day-at-balmoral-autumn-show/,porkers day at balmoral autumn show,IFI Archive Player film record,Public film-page metadata exposed by the IFI Archive Player. The permalink represents a public viewing/metadata surface; MAR does not download or redistribute the audiovisual media and does not infer a licence to reproduce it.,,porkers day at balmoral autumn show,,Patrimônio fílmico irlandês em acesso público,Streaming audiovisual institucional público
IFI Irish Film Archive,ifi-irish-film-archive,Ireland,Europe,IE-IFI-IFA,National film archive,https://ifiarchiveplayer.ie/,True,True,https://ifiarchiveplayer.ie/,IFI Archive Player,https://ifiarchiveplayer.ie/portrait-of-dublin/,portrait of dublin,IFI Archive Player film record,Public film-page metadata exposed by the IFI Archive Player. The permalink represents a public viewing/metadata surface; MAR does not download or redistribute the audiovisual media and does not infer a licence to reproduce it.,,portrait of dublin,,Patrimônio fílmico irlandês em acesso público,Streaming audiovisual institucional público
IFI Irish Film Archive,ifi-irish-film-archive,Ireland,Europe,IE-IFI-IFA,National film archive,https://ifiarchiveplayer.ie/,True,True,https://ifiarchiveplayer.ie/,IFI Archive Player,https://ifiarchiveplayer.ie/preparing-for-the-electricity-era/,preparing for the electricity era,IFI Archive Player film record,Public film-page metadata exposed by the IFI Archive Player. The permalink represents a public viewing/metadata surface; MAR does not download or redistribute the audiovisual media and does not infer a licence to reproduce it.,,preparing for the electricity era,,Patrimônio fílmico irlandês em acesso público,Streaming audiovisual institucional público
IFI Irish Film Archive,ifi-irish-film-archive,Ireland,Europe,IE-IFI-IFA,National film archive,https://ifiarchiveplayer.ie/,True,True,https://ifiarchiveplayer.ie/,IFI Archive Player,https://ifiarchiveplayer.ie/president-and-veterans-at-historic-premiere-of-mise-eire/,president and veterans at historic premiere of mise eire,IFI Archive Player film record,Public film-page metadata exposed by the IFI Archive Player. The permalink represents a public viewing/metadata surface; MAR does not download or redistribute the audiovisual media and does not infer a licence to reproduce it.,,president and veterans at historic premiere of mise eire,,Patrimônio fílmico irlandês em acesso público,Streaming audiovisual institucional público
IFI Irish Film Archive,ifi-irish-film-archive,Ireland,Europe,IE-IFI-IFA,National film archive,https://ifiarchiveplayer.ie/,True,True,https://ifiarchiveplayer.ie/,IFI Archive Player,https://ifiarchiveplayer.ie/president-at-augustinian-centenary-mass/,president at augustinian centenary mass,IFI Archive Player film record,Public film-page metadata exposed by the IFI Archive Player. The permalink represents a public viewing/metadata surface; MAR does not download or redistribute the audiovisual media and does not infer a licence to reproduce it.,,president at augustinian centenary mass,,Patrimônio fílmico irlandês em acesso público,Streaming audiovisual institucional público
IFI Irish Film Archive,ifi-irish-film-archive,Ireland,Europe,IE-IFI-IFA,National film archive,https://ifiarchiveplayer.ie/,True,True,https://ifiarchiveplayer.ie/,IFI Archive Player,https://ifiarchiveplayer.ie/president-at-meeting-of-irish-speaking-priests/,president at meeting of irish speaking priests,IFI Archive Player film record,Public film-page metadata exposed by the IFI Archive Player. The permalink represents a public viewing/metadata surface; MAR does not download or redistribute the audiovisual media and does not infer a licence to reproduce it.,,president at meeting of irish speaking priests,,Patrimônio fílmico irlandês em acesso público,Streaming audiovisual institucional público
IFI Irish Film Archive,ifi-irish-film-archive,Ireland,Europe,IE-IFI-IFA,National film archive,https://ifiarchiveplayer.ie/,True,True,https://ifiarchiveplayer.ie/,IFI Archive Player,https://ifiarchiveplayer.ie/president-attends-trinity-week/,president attends trinity week,IFI Archive Player film record,Public film-page metadata exposed by the IFI Archive Player. The permalink represents a public viewing/metadata surface; MAR does not download or redistribute the audiovisual media and does not infer a licence to reproduce it.,,president attends trinity week,,Patrimônio fílmico irlandês em acesso público,Streaming audiovisual institucional público
IFI Irish Film Archive,ifi-irish-film-archive,Ireland,Europe,IE-IFI-IFA,National film archive,https://ifiarchiveplayer.ie/,True,True,https://ifiarchiveplayer.ie/,IFI Archive Player,https://ifiarchiveplayer.ie/president-cosgrave/,president cosgrave,IFI Archive Player film record,Public film-page metadata exposed by the IFI Archive Player. The permalink represents a public viewing/metadata surface; MAR does not download or redistribute the audiovisual media and does not infer a licence to reproduce it.,,president cosgrave,,Patrimônio fílmico irlandês em acesso público,Streaming audiovisual institucional público
IFI Irish Film Archive,ifi-irish-film-archive,Ireland,Europe,IE-IFI-IFA,National film archive,https://ifiarchiveplayer.ie/,True,True,https://ifiarchiveplayer.ie/,IFI Archive Player,https://ifiarchiveplayer.ie/president-kennedy-in-ireland/,president kennedy in ireland,IFI Archive Player film record,Public film-page metadata exposed by the IFI Archive Player. The permalink represents a public viewing/metadata surface; MAR does not download or redistribute the audiovisual media and does not infer a licence to reproduce it.,,president kennedy in ireland,,Patrimônio fílmico irlandês em acesso público,Streaming audiovisual institucional público
IFI Irish Film Archive,ifi-irish-film-archive,Ireland,Europe,IE-IFI-IFA,National film archive,https://ifiarchiveplayer.ie/,True,True,https://ifiarchiveplayer.ie/,IFI Archive Player,https://ifiarchiveplayer.ie/president-of-eire/,president of eire,IFI Archive Player film record,Public film-page metadata exposed by the IFI Archive Player. The permalink represents a public viewing/metadata surface; MAR does not download or redistribute the audiovisual media and does not infer a licence to reproduce it.,,president of eire,,Patrimônio fílmico irlandês em acesso público,Streaming audiovisual institucional público
IFI Irish Film Archive,ifi-irish-film-archive,Ireland,Europe,IE-IFI-IFA,National film archive,https://ifiarchiveplayer.ie/,True,True,https://ifiarchiveplayer.ie/,IFI Archive Player,https://ifiarchiveplayer.ie/president-presents-aga-khan-trophy/,president presents aga khan trophy,IFI Archive Player film record,Public film-page metadata exposed by the IFI Archive Player. The permalink represents a public viewing/metadata surface; MAR does not download or redistribute the audiovisual media and does not infer a licence to reproduce it.,,president presents aga khan trophy,,Patrimônio fílmico irlandês em acesso público,Streaming audiovisual institucional público
IFI Irish Film Archive,ifi-irish-film-archive,Ireland,Europe,IE-IFI-IFA,National film archive,https://ifiarchiveplayer.ie/,True,True,https://ifiarchiveplayer.ie/,IFI Archive Player,https://ifiarchiveplayer.ie/prime-minister-of-canada-arrives-in-dublin/,prime minister of canada arrives in dublin,IFI Archive Player film record,Public film-page metadata exposed by the IFI Archive Player. The permalink represents a public viewing/metadata surface; MAR does not download or redistribute the audiovisual media and does not infer a licence to reproduce it.,,prime minister of canada arrives in dublin,,Patrimônio fílmico irlandês em acesso público,Streaming audiovisual institucional público
IFI Irish Film Archive,ifi-irish-film-archive,Ireland,Europe,IE-IFI-IFA,National film archive,https://ifiarchiveplayer.ie/,True,True,https://ifiarchiveplayer.ie/,IFI Archive Player,https://ifiarchiveplayer.ie/prime-minister-of-indonesia-arrives-in-dublin/,prime minister of indonesia arrives in dublin,IFI Archive Player film record,Public film-page metadata exposed by the IFI Archive Player. The permalink represents a public viewing/metadata surface; MAR does not download or redistribute the audiovisual media and does not infer a licence to reproduce it.,,prime minister of indonesia arrives in dublin,,Patrimônio fílmico irlandês em acesso público,Streaming audiovisual institucional público
IFI Irish Film Archive,ifi-irish-film-archive,Ireland,Europe,IE-IFI-IFA,National film archive,https://ifiarchiveplayer.ie/,True,True,https://ifiarchiveplayer.ie/,IFI Archive Player,https://ifiarchiveplayer.ie/prince-ranier-and-princess-grace-in-ireland/,prince ranier and princess grace in ireland,IFI Archive Player film record,Public film-page metadata exposed by the IFI Archive Player. The permalink represents a public viewing/metadata surface; MAR does not download or redistribute the audiovisual media and does not infer a licence to reproduce it.,,prince ranier and princess grace in ireland,,Patrimônio fílmico irlandês em acesso público,Streaming audiovisual institucional público
IFI Irish Film Archive,ifi-irish-film-archive,Ireland,Europe,IE-IFI-IFA,National film archive,https://ifiarchiveplayer.ie/,True,True,https://ifiarchiveplayer.ie/,IFI Archive Player,https://ifiarchiveplayer.ie/priorities/,priorities,IFI Archive Player film record,Public film-page metadata exposed by the IFI Archive Player. The permalink represents a public viewing/metadata surface; MAR does not download or redistribute the audiovisual media and does not infer a licence to reproduce it.,,priorities,,Patrimônio fílmico irlandês em acesso público,Streaming audiovisual institucional público
IFI Irish Film Archive,ifi-irish-film-archive,Ireland,Europe,IE-IFI-IFA,National film archive,https://ifiarchiveplayer.ie/,True,True,https://ifiarchiveplayer.ie/,IFI Archive Player,https://ifiarchiveplayer.ie/puss-in-boots-panto-comes-to-drimnagh/,puss in boots panto comes to drimnagh,IFI Archive Player film record,Public film-page metadata exposed by the IFI Archive Player. The permalink represents a public viewing/metadata surface; MAR does not download or redistribute the audiovisual media and does not infer a licence to reproduce it.,,puss in boots panto comes to drimnagh,,Patrimônio fílmico irlandês em acesso público,Streaming audiovisual institucional público
IFI Irish Film Archive,ifi-irish-film-archive,Ireland,Europe,IE-IFI-IFA,National film archive,https://ifiarchiveplayer.ie/,True,True,https://ifiarchiveplayer.ie/,IFI Archive Player,https://ifiarchiveplayer.ie/qa-with-peter-mcdonald/,qa with peter mcdonald,IFI Archive Player film record,Public film-page metadata exposed by the IFI Archive Player. The permalink represents a public viewing/metadata surface; MAR does not download or redistribute the audiovisual media and does not infer a licence to reproduce it.,,qa with peter mcdonald,,Patrimônio fílmico irlandês em acesso público,Streaming audiovisual institucional público
IFI Irish Film Archive,ifi-irish-film-archive,Ireland,Europe,IE-IFI-IFA,National film archive,https://ifiarchiveplayer.ie/,True,True,https://ifiarchiveplayer.ie/,IFI Archive Player,https://ifiarchiveplayer.ie/queen-victoria-in-dublin-1900/,queen victoria in dublin 1900,IFI Archive Player film record,Public film-page metadata exposed by the IFI Archive Player. The permalink represents a public viewing/metadata surface; MAR does not download or redistribute the audiovisual media and does not infer a licence to reproduce it.,,queen victoria in dublin 1900,,Patrimônio fílmico irlandês em acesso público,Streaming audiovisual institucional público
IFI Irish Film Archive,ifi-irish-film-archive,Ireland,Europe,IE-IFI-IFA,National film archive,https://ifiarchiveplayer.ie/,True,True,https://ifiarchiveplayer.ie/,IFI Archive Player,https://ifiarchiveplayer.ie/quix-dublin-airport/,quix dublin airport,IFI Archive Player film record,Public film-page metadata exposed by the IFI Archive Player. The permalink represents a public viewing/metadata surface; MAR does not download or redistribute the audiovisual media and does not infer a licence to reproduce it.,,quix dublin airport,,Patrimônio fílmico irlandês em acesso público,Streaming audiovisual institucional público
IFI Irish Film Archive,ifi-irish-film-archive,Ireland,Europe,IE-IFI-IFA,National film archive,https://ifiarchiveplayer.ie/,True,True,https://ifiarchiveplayer.ie/,IFI Archive Player,https://ifiarchiveplayer.ie/quix-ferry/,quix ferry,IFI Archive Player film record,Public film-page metadata exposed by the IFI Archive Player. The permalink represents a public viewing/metadata surface; MAR does not download or redistribute the audiovisual media and does not infer a licence to reproduce it.,,quix ferry,,Patrimônio fílmico irlandês em acesso público,Streaming audiovisual institucional público
IFI Irish Film Archive,ifi-irish-film-archive,Ireland,Europe,IE-IFI-IFA,National film archive,https://ifiarchiveplayer.ie/,True,True,https://ifiarchiveplayer.ie/,IFI Archive Player,https://ifiarchiveplayer.ie/quix-sparkle/,quix sparkle,IFI Archive Player film record,Public film-page metadata exposed by the IFI Archive Player. The permalink represents a public viewing/metadata surface; MAR does not download or redistribute the audiovisual media and does not infer a licence to reproduce it.,,quix sparkle,,Patrimônio fílmico irlandês em acesso público,Streaming audiovisual institucional público
IFI Irish Film Archive,ifi-irish-film-archive,Ireland,Europe,IE-IFI-IFA,National film archive,https://ifiarchiveplayer.ie/,True,True,https://ifiarchiveplayer.ie/,IFI Archive Player,https://ifiarchiveplayer.ie/quix-train/,quix train,IFI Archive Player film record,Public film-page metadata exposed by the IFI Archive Player. The permalink represents a public viewing/metadata surface; MAR does not download or redistribute the audiovisual media and does not infer a licence to reproduce it.,,quix train,,Patrimônio fílmico irlandês em acesso público,Streaming audiovisual institucional público
IFI Irish Film Archive,ifi-irish-film-archive,Ireland,Europe,IE-IFI-IFA,National film archive,https://ifiarchiveplayer.ie/,True,True,https://ifiarchiveplayer.ie/,IFI Archive Player,https://ifiarchiveplayer.ie/quix-washing-up/,quix washing up,IFI Archive Player film record,Public film-page metadata exposed by the IFI Archive Player. The permalink represents a public viewing/metadata surface; MAR does not download or redistribute the audiovisual media and does not infer a licence to reproduce it.,,quix washing up,,Patrimônio fílmico irlandês em acesso público,Streaming audiovisual institucional público
IFI Irish Film Archive,ifi-irish-film-archive,Ireland,Europe,IE-IFI-IFA,National film archive,https://ifiarchiveplayer.ie/,True,True,https://ifiarchiveplayer.ie/,IFI Archive Player,https://ifiarchiveplayer.ie/racing-at-shelbourne-park/,racing at shelbourne park,IFI Archive Player film record,Public film-page metadata exposed by the IFI Archive Player. The permalink represents a public viewing/metadata surface; MAR does not download or redistribute the audiovisual media and does not infer a licence to reproduce it.,,racing at shelbourne park,,Patrimônio fílmico irlandês em acesso público,Streaming audiovisual institucional público
IFI Irish Film Archive,ifi-irish-film-archive,Ireland,Europe,IE-IFI-IFA,National film archive,https://ifiarchiveplayer.ie/,True,True,https://ifiarchiveplayer.ie/,IFI Archive Player,https://ifiarchiveplayer.ie/radar-to-enforce-speed-limit/,radar to enforce speed limit,IFI Archive Player film record,Public film-page metadata exposed by the IFI Archive Player. The permalink represents a public viewing/metadata surface; MAR does not download or redistribute the audiovisual media and does not infer a licence to reproduce it.,,radar to enforce speed limit,,Patrimônio fílmico irlandês em acesso público,Streaming audiovisual institucional público
IFI Irish Film Archive,ifi-irish-film-archive,Ireland,Europe,IE-IFI-IFA,National film archive,https://ifiarchiveplayer.ie/,True,True,https://ifiarchiveplayer.ie/,IFI Archive Player,https://ifiarchiveplayer.ie/radharc-blessing-the-aer-lingus-fleet/,radharc blessing the aer lingus fleet,IFI Archive Player film record,Public film-page metadata exposed by the IFI Archive Player. The permalink represents a public viewing/metadata surface; MAR does not download or redistribute the audiovisual media and does not infer a licence to reproduce it.,,radharc blessing the aer lingus fleet,,Patrimônio fílmico irlandês em acesso público,Streaming audiovisual institucional público
IFI Irish Film Archive,ifi-irish-film-archive,Ireland,Europe,IE-IFI-IFA,National film archive,https://ifiarchiveplayer.ie/,True,True,https://ifiarchiveplayer.ie/,IFI Archive Player,https://ifiarchiveplayer.ie/radharc-christy-brown-my-left-foot/,radharc christy brown my left foot,IFI Archive Player film record,Public film-page metadata exposed by the IFI Archive Player. The permalink represents a public viewing/metadata surface; MAR does not download or redistribute the audiovisual media and does not infer a licence to reproduce it.,,radharc christy brown my left foot,,Patrimônio fílmico irlandês em acesso público,Streaming audiovisual institucional público
IFI Irish Film Archive,ifi-irish-film-archive,Ireland,Europe,IE-IFI-IFA,National film archive,https://ifiarchiveplayer.ie/,True,True,https://ifiarchiveplayer.ie/,IFI Archive Player,https://ifiarchiveplayer.ie/radharc-glenties-tidy-towns/,radharc glenties tidy towns,IFI Archive Player film record,Public film-page metadata exposed by the IFI Archive Player. The permalink represents a public viewing/metadata surface; MAR does not download or redistribute the audiovisual media and does not infer a licence to reproduce it.,,radharc glenties tidy towns,,Patrimônio fílmico irlandês em acesso público,Streaming audiovisual institucional público
IFI Irish Film Archive,ifi-irish-film-archive,Ireland,Europe,IE-IFI-IFA,National film archive,https://ifiarchiveplayer.ie/,True,True,https://ifiarchiveplayer.ie/,IFI Archive Player,https://ifiarchiveplayer.ie/radharc-irish-college-ranafast/,radharc irish college ranafast,IFI Archive Player film record,Public film-page metadata exposed by the IFI Archive Player. The permalink represents a public viewing/metadata surface; MAR does not download or redistribute the audiovisual media and does not infer a licence to reproduce it.,,radharc irish college ranafast,,Patrimônio fílmico irlandês em acesso público,Streaming audiovisual institucional público
IFI Irish Film Archive,ifi-irish-film-archive,Ireland,Europe,IE-IFI-IFA,National film archive,https://ifiarchiveplayer.ie/,True,True,https://ifiarchiveplayer.ie/,IFI Archive Player,https://ifiarchiveplayer.ie/radharc-kylemore-abbey/,radharc kylemore abbey,IFI Archive Player film record,Public film-page metadata exposed by the IFI Archive Player. The permalink represents a public viewing/metadata surface; MAR does not download or redistribute the audiovisual media and does not infer a licence to reproduce it.,,radharc kylemore abbey,,Patrimônio fílmico irlandês em acesso público,Streaming audiovisual institucional público
IFI Irish Film Archive,ifi-irish-film-archive,Ireland,Europe,IE-IFI-IFA,National film archive,https://ifiarchiveplayer.ie/,True,True,https://ifiarchiveplayer.ie/,IFI Archive Player,https://ifiarchiveplayer.ie/radharc-manners-in-church/,radharc manners in church,IFI Archive Player film record,Public film-page metadata exposed by the IFI Archive Player. The permalink represents a public viewing/metadata surface; MAR does not download or redistribute the audiovisual media and does not infer a licence to reproduce it.,,radharc manners in church,,Patrimônio fílmico irlandês em acesso público,Streaming audiovisual institucional público
IFI Irish Film Archive,ifi-irish-film-archive,Ireland,Europe,IE-IFI-IFA,National film archive,https://ifiarchiveplayer.ie/,True,True,https://ifiarchiveplayer.ie/,IFI Archive Player,https://ifiarchiveplayer.ie/radharc-mens-sodality/,radharc mens sodality,IFI Archive Player film record,Public film-page metadata exposed by the IFI Archive Player. The permalink represents a public viewing/metadata surface; MAR does not download or redistribute the audiovisual media and does not infer a licence to reproduce it.,,radharc mens sodality,,Patrimônio fílmico irlandês em acesso público,Streaming audiovisual institucional público
IFI Irish Film Archive,ifi-irish-film-archive,Ireland,Europe,IE-IFI-IFA,National film archive,https://ifiarchiveplayer.ie/,True,True,https://ifiarchiveplayer.ie/,IFI Archive Player,https://ifiarchiveplayer.ie/radharc-penal-crosses/,radharc penal crosses,IFI Archive Player film record,Public film-page metadata exposed by the IFI Archive Player. The permalink represents a public viewing/metadata surface; MAR does not download or redistribute the audiovisual media and does not infer a licence to reproduce it.,,radharc penal crosses,,Patrimônio fílmico irlandês em acesso público,Streaming audiovisual institucional público
IFI Irish Film Archive,ifi-irish-film-archive,Ireland,Europe,IE-IFI-IFA,National film archive,https://ifiarchiveplayer.ie/,True,True,https://ifiarchiveplayer.ie/,IFI Archive Player,https://ifiarchiveplayer.ie/radharc-retreat/,radharc retreat,IFI Archive Player film record,Public film-page metadata exposed by the IFI Archive Player. The permalink represents a public viewing/metadata surface; MAR does not download or redistribute the audiovisual media and does not infer a licence to reproduce it.,,radharc retreat,,Patrimônio fílmico irlandês em acesso público,Streaming audiovisual institucional público
IFI Irish Film Archive,ifi-irish-film-archive,Ireland,Europe,IE-IFI-IFA,National film archive,https://ifiarchiveplayer.ie/,True,True,https://ifiarchiveplayer.ie/,IFI Archive Player,https://ifiarchiveplayer.ie/radharc-sick-calls/,radharc sick calls,IFI Archive Player film record,Public film-page metadata exposed by the IFI Archive Player. The permalink represents a public viewing/metadata surface; MAR does not download or redistribute the audiovisual media and does not infer a licence to reproduce it.,,radharc sick calls,,Patrimônio fílmico irlandês em acesso público,Streaming audiovisual institucional público
IFI Irish Film Archive,ifi-irish-film-archive,Ireland,Europe,IE-IFI-IFA,National film archive,https://ifiarchiveplayer.ie/,True,True,https://ifiarchiveplayer.ie/,IFI Archive Player,https://ifiarchiveplayer.ie/radharc-stamps-for-the-missions/,radharc stamps for the missions,IFI Archive Player film record,Public film-page metadata exposed by the IFI Archive Player. The permalink represents a public viewing/metadata surface; MAR does not download or redistribute the audiovisual media and does not infer a licence to reproduce it.,,radharc stamps for the missions,,Patrimônio fílmico irlandês em acesso público,Streaming audiovisual institucional público
IFI Irish Film Archive,ifi-irish-film-archive,Ireland,Europe,IE-IFI-IFA,National film archive,https://ifiarchiveplayer.ie/,True,True,https://ifiarchiveplayer.ie/,IFI Archive Player,https://ifiarchiveplayer.ie/radharc-tax-on-kerry-cows/,radharc tax on kerry cows,IFI Archive Player film record,Public film-page metadata exposed by the IFI Archive Player. The permalink represents a public viewing/metadata surface; MAR does not download or redistribute the audiovisual media and does not infer a licence to reproduce it.,,radharc tax on kerry cows,,Patrimônio fílmico irlandês em acesso público,Streaming audiovisual institucional público
IFI Irish Film Archive,ifi-irish-film-archive,Ireland,Europe,IE-IFI-IFA,National film archive,https://ifiarchiveplayer.ie/,True,True,https://ifiarchiveplayer.ie/,IFI Archive Player,https://ifiarchiveplayer.ie/radharc-the-new-ritual/,radharc the new ritual,IFI Archive Player film record,Public film-page metadata exposed by the IFI Archive Player. The permalink represents a public viewing/metadata surface; MAR does not download or redistribute the audiovisual media and does not infer a licence to reproduce it.,,radharc the new ritual,,Patrimônio fílmico irlandês em acesso público,Streaming audiovisual institucional público
IFI Irish Film Archive,ifi-irish-film-archive,Ireland,Europe,IE-IFI-IFA,National film archive,https://ifiarchiveplayer.ie/,True,True,https://ifiarchiveplayer.ie/,IFI Archive Player,https://ifiarchiveplayer.ie/radharc-village-with-the-most-vocations/,radharc village with the most vocations,IFI Archive Player film record,Public film-page metadata exposed by the IFI Archive Player. The permalink represents a public viewing/metadata surface; MAR does not download or redistribute the audiovisual media and does not infer a licence to reproduce it.,,radharc village with the most vocations,,Patrimônio fílmico irlandês em acesso público,Streaming audiovisual institucional público
IFI Irish Film Archive,ifi-irish-film-archive,Ireland,Europe,IE-IFI-IFA,National film archive,https://ifiarchiveplayer.ie/,True,True,https://ifiarchiveplayer.ie/,IFI Archive Player,https://ifiarchiveplayer.ie/raheny-clay-pigeon-christmas-shoot/,raheny clay pigeon christmas shoot,IFI Archive Player film record,Public film-page metadata exposed by the IFI Archive Player. The permalink represents a public viewing/metadata surface; MAR does not download or redistribute the audiovisual media and does not infer a licence to reproduce it.,,raheny clay pigeon christmas shoot,,Patrimônio fílmico irlandês em acesso público,Streaming audiovisual institucional público
IFI Irish Film Archive,ifi-irish-film-archive,Ireland,Europe,IE-IFI-IFA,National film archive,https://ifiarchiveplayer.ie/,True,True,https://ifiarchiveplayer.ie/,IFI Archive Player,https://ifiarchiveplayer.ie/rathdrum-sees-stars/,rathdrum sees stars,IFI Archive Player film record,Public film-page metadata exposed by the IFI Archive Player. The permalink represents a public viewing/metadata surface; MAR does not download or redistribute the audiovisual media and does not infer a licence to reproduce it.,,rathdrum sees stars,,Patrimônio fílmico irlandês em acesso público,Streaming audiovisual institucional público
IFI Irish Film Archive,ifi-irish-film-archive,Ireland,Europe,IE-IFI-IFA,National film archive,https://ifiarchiveplayer.ie/,True,True,https://ifiarchiveplayer.ie/,IFI Archive Player,https://ifiarchiveplayer.ie/rds-show-and-sales/,rds show and sales,IFI Archive Player film record,Public film-page metadata exposed by the IFI Archive Player. The permalink represents a public viewing/metadata surface; MAR does not download or redistribute the audiovisual media and does not infer a licence to reproduce it.,,rds show and sales,,Patrimônio fílmico irlandês em acesso público,Streaming audiovisual institucional público
IFI Irish Film Archive,ifi-irish-film-archive,Ireland,Europe,IE-IFI-IFA,National film archive,https://ifiarchiveplayer.ie/,True,True,https://ifiarchiveplayer.ie/,IFI Archive Player,https://ifiarchiveplayer.ie/rebirth-of-a-nation/,rebirth of a nation,IFI Archive Player film record,Public film-page metadata exposed by the IFI Archive Player. The permalink represents a public viewing/metadata surface; MAR does not download or redistribute the audiovisual media and does not infer a licence to reproduce it.,,rebirth of a nation,,Patrimônio fílmico irlandês em acesso público,Streaming audiovisual institucional público
IFI Irish Film Archive,ifi-irish-film-archive,Ireland,Europe,IE-IFI-IFA,National film archive,https://ifiarchiveplayer.ie/,True,True,https://ifiarchiveplayer.ie/,IFI Archive Player,https://ifiarchiveplayer.ie/red-and-green/,red and green,IFI Archive Player film record,Public film-page metadata exposed by the IFI Archive Player. The permalink represents a public viewing/metadata surface; MAR does not download or redistribute the audiovisual media and does not infer a licence to reproduce it.,,red and green,,Patrimônio fílmico irlandês em acesso público,Streaming audiovisual institucional público
IFI Irish Film Archive,ifi-irish-film-archive,Ireland,Europe,IE-IFI-IFA,National film archive,https://ifiarchiveplayer.ie/,True,True,https://ifiarchiveplayer.ie/,IFI Archive Player,https://ifiarchiveplayer.ie/red-cross-doctor-leaves-for-congo/,red cross doctor leaves for congo,IFI Archive Player film record,Public film-page metadata exposed by the IFI Archive Player. The permalink represents a public viewing/metadata surface; MAR does not download or redistribute the audiovisual media and does not infer a licence to reproduce it.,,red cross doctor leaves for congo,,Patrimônio fílmico irlandês em acesso público,Streaming audiovisual institucional público
IFI Irish Film Archive,ifi-irish-film-archive,Ireland,Europe,IE-IFI-IFA,National film archive,https://ifiarchiveplayer.ie/,True,True,https://ifiarchiveplayer.ie/,IFI Archive Player,https://ifiarchiveplayer.ie/red-cross-society-garden-fete-in-dublin/,red cross society garden fete in dublin,IFI Archive Player film record,Public film-page metadata exposed by the IFI Archive Player. The permalink represents a public viewing/metadata surface; MAR does not download or redistribute the audiovisual media and does not infer a licence to reproduce it.,,red cross society garden fete in dublin,,Patrimônio fílmico irlandês em acesso público,Streaming audiovisual institucional público
IFI Irish Film Archive,ifi-irish-film-archive,Ireland,Europe,IE-IFI-IFA,National film archive,https://ifiarchiveplayer.ie/,True,True,https://ifiarchiveplayer.ie/,IFI Archive Player,https://ifiarchiveplayer.ie/reflections-ireland/,reflections ireland,IFI Archive Player film record,Public film-page metadata exposed by the IFI Archive Player. The permalink represents a public viewing/metadata surface; MAR does not download or redistribute the audiovisual media and does not infer a licence to reproduce it.,,reflections ireland,,Patrimônio fílmico irlandês em acesso público,Streaming audiovisual institucional público
IFI Irish Film Archive,ifi-irish-film-archive,Ireland,Europe,IE-IFI-IFA,National film archive,https://ifiarchiveplayer.ie/,True,True,https://ifiarchiveplayer.ie/,IFI Archive Player,https://ifiarchiveplayer.ie/regeneration/,regeneration,IFI Archive Player film record,Public film-page metadata exposed by the IFI Archive Player. The permalink represents a public viewing/metadata surface; MAR does not download or redistribute the audiovisual media and does not infer a licence to reproduce it.,,regeneration,,Patrimônio fílmico irlandês em acesso público,Streaming audiovisual institucional público
IFI Irish Film Archive,ifi-irish-film-archive,Ireland,Europe,IE-IFI-IFA,National film archive,https://ifiarchiveplayer.ie/,True,True,https://ifiarchiveplayer.ie/,IFI Archive Player,https://ifiarchiveplayer.ie/religion/,religion,IFI Archive Player film record,Public film-page metadata exposed by the IFI Archive Player. The permalink represents a public viewing/metadata surface; MAR does not download or redistribute the audiovisual media and does not infer a licence to reproduce it.,,religion,,Patrimônio fílmico irlandês em acesso público,Streaming audiovisual institucional público
IFI Irish Film Archive,ifi-irish-film-archive,Ireland,Europe,IE-IFI-IFA,National film archive,https://ifiarchiveplayer.ie/,True,True,https://ifiarchiveplayer.ie/,IFI Archive Player,https://ifiarchiveplayer.ie/remembrance-day-bray/,remembrance day bray,IFI Archive Player film record,Public film-page metadata exposed by the IFI Archive Player. The permalink represents a public viewing/metadata surface; MAR does not download or redistribute the audiovisual media and does not infer a licence to reproduce it.,,remembrance day bray,,Patrimônio fílmico irlandês em acesso público,Streaming audiovisual institucional público
IFI Irish Film Archive,ifi-irish-film-archive,Ireland,Europe,IE-IFI-IFA,National film archive,https://ifiarchiveplayer.ie/,True,True,https://ifiarchiveplayer.ie/,IFI Archive Player,https://ifiarchiveplayer.ie/removal-of-remains-of-col-mccarthy/,removal of remains of col mccarthy,IFI Archive Player film record,Public film-page metadata exposed by the IFI Archive Player. The permalink represents a public viewing/metadata surface; MAR does not download or redistribute the audiovisual media and does not infer a licence to reproduce it.,,removal of remains of col mccarthy,,Patrimônio fílmico irlandês em acesso público,Streaming audiovisual institucional público
IFI Irish Film Archive,ifi-irish-film-archive,Ireland,Europe,IE-IFI-IFA,National film archive,https://ifiarchiveplayer.ie/,True,True,https://ifiarchiveplayer.ie/,IFI Archive Player,https://ifiarchiveplayer.ie/requiem-for-sally/,requiem for sally,IFI Archive Player film record,Public film-page metadata exposed by the IFI Archive Player. The permalink represents a public viewing/metadata surface; MAR does not download or redistribute the audiovisual media and does not infer a licence to reproduce it.,,requiem for sally,,Patrimônio fílmico irlandês em acesso público,Streaming audiovisual institucional público
IFI Irish Film Archive,ifi-irish-film-archive,Ireland,Europe,IE-IFI-IFA,National film archive,https://ifiarchiveplayer.ie/,True,True,https://ifiarchiveplayer.ie/,IFI Archive Player,https://ifiarchiveplayer.ie/requiem-mass/,requiem mass,IFI Archive Player film record,Public film-page metadata exposed by the IFI Archive Player. The permalink represents a public viewing/metadata surface; MAR does not download or redistribute the audiovisual media and does not infer a licence to reproduce it.,,requiem mass,,Patrimônio fílmico irlandês em acesso público,Streaming audiovisual institucional público
IFI Irish Film Archive,ifi-irish-film-archive,Ireland,Europe,IE-IFI-IFA,National film archive,https://ifiarchiveplayer.ie/,True,True,https://ifiarchiveplayer.ie/,IFI Archive Player,https://ifiarchiveplayer.ie/return-to-glennascaul/,return to glennascaul,IFI Archive Player film record,Public film-page metadata exposed by the IFI Archive Player. The permalink represents a public viewing/metadata surface; MAR does not download or redistribute the audiovisual media and does not infer a licence to reproduce it.,,return to glennascaul,,Patrimônio fílmico irlandês em acesso público,Streaming audiovisual institucional público
IFI Irish Film Archive,ifi-irish-film-archive,Ireland,Europe,IE-IFI-IFA,National film archive,https://ifiarchiveplayer.ie/,True,True,https://ifiarchiveplayer.ie/,IFI Archive Player,https://ifiarchiveplayer.ie/review-of-irish-events-1923/,review of irish events 1923,IFI Archive Player film record,Public film-page metadata exposed by the IFI Archive Player. The permalink represents a public viewing/metadata surface; MAR does not download or redistribute the audiovisual media and does not infer a licence to reproduce it.,,review of irish events 1923,,Patrimônio fílmico irlandês em acesso público,Streaming audiovisual institucional público
IFI Irish Film Archive,ifi-irish-film-archive,Ireland,Europe,IE-IFI-IFA,National film archive,https://ifiarchiveplayer.ie/,True,True,https://ifiarchiveplayer.ie/,IFI Archive Player,https://ifiarchiveplayer.ie/rhapsody-of-a-river/,rhapsody of a river,IFI Archive Player film record,Public film-page metadata exposed by the IFI Archive Player. The permalink represents a public viewing/metadata surface; MAR does not download or redistribute the audiovisual media and does not infer a licence to reproduce it.,,rhapsody of a river,,Patrimônio fílmico irlandês em acesso público,Streaming audiovisual institucional público
IFI Irish Film Archive,ifi-irish-film-archive,Ireland,Europe,IE-IFI-IFA,National film archive,https://ifiarchiveplayer.ie/,True,True,https://ifiarchiveplayer.ie/,IFI Archive Player,https://ifiarchiveplayer.ie/ribena-leapfrog/,ribena leapfrog,IFI Archive Player film record,Public film-page metadata exposed by the IFI Archive Player. The permalink represents a public viewing/metadata surface; MAR does not download or redistribute the audiovisual media and does not infer a licence to reproduce it.,,ribena leapfrog,,Patrimônio fílmico irlandês em acesso público,Streaming audiovisual institucional público
IFI Irish Film Archive,ifi-irish-film-archive,Ireland,Europe,IE-IFI-IFA,National film archive,https://ifiarchiveplayer.ie/,True,True,https://ifiarchiveplayer.ie/,IFI Archive Player,https://ifiarchiveplayer.ie/ribena-mother-and-son/,ribena mother and son,IFI Archive Player film record,Public film-page metadata exposed by the IFI Archive Player. The permalink represents a public viewing/metadata surface; MAR does not download or redistribute the audiovisual media and does not infer a licence to reproduce it.,,ribena mother and son,,Patrimônio fílmico irlandês em acesso público,Streaming audiovisual institucional público
IFI Irish Film Archive,ifi-irish-film-archive,Ireland,Europe,IE-IFI-IFA,National film archive,https://ifiarchiveplayer.ie/,True,True,https://ifiarchiveplayer.ie/,IFI Archive Player,https://ifiarchiveplayer.ie/ribena-stacking-logs/,ribena stacking logs,IFI Archive Player film record,Public film-page metadata exposed by the IFI Archive Player. The permalink represents a public viewing/metadata surface; MAR does not download or redistribute the audiovisual media and does not infer a licence to reproduce it.,,ribena stacking logs,,Patrimônio fílmico irlandês em acesso público,Streaming audiovisual institucional público
IFI Irish Film Archive,ifi-irish-film-archive,Ireland,Europe,IE-IFI-IFA,National film archive,https://ifiarchiveplayer.ie/,True,True,https://ifiarchiveplayer.ie/,IFI Archive Player,https://ifiarchiveplayer.ie/riots-in-belfast/,riots in belfast,IFI Archive Player film record,Public film-page metadata exposed by the IFI Archive Player. The permalink represents a public viewing/metadata surface; MAR does not download or redistribute the audiovisual media and does not infer a licence to reproduce it.,,riots in belfast,,Patrimônio fílmico irlandês em acesso público,Streaming audiovisual institucional público
IFI Irish Film Archive,ifi-irish-film-archive,Ireland,Europe,IE-IFI-IFA,National film archive,https://ifiarchiveplayer.ie/,True,True,https://ifiarchiveplayer.ie/,IFI Archive Player,https://ifiarchiveplayer.ie/road-safety-week-exhibition/,road safety week exhibition,IFI Archive Player film record,Public film-page metadata exposed by the IFI Archive Player. The permalink represents a public viewing/metadata surface; MAR does not download or redistribute the audiovisual media and does not infer a licence to reproduce it.,,road safety week exhibition,,Patrimônio fílmico irlandês em acesso público,Streaming audiovisual institucional público
IFI Irish Film Archive,ifi-irish-film-archive,Ireland,Europe,IE-IFI-IFA,National film archive,https://ifiarchiveplayer.ie/,True,True,https://ifiarchiveplayer.ie/,IFI Archive Player,https://ifiarchiveplayer.ie/roads-searched/,roads searched,IFI Archive Player film record,Public film-page metadata exposed by the IFI Archive Player. The permalink represents a public viewing/metadata surface; MAR does not download or redistribute the audiovisual media and does not infer a licence to reproduce it.,,roads searched,,Patrimônio fílmico irlandês em acesso público,Streaming audiovisual institucional público
IFI Irish Film Archive,ifi-irish-film-archive,Ireland,Europe,IE-IFI-IFA,National film archive,https://ifiarchiveplayer.ie/,True,True,https://ifiarchiveplayer.ie/,IFI Archive Player,https://ifiarchiveplayer.ie/roll-16-annes-third-birthday-et-al/,roll 16 annes third birthday et al,IFI Archive Player film record,Public film-page metadata exposed by the IFI Archive Player. The permalink represents a public viewing/metadata surface; MAR does not download or redistribute the audiovisual media and does not infer a licence to reproduce it.,,roll 16 annes third birthday et al,,Patrimônio fílmico irlandês em acesso público,Streaming audiovisual institucional público
IFI Irish Film Archive,ifi-irish-film-archive,Ireland,Europe,IE-IFI-IFA,National film archive,https://ifiarchiveplayer.ie/,True,True,https://ifiarchiveplayer.ie/,IFI Archive Player,https://ifiarchiveplayer.ie/roll-21-achill-1969/,roll 21 achill 1969,IFI Archive Player film record,Public film-page metadata exposed by the IFI Archive Player. The permalink represents a public viewing/metadata surface; MAR does not download or redistribute the audiovisual media and does not infer a licence to reproduce it.,,roll 21 achill 1969,,Patrimônio fílmico irlandês em acesso público,Streaming audiovisual institucional público
IFI Irish Film Archive,ifi-irish-film-archive,Ireland,Europe,IE-IFI-IFA,National film archive,https://ifiarchiveplayer.ie/,True,True,https://ifiarchiveplayer.ie/,IFI Archive Player,https://ifiarchiveplayer.ie/ronson-escort-2000/,ronson escort 2000,IFI Archive Player film record,Public film-page metadata exposed by the IFI Archive Player. The permalink represents a public viewing/metadata surface; MAR does not download or redistribute the audiovisual media and does not infer a licence to reproduce it.,,ronson escort 2000,,Patrimônio fílmico irlandês em acesso público,Streaming audiovisual institucional público
IFI Irish Film Archive,ifi-irish-film-archive,Ireland,Europe,IE-IFI-IFA,National film archive,https://ifiarchiveplayer.ie/,True,True,https://ifiarchiveplayer.ie/,IFI Archive Player,https://ifiarchiveplayer.ie/rory/,rory,IFI Archive Player film record,Public film-page metadata exposed by the IFI Archive Player. The permalink represents a public viewing/metadata surface; MAR does not download or redistribute the audiovisual media and does not infer a licence to reproduce it.,,rory,,Patrimônio fílmico irlandês em acesso público,Streaming audiovisual institucional público
IFI Irish Film Archive,ifi-irish-film-archive,Ireland,Europe,IE-IFI-IFA,National film archive,https://ifiarchiveplayer.ie/,True,True,https://ifiarchiveplayer.ie/,IFI Archive Player,https://ifiarchiveplayer.ie/roscrea-farming-with-a-difference/,roscrea farming with a difference,IFI Archive Player film record,Public film-page metadata exposed by the IFI Archive Player. The permalink represents a public viewing/metadata surface; MAR does not download or redistribute the audiovisual media and does not infer a licence to reproduce it.,,roscrea farming with a difference,,Patrimônio fílmico irlandês em acesso público,Streaming audiovisual institucional público
IFI Irish Film Archive,ifi-irish-film-archive,Ireland,Europe,IE-IFI-IFA,National film archive,https://ifiarchiveplayer.ie/,True,True,https://ifiarchiveplayer.ie/,IFI Archive Player,https://ifiarchiveplayer.ie/rose-of-tralee-final/,rose of tralee final,IFI Archive Player film record,Public film-page metadata exposed by the IFI Archive Player. The permalink represents a public viewing/metadata surface; MAR does not download or redistribute the audiovisual media and does not infer a licence to reproduce it.,,rose of tralee final,,Patrimônio fílmico irlandês em acesso público,Streaming audiovisual institucional público
IFI Irish Film Archive,ifi-irish-film-archive,Ireland,Europe,IE-IFI-IFA,National film archive,https://ifiarchiveplayer.ie/,True,True,https://ifiarchiveplayer.ie/,IFI Archive Player,https://ifiarchiveplayer.ie/round-the-world-catamaran-under-sail/,round the world catamaran under sail,IFI Archive Player film record,Public film-page metadata exposed by the IFI Archive Player. The permalink represents a public viewing/metadata surface; MAR does not download or redistribute the audiovisual media and does not infer a licence to reproduce it.,,round the world catamaran under sail,,Patrimônio fílmico irlandês em acesso público,Streaming audiovisual institucional público
IFI Irish Film Archive,ifi-irish-film-archive,Ireland,Europe,IE-IFI-IFA,National film archive,https://ifiarchiveplayer.ie/,True,True,https://ifiarchiveplayer.ie/,IFI Archive Player,https://ifiarchiveplayer.ie/royco-lentil-soup/,royco lentil soup,IFI Archive Player film record,Public film-page metadata exposed by the IFI Archive Player. The permalink represents a public viewing/metadata surface; MAR does not download or redistribute the audiovisual media and does not infer a licence to reproduce it.,,royco lentil soup,,Patrimônio fílmico irlandês em acesso público,Streaming audiovisual institucional público
IFI Irish Film Archive,ifi-irish-film-archive,Ireland,Europe,IE-IFI-IFA,National film archive,https://ifiarchiveplayer.ie/,True,True,https://ifiarchiveplayer.ie/,IFI Archive Player,https://ifiarchiveplayer.ie/royco-oxtail-soup/,royco oxtail soup,IFI Archive Player film record,Public film-page metadata exposed by the IFI Archive Player. The permalink represents a public viewing/metadata surface; MAR does not download or redistribute the audiovisual media and does not infer a licence to reproduce it.,,royco oxtail soup,,Patrimônio fílmico irlandês em acesso público,Streaming audiovisual institucional público
IFI Irish Film Archive,ifi-irish-film-archive,Ireland,Europe,IE-IFI-IFA,National film archive,https://ifiarchiveplayer.ie/,True,True,https://ifiarchiveplayer.ie/,IFI Archive Player,https://ifiarchiveplayer.ie/royco-soup/,royco soup,IFI Archive Player film record,Public film-page metadata exposed by the IFI Archive Player. The permalink represents a public viewing/metadata surface; MAR does not download or redistribute the audiovisual media and does not infer a licence to reproduce it.,,royco soup,,Patrimônio fílmico irlandês em acesso público,Streaming audiovisual institucional público
IFI Irish Film Archive,ifi-irish-film-archive,Ireland,Europe,IE-IFI-IFA,National film archive,https://ifiarchiveplayer.ie/,True,True,https://ifiarchiveplayer.ie/,IFI Archive Player,https://ifiarchiveplayer.ie/rubai/,rubai,IFI Archive Player film record,Public film-page metadata exposed by the IFI Archive Player. The permalink represents a public viewing/metadata surface; MAR does not download or redistribute the audiovisual media and does not infer a licence to reproduce it.,,rubai,,Patrimônio fílmico irlandês em acesso público,Streaming audiovisual institucional público
IFI Irish Film Archive,ifi-irish-film-archive,Ireland,Europe,IE-IFI-IFA,National film archive,https://ifiarchiveplayer.ie/,True,True,https://ifiarchiveplayer.ie/,IFI Archive Player,https://ifiarchiveplayer.ie/running/,running,IFI Archive Player film record,Public film-page metadata exposed by the IFI Archive Player. The permalink represents a public viewing/metadata surface; MAR does not download or redistribute the audiovisual media and does not infer a licence to reproduce it.,,running,,Patrimônio fílmico irlandês em acesso público,Streaming audiovisual institucional público
IFI Irish Film Archive,ifi-irish-film-archive,Ireland,Europe,IE-IFI-IFA,National film archive,https://ifiarchiveplayer.ie/,True,True,https://ifiarchiveplayer.ie/,IFI Archive Player,https://ifiarchiveplayer.ie/sackville-street-in-flames/,sackville street in flames,IFI Archive Player film record,Public film-page metadata exposed by the IFI Archive Player. The permalink represents a public viewing/metadata surface; MAR does not download or redistribute the audiovisual media and does not infer a licence to reproduce it.,,sackville street in flames,,Patrimônio fílmico irlandês em acesso público,Streaming audiovisual institucional público
IFI Irish Film Archive,ifi-irish-film-archive,Ireland,Europe,IE-IFI-IFA,National film archive,https://ifiarchiveplayer.ie/,True,True,https://ifiarchiveplayer.ie/,IFI Archive Player,https://ifiarchiveplayer.ie/safe-cycling/,safe cycling,IFI Archive Player film record,Public film-page metadata exposed by the IFI Archive Player. The permalink represents a public viewing/metadata surface; MAR does not download or redistribute the audiovisual media and does not infer a licence to reproduce it.,,safe cycling,,Patrimônio fílmico irlandês em acesso público,Streaming audiovisual institucional público
IFI Irish Film Archive,ifi-irish-film-archive,Ireland,Europe,IE-IFI-IFA,National film archive,https://ifiarchiveplayer.ie/,True,True,https://ifiarchiveplayer.ie/,IFI Archive Player,https://ifiarchiveplayer.ie/saint-patricks-day-1916/,saint patricks day 1916,IFI Archive Player film record,Public film-page metadata exposed by the IFI Archive Player. The permalink represents a public viewing/metadata surface; MAR does not download or redistribute the audiovisual media and does not infer a licence to reproduce it.,,saint patricks day 1916,,Patrimônio fílmico irlandês em acesso público,Streaming audiovisual institucional público
IFI Irish Film Archive,ifi-irish-film-archive,Ireland,Europe,IE-IFI-IFA,National film archive,https://ifiarchiveplayer.ie/,True,True,https://ifiarchiveplayer.ie/,IFI Archive Player,https://ifiarchiveplayer.ie/saint-patricks-day-1917/,saint patricks day 1917,IFI Archive Player film record,Public film-page metadata exposed by the IFI Archive Player. The permalink represents a public viewing/metadata surface; MAR does not download or redistribute the audiovisual media and does not infer a licence to reproduce it.,,saint patricks day 1917,,Patrimônio fílmico irlandês em acesso público,Streaming audiovisual institucional público
IFI Irish Film Archive,ifi-irish-film-archive,Ireland,Europe,IE-IFI-IFA,National film archive,https://ifiarchiveplayer.ie/,True,True,https://ifiarchiveplayer.ie/,IFI Archive Player,https://ifiarchiveplayer.ie/sandeman-port/,sandeman port,IFI Archive Player film record,Public film-page metadata exposed by the IFI Archive Player. The permalink represents a public viewing/metadata surface; MAR does not download or redistribute the audiovisual media and does not infer a licence to reproduce it.,,sandeman port,,Patrimônio fílmico irlandês em acesso público,Streaming audiovisual institucional público
IFI Irish Film Archive,ifi-irish-film-archive,Ireland,Europe,IE-IFI-IFA,National film archive,https://ifiarchiveplayer.ie/,True,True,https://ifiarchiveplayer.ie/,IFI Archive Player,https://ifiarchiveplayer.ie/sandeman-ruby-port/,sandeman ruby port,IFI Archive Player film record,Public film-page metadata exposed by the IFI Archive Player. The permalink represents a public viewing/metadata surface; MAR does not download or redistribute the audiovisual media and does not infer a licence to reproduce it.,,sandeman ruby port,,Patrimônio fílmico irlandês em acesso público,Streaming audiovisual institucional público
IFI Irish Film Archive,ifi-irish-film-archive,Ireland,Europe,IE-IFI-IFA,National film archive,https://ifiarchiveplayer.ie/,True,True,https://ifiarchiveplayer.ie/,IFI Archive Player,https://ifiarchiveplayer.ie/sandy-cove-gala/,sandy cove gala,IFI Archive Player film record,Public film-page metadata exposed by the IFI Archive Player. The permalink represents a public viewing/metadata surface; MAR does not download or redistribute the audiovisual media and does not infer a licence to reproduce it.,,sandy cove gala,,Patrimônio fílmico irlandês em acesso público,Streaming audiovisual institucional público
IFI Irish Film Archive,ifi-irish-film-archive,Ireland,Europe,IE-IFI-IFA,National film archive,https://ifiarchiveplayer.ie/,True,True,https://ifiarchiveplayer.ie/,IFI Archive Player,https://ifiarchiveplayer.ie/sceal-na-laoch/,sceal na laoch,IFI Archive Player film record,Public film-page metadata exposed by the IFI Archive Player. The permalink represents a public viewing/metadata surface; MAR does not download or redistribute the audiovisual media and does not infer a licence to reproduce it.,,sceal na laoch,,Patrimônio fílmico irlandês em acesso público,Streaming audiovisual institucional público
IFI Irish Film Archive,ifi-irish-film-archive,Ireland,Europe,IE-IFI-IFA,National film archive,https://ifiarchiveplayer.ie/,True,True,https://ifiarchiveplayer.ie/,IFI Archive Player,https://ifiarchiveplayer.ie/scenes-in-dublin-conscription-protests/,scenes in dublin conscription protests,IFI Archive Player film record,Public film-page metadata exposed by the IFI Archive Player. The permalink represents a public viewing/metadata surface; MAR does not download or redistribute the audiovisual media and does not infer a licence to reproduce it.,,scenes in dublin conscription protests,,Patrimônio fílmico irlandês em acesso público,Streaming audiovisual institucional público
IFI Irish Film Archive,ifi-irish-film-archive,Ireland,Europe,IE-IFI-IFA,National film archive,https://ifiarchiveplayer.ie/,True,True,https://ifiarchiveplayer.ie/,IFI Archive Player,https://ifiarchiveplayer.ie/scholarship-children-home-from-gaeltacht/,scholarship children home from gaeltacht,IFI Archive Player film record,Public film-page metadata exposed by the IFI Archive Player. The permalink represents a public viewing/metadata surface; MAR does not download or redistribute the audiovisual media and does not infer a licence to reproduce it.,,scholarship children home from gaeltacht,,Patrimônio fílmico irlandês em acesso público,Streaming audiovisual institucional público
IFI Irish Film Archive,ifi-irish-film-archive,Ireland,Europe,IE-IFI-IFA,National film archive,https://ifiarchiveplayer.ie/,True,True,https://ifiarchiveplayer.ie/,IFI Archive Player,https://ifiarchiveplayer.ie/schweppes-calorie-mixers/,schweppes calorie mixers,IFI Archive Player film record,Public film-page metadata exposed by the IFI Archive Player. The permalink represents a public viewing/metadata surface; MAR does not download or redistribute the audiovisual media and does not infer a licence to reproduce it.,,schweppes calorie mixers,,Patrimônio fílmico irlandês em acesso público,Streaming audiovisual institucional público
IFI Irish Film Archive,ifi-irish-film-archive,Ireland,Europe,IE-IFI-IFA,National film archive,https://ifiarchiveplayer.ie/,True,True,https://ifiarchiveplayer.ie/,IFI Archive Player,https://ifiarchiveplayer.ie/schweppes-slimline-look-jingle/,schweppes slimline look jingle,IFI Archive Player film record,Public film-page metadata exposed by the IFI Archive Player. The permalink represents a public viewing/metadata surface; MAR does not download or redistribute the audiovisual media and does not infer a licence to reproduce it.,,schweppes slimline look jingle,,Patrimônio fílmico irlandês em acesso público,Streaming audiovisual institucional público
IFI Irish Film Archive,ifi-irish-film-archive,Ireland,Europe,IE-IFI-IFA,National film archive,https://ifiarchiveplayer.ie/,True,True,https://ifiarchiveplayer.ie/,IFI Archive Player,https://ifiarchiveplayer.ie/schweppes-the-slimline-look/,schweppes the slimline look,IFI Archive Player film record,Public film-page metadata exposed by the IFI Archive Player. The permalink represents a public viewing/metadata surface; MAR does not download or redistribute the audiovisual media and does not infer a licence to reproduce it.,,schweppes the slimline look,,Patrimônio fílmico irlandês em acesso público,Streaming audiovisual institucional público
IFI Irish Film Archive,ifi-irish-film-archive,Ireland,Europe,IE-IFI-IFA,National film archive,https://ifiarchiveplayer.ie/,True,True,https://ifiarchiveplayer.ie/,IFI Archive Player,https://ifiarchiveplayer.ie/scotties-tissues/,scotties tissues,IFI Archive Player film record,Public film-page metadata exposed by the IFI Archive Player. The permalink represents a public viewing/metadata surface; MAR does not download or redistribute the audiovisual media and does not infer a licence to reproduce it.,,scotties tissues,,Patrimônio fílmico irlandês em acesso público,Streaming audiovisual institucional público
IFI Irish Film Archive,ifi-irish-film-archive,Ireland,Europe,IE-IFI-IFA,National film archive,https://ifiarchiveplayer.ie/,True,True,https://ifiarchiveplayer.ie/,IFI Archive Player,https://ifiarchiveplayer.ie/sealion/,sealion,IFI Archive Player film record,Public film-page metadata exposed by the IFI Archive Player. The permalink represents a public viewing/metadata surface; MAR does not download or redistribute the audiovisual media and does not infer a licence to reproduce it.,,sealion,,Patrimônio fílmico irlandês em acesso público,Streaming audiovisual institucional público
IFI Irish Film Archive,ifi-irish-film-archive,Ireland,Europe,IE-IFI-IFA,National film archive,https://ifiarchiveplayer.ie/,True,True,https://ifiarchiveplayer.ie/,IFI Archive Player,https://ifiarchiveplayer.ie/seashore-motif-in-spring-clothes/,seashore motif in spring clothes,IFI Archive Player film record,Public film-page metadata exposed by the IFI Archive Player. The permalink represents a public viewing/metadata surface; MAR does not download or redistribute the audiovisual media and does not infer a licence to reproduce it.,,seashore motif in spring clothes,,Patrimônio fílmico irlandês em acesso público,Streaming audiovisual institucional público
IFI Irish Film Archive,ifi-irish-film-archive,Ireland,Europe,IE-IFI-IFA,National film archive,https://ifiarchiveplayer.ie/,True,True,https://ifiarchiveplayer.ie/,IFI Archive Player,https://ifiarchiveplayer.ie/senators-and-tds-tour-bord-na-mona-works/,senators and tds tour bord na mona works,IFI Archive Player film record,Public film-page metadata exposed by the IFI Archive Player. The permalink represents a public viewing/metadata surface; MAR does not download or redistribute the audiovisual media and does not infer a licence to reproduce it.,,senators and tds tour bord na mona works,,Patrimônio fílmico irlandês em acesso público,Streaming audiovisual institucional público
IFI Irish Film Archive,ifi-irish-film-archive,Ireland,Europe,IE-IFI-IFA,National film archive,https://ifiarchiveplayer.ie/,True,True,https://ifiarchiveplayer.ie/,IFI Archive Player,https://ifiarchiveplayer.ie/senior-cross-country-championship/,senior cross country championship,IFI Archive Player film record,Public film-page metadata exposed by the IFI Archive Player. The permalink represents a public viewing/metadata surface; MAR does not download or redistribute the audiovisual media and does not infer a licence to reproduce it.,,senior cross country championship,,Patrimônio fílmico irlandês em acesso público,Streaming audiovisual institucional público
IFI Irish Film Archive,ifi-irish-film-archive,Ireland,Europe,IE-IFI-IFA,National film archive,https://ifiarchiveplayer.ie/,True,True,https://ifiarchiveplayer.ie/,IFI Archive Player,https://ifiarchiveplayer.ie/shannon-air-disaster-83-dead-no-survivors/,shannon air disaster 83 dead no survivors,IFI Archive Player film record,Public film-page metadata exposed by the IFI Archive Player. The permalink represents a public viewing/metadata surface; MAR does not download or redistribute the audiovisual media and does not infer a licence to reproduce it.,,shannon air disaster 83 dead no survivors,,Patrimônio fílmico irlandês em acesso público,Streaming audiovisual institucional público
IFI Irish Film Archive,ifi-irish-film-archive,Ireland,Europe,IE-IFI-IFA,National film archive,https://ifiarchiveplayer.ie/,True,True,https://ifiarchiveplayer.ie/,IFI Archive Player,https://ifiarchiveplayer.ie/shannon-airport-six-cheat-death/,shannon airport six cheat death,IFI Archive Player film record,Public film-page metadata exposed by the IFI Archive Player. The permalink represents a public viewing/metadata surface; MAR does not download or redistribute the audiovisual media and does not infer a licence to reproduce it.,,shannon airport six cheat death,,Patrimônio fílmico irlandês em acesso público,Streaming audiovisual institucional público
IFI Irish Film Archive,ifi-irish-film-archive,Ireland,Europe,IE-IFI-IFA,National film archive,https://ifiarchiveplayer.ie/,True,True,https://ifiarchiveplayer.ie/,IFI Archive Player,https://ifiarchiveplayer.ie/shannon-floods-disrupt-transport/,shannon floods disrupt transport,IFI Archive Player film record,Public film-page metadata exposed by the IFI Archive Player. The permalink represents a public viewing/metadata surface; MAR does not download or redistribute the audiovisual media and does not infer a licence to reproduce it.,,shannon floods disrupt transport,,Patrimônio fílmico irlandês em acesso público,Streaming audiovisual institucional público
IFI Irish Film Archive,ifi-irish-film-archive,Ireland,Europe,IE-IFI-IFA,National film archive,https://ifiarchiveplayer.ie/,True,True,https://ifiarchiveplayer.ie/,IFI Archive Player,https://ifiarchiveplayer.ie/shelling-of-the-four-courts/,shelling of the four courts,IFI Archive Player film record,Public film-page metadata exposed by the IFI Archive Player. The permalink represents a public viewing/metadata surface; MAR does not download or redistribute the audiovisual media and does not infer a licence to reproduce it.,,shelling of the four courts,,Patrimônio fílmico irlandês em acesso público,Streaming audiovisual institucional público
IFI Irish Film Archive,ifi-irish-film-archive,Ireland,Europe,IE-IFI-IFA,National film archive,https://ifiarchiveplayer.ie/,True,True,https://ifiarchiveplayer.ie/,IFI Archive Player,https://ifiarchiveplayer.ie/shepherd/,shepherd,IFI Archive Player film record,Public film-page metadata exposed by the IFI Archive Player. The permalink represents a public viewing/metadata surface; MAR does not download or redistribute the audiovisual media and does not infer a licence to reproduce it.,,shepherd,,Patrimônio fílmico irlandês em acesso público,Streaming audiovisual institucional público
IFI Irish Film Archive,ifi-irish-film-archive,Ireland,Europe,IE-IFI-IFA,National film archive,https://ifiarchiveplayer.ie/,True,True,https://ifiarchiveplayer.ie/,IFI Archive Player,https://ifiarchiveplayer.ie/short-documentary-moonmen/,short documentary moonmen,IFI Archive Player film record,Public film-page metadata exposed by the IFI Archive Player. The permalink represents a public viewing/metadata surface; MAR does not download or redistribute the audiovisual media and does not infer a licence to reproduce it.,,short documentary moonmen,,Patrimônio fílmico irlandês em acesso público,Streaming audiovisual institucional público
IFI Irish Film Archive,ifi-irish-film-archive,Ireland,Europe,IE-IFI-IFA,National film archive,https://ifiarchiveplayer.ie/,True,True,https://ifiarchiveplayer.ie/,IFI Archive Player,https://ifiarchiveplayer.ie/short-documentary-once-upon-a-tram/,short documentary once upon a tram,IFI Archive Player film record,Public film-page metadata exposed by the IFI Archive Player. The permalink represents a public viewing/metadata surface; MAR does not download or redistribute the audiovisual media and does not infer a licence to reproduce it.,,short documentary once upon a tram,,Patrimônio fílmico irlandês em acesso público,Streaming audiovisual institucional público
IFI Irish Film Archive,ifi-irish-film-archive,Ireland,Europe,IE-IFI-IFA,National film archive,https://ifiarchiveplayer.ie/,True,True,https://ifiarchiveplayer.ie/,IFI Archive Player,https://ifiarchiveplayer.ie/side-lights-on-sinn-fein/,side lights on sinn fein,IFI Archive Player film record,Public film-page metadata exposed by the IFI Archive Player. The permalink represents a public viewing/metadata surface; MAR does not download or redistribute the audiovisual media and does not infer a licence to reproduce it.,,side lights on sinn fein,,Patrimônio fílmico irlandês em acesso público,Streaming audiovisual institucional público
IFI Irish Film Archive,ifi-irish-film-archive,Ireland,Europe,IE-IFI-IFA,National film archive,https://ifiarchiveplayer.ie/,True,True,https://ifiarchiveplayer.ie/,IFI Archive Player,https://ifiarchiveplayer.ie/sideboard/,sideboard,IFI Archive Player film record,Public film-page metadata exposed by the IFI Archive Player. The permalink represents a public viewing/metadata surface; MAR does not download or redistribute the audiovisual media and does not infer a licence to reproduce it.,,sideboard,,Patrimônio fílmico irlandês em acesso público,Streaming audiovisual institucional público
IFI Irish Film Archive,ifi-irish-film-archive,Ireland,Europe,IE-IFI-IFA,National film archive,https://ifiarchiveplayer.ie/,True,True,https://ifiarchiveplayer.ie/,IFI Archive Player,https://ifiarchiveplayer.ie/sidney-street-siege-filming-in-dublin/,sidney street siege filming in dublin,IFI Archive Player film record,Public film-page metadata exposed by the IFI Archive Player. The permalink represents a public viewing/metadata surface; MAR does not download or redistribute the audiovisual media and does not infer a licence to reproduce it.,,sidney street siege filming in dublin,,Patrimônio fílmico irlandês em acesso público,Streaming audiovisual institucional público
IFI Irish Film Archive,ifi-irish-film-archive,Ireland,Europe,IE-IFI-IFA,National film archive,https://ifiarchiveplayer.ie/,True,True,https://ifiarchiveplayer.ie/,IFI Archive Player,https://ifiarchiveplayer.ie/silence/,silence,IFI Archive Player film record,Public film-page metadata exposed by the IFI Archive Player. The permalink represents a public viewing/metadata surface; MAR does not download or redistribute the audiovisual media and does not infer a licence to reproduce it.,,silence,,Patrimônio fílmico irlandês em acesso público,Streaming audiovisual institucional público
IFI Irish Film Archive,ifi-irish-film-archive,Ireland,Europe,IE-IFI-IFA,National film archive,https://ifiarchiveplayer.ie/,True,True,https://ifiarchiveplayer.ie/,IFI Archive Player,https://ifiarchiveplayer.ie/sinn-fein-cabinet-divided/,sinn fein cabinet divided,IFI Archive Player film record,Public film-page metadata exposed by the IFI Archive Player. The permalink represents a public viewing/metadata surface; MAR does not download or redistribute the audiovisual media and does not infer a licence to reproduce it.,,sinn fein cabinet divided,,Patrimônio fílmico irlandês em acesso público,Streaming audiovisual institucional público
IFI Irish Film Archive,ifi-irish-film-archive,Ireland,Europe,IE-IFI-IFA,National film archive,https://ifiarchiveplayer.ie/,True,True,https://ifiarchiveplayer.ie/,IFI Archive Player,https://ifiarchiveplayer.ie/sinn-fein-rebels/,sinn fein rebels,IFI Archive Player film record,Public film-page metadata exposed by the IFI Archive Player. The permalink represents a public viewing/metadata surface; MAR does not download or redistribute the audiovisual media and does not infer a licence to reproduce it.,,sinn fein rebels,,Patrimônio fílmico irlandês em acesso público,Streaming audiovisual institucional público
IFI Irish Film Archive,ifi-irish-film-archive,Ireland,Europe,IE-IFI-IFA,National film archive,https://ifiarchiveplayer.ie/,True,True,https://ifiarchiveplayer.ie/,IFI Archive Player,https://ifiarchiveplayer.ie/sinn-fein-rising-liberty-hall-part-1/,sinn fein rising liberty hall part 1,IFI Archive Player film record,Public film-page metadata exposed by the IFI Archive Player. The permalink represents a public viewing/metadata surface; MAR does not download or redistribute the audiovisual media and does not infer a licence to reproduce it.,,sinn fein rising liberty hall part 1,,Patrimônio fílmico irlandês em acesso público,Streaming audiovisual institucional público
IFI Irish Film Archive,ifi-irish-film-archive,Ireland,Europe,IE-IFI-IFA,National film archive,https://ifiarchiveplayer.ie/,True,True,https://ifiarchiveplayer.ie/,IFI Archive Player,https://ifiarchiveplayer.ie/sinn-fein-rising-liberty-hall-part-2/,sinn fein rising liberty hall part 2,IFI Archive Player film record,Public film-page metadata exposed by the IFI Archive Player. The permalink represents a public viewing/metadata surface; MAR does not download or redistribute the audiovisual media and does not infer a licence to reproduce it.,,sinn fein rising liberty hall part 2,,Patrimônio fílmico irlandês em acesso público,Streaming audiovisual institucional público
IFI Irish Film Archive,ifi-irish-film-archive,Ireland,Europe,IE-IFI-IFA,National film archive,https://ifiarchiveplayer.ie/,True,True,https://ifiarchiveplayer.ie/,IFI Archive Player,https://ifiarchiveplayer.ie/siucra-brown-sugar-coffee/,siucra brown sugar coffee,IFI Archive Player film record,Public film-page metadata exposed by the IFI Archive Player. The permalink represents a public viewing/metadata surface; MAR does not download or redistribute the audiovisual media and does not infer a licence to reproduce it.,,siucra brown sugar coffee,,Patrimônio fílmico irlandês em acesso público,Streaming audiovisual institucional público
IFI Irish Film Archive,ifi-irish-film-archive,Ireland,Europe,IE-IFI-IFA,National film archive,https://ifiarchiveplayer.ie/,True,True,https://ifiarchiveplayer.ie/,IFI Archive Player,https://ifiarchiveplayer.ie/siucra-icing-sugar/,siucra icing sugar,IFI Archive Player film record,Public film-page metadata exposed by the IFI Archive Player. The permalink represents a public viewing/metadata surface; MAR does not download or redistribute the audiovisual media and does not infer a licence to reproduce it.,,siucra icing sugar,,Patrimônio fílmico irlandês em acesso público,Streaming audiovisual institucional público
IFI Irish Film Archive,ifi-irish-film-archive,Ireland,Europe,IE-IFI-IFA,National film archive,https://ifiarchiveplayer.ie/,True,True,https://ifiarchiveplayer.ie/,IFI Archive Player,https://ifiarchiveplayer.ie/six-shooter/,six shooter,IFI Archive Player film record,Public film-page metadata exposed by the IFI Archive Player. The permalink represents a public viewing/metadata surface; MAR does not download or redistribute the audiovisual media and does not infer a licence to reproduce it.,,six shooter,,Patrimônio fílmico irlandês em acesso público,Streaming audiovisual institucional público
IFI Irish Film Archive,ifi-irish-film-archive,Ireland,Europe,IE-IFI-IFA,National film archive,https://ifiarchiveplayer.ie/,True,True,https://ifiarchiveplayer.ie/,IFI Archive Player,https://ifiarchiveplayer.ie/skyscraper-to-replace-dublin-theatre/,skyscraper to replace dublin theatre,IFI Archive Player film record,Public film-page metadata exposed by the IFI Archive Player. The permalink represents a public viewing/metadata surface; MAR does not download or redistribute the audiovisual media and does not infer a licence to reproduce it.,,skyscraper to replace dublin theatre,,Patrimônio fílmico irlandês em acesso público,Streaming audiovisual institucional público
IFI Irish Film Archive,ifi-irish-film-archive,Ireland,Europe,IE-IFI-IFA,National film archive,https://ifiarchiveplayer.ie/,True,True,https://ifiarchiveplayer.ie/,IFI Archive Player,https://ifiarchiveplayer.ie/slim-limbs-fondest-dreams/,slim limbs fondest dreams,IFI Archive Player film record,Public film-page metadata exposed by the IFI Archive Player. The permalink represents a public viewing/metadata surface; MAR does not download or redistribute the audiovisual media and does not infer a licence to reproduce it.,,slim limbs fondest dreams,,Patrimônio fílmico irlandês em acesso público,Streaming audiovisual institucional público
IFI Irish Film Archive,ifi-irish-film-archive,Ireland,Europe,IE-IFI-IFA,National film archive,https://ifiarchiveplayer.ie/,True,True,https://ifiarchiveplayer.ie/,IFI Archive Player,https://ifiarchiveplayer.ie/small-change/,small change,IFI Archive Player film record,Public film-page metadata exposed by the IFI Archive Player. The permalink represents a public viewing/metadata surface; MAR does not download or redistribute the audiovisual media and does not infer a licence to reproduce it.,,small change,,Patrimônio fílmico irlandês em acesso público,Streaming audiovisual institucional público
IFI Irish Film Archive,ifi-irish-film-archive,Ireland,Europe,IE-IFI-IFA,National film archive,https://ifiarchiveplayer.ie/,True,True,https://ifiarchiveplayer.ie/,IFI Archive Player,https://ifiarchiveplayer.ie/solving-boundary-question/,solving boundary question,IFI Archive Player film record,Public film-page metadata exposed by the IFI Archive Player. The permalink represents a public viewing/metadata surface; MAR does not download or redistribute the audiovisual media and does not infer a licence to reproduce it.,,solving boundary question,,Patrimônio fílmico irlandês em acesso público,Streaming audiovisual institucional público
IFI Irish Film Archive,ifi-irish-film-archive,Ireland,Europe,IE-IFI-IFA,National film archive,https://ifiarchiveplayer.ie/,True,True,https://ifiarchiveplayer.ie/,IFI Archive Player,https://ifiarchiveplayer.ie/somewhere-down-the-line/,somewhere down the line,IFI Archive Player film record,Public film-page metadata exposed by the IFI Archive Player. The permalink represents a public viewing/metadata surface; MAR does not download or redistribute the audiovisual media and does not infer a licence to reproduce it.,,somewhere down the line,,Patrimônio fílmico irlandês em acesso público,Streaming audiovisual institucional público
IFI Irish Film Archive,ifi-irish-film-archive,Ireland,Europe,IE-IFI-IFA,National film archive,https://ifiarchiveplayer.ie/,True,True,https://ifiarchiveplayer.ie/,IFI Archive Player,https://ifiarchiveplayer.ie/songs-of-the-emerald-isle/,songs of the emerald isle,IFI Archive Player film record,Public film-page metadata exposed by the IFI Archive Player. The permalink represents a public viewing/metadata surface; MAR does not download or redistribute the audiovisual media and does not infer a licence to reproduce it.,,songs of the emerald isle,,Patrimônio fílmico irlandês em acesso público,Streaming audiovisual institucional público
IFI Irish Film Archive,ifi-irish-film-archive,Ireland,Europe,IE-IFI-IFA,National film archive,https://ifiarchiveplayer.ie/,True,True,https://ifiarchiveplayer.ie/,IFI Archive Player,https://ifiarchiveplayer.ie/spar-frozen-prices/,spar frozen prices,IFI Archive Player film record,Public film-page metadata exposed by the IFI Archive Player. The permalink represents a public viewing/metadata surface; MAR does not download or redistribute the audiovisual media and does not infer a licence to reproduce it.,,spar frozen prices,,Patrimônio fílmico irlandês em acesso público,Streaming audiovisual institucional público
IFI Irish Film Archive,ifi-irish-film-archive,Ireland,Europe,IE-IFI-IFA,National film archive,https://ifiarchiveplayer.ie/,True,True,https://ifiarchiveplayer.ie/,IFI Archive Player,https://ifiarchiveplayer.ie/spar-price-train/,spar price train,IFI Archive Player film record,Public film-page metadata exposed by the IFI Archive Player. The permalink represents a public viewing/metadata surface; MAR does not download or redistribute the audiovisual media and does not infer a licence to reproduce it.,,spar price train,,Patrimônio fílmico irlandês em acesso público,Streaming audiovisual institucional público
IFI Irish Film Archive,ifi-irish-film-archive,Ireland,Europe,IE-IFI-IFA,National film archive,https://ifiarchiveplayer.ie/,True,True,https://ifiarchiveplayer.ie/,IFI Archive Player,https://ifiarchiveplayer.ie/spar-so-near-so-spar/,spar so near so spar,IFI Archive Player film record,Public film-page metadata exposed by the IFI Archive Player. The permalink represents a public viewing/metadata surface; MAR does not download or redistribute the audiovisual media and does not infer a licence to reproduce it.,,spar so near so spar,,Patrimônio fílmico irlandês em acesso público,Streaming audiovisual institucional público
IFI Irish Film Archive,ifi-irish-film-archive,Ireland,Europe,IE-IFI-IFA,National film archive,https://ifiarchiveplayer.ie/,True,True,https://ifiarchiveplayer.ie/,IFI Archive Player,https://ifiarchiveplayer.ie/spar-weekly-deals/,spar weekly deals,IFI Archive Player film record,Public film-page metadata exposed by the IFI Archive Player. The permalink represents a public viewing/metadata surface; MAR does not download or redistribute the audiovisual media and does not infer a licence to reproduce it.,,spar weekly deals,,Patrimônio fílmico irlandês em acesso público,Streaming audiovisual institucional público
IFI Irish Film Archive,ifi-irish-film-archive,Ireland,Europe,IE-IFI-IFA,National film archive,https://ifiarchiveplayer.ie/,True,True,https://ifiarchiveplayer.ie/,IFI Archive Player,https://ifiarchiveplayer.ie/specimens/,specimens,IFI Archive Player film record,Public film-page metadata exposed by the IFI Archive Player. The permalink represents a public viewing/metadata surface; MAR does not download or redistribute the audiovisual media and does not infer a licence to reproduce it.,,specimens,,Patrimônio fílmico irlandês em acesso público,Streaming audiovisual institucional público
IFI Irish Film Archive,ifi-irish-film-archive,Ireland,Europe,IE-IFI-IFA,National film archive,https://ifiarchiveplayer.ie/,True,True,https://ifiarchiveplayer.ie/,IFI Archive Player,https://ifiarchiveplayer.ie/spike-that-thirst/,spike that thirst,IFI Archive Player film record,Public film-page metadata exposed by the IFI Archive Player. The permalink represents a public viewing/metadata surface; MAR does not download or redistribute the audiovisual media and does not infer a licence to reproduce it.,,spike that thirst,,Patrimônio fílmico irlandês em acesso público,Streaming audiovisual institucional público
IFI Irish Film Archive,ifi-irish-film-archive,Ireland,Europe,IE-IFI-IFA,National film archive,https://ifiarchiveplayer.ie/,True,True,https://ifiarchiveplayer.ie/,IFI Archive Player,https://ifiarchiveplayer.ie/spray-n-stay-freedom/,spray n stay freedom,IFI Archive Player film record,Public film-page metadata exposed by the IFI Archive Player. The permalink represents a public viewing/metadata surface; MAR does not download or redistribute the audiovisual media and does not infer a licence to reproduce it.,,spray n stay freedom,,Patrimônio fílmico irlandês em acesso público,Streaming audiovisual institucional público
IFI Irish Film Archive,ifi-irish-film-archive,Ireland,Europe,IE-IFI-IFA,National film archive,https://ifiarchiveplayer.ie/,True,True,https://ifiarchiveplayer.ie/,IFI Archive Player,https://ifiarchiveplayer.ie/spring-fashions-here-already/,spring fashions here already,IFI Archive Player film record,Public film-page metadata exposed by the IFI Archive Player. The permalink represents a public viewing/metadata surface; MAR does not download or redistribute the audiovisual media and does not infer a licence to reproduce it.,,spring fashions here already,,Patrimônio fílmico irlandês em acesso público,Streaming audiovisual institucional público
IFI Irish Film Archive,ifi-irish-film-archive,Ireland,Europe,IE-IFI-IFA,National film archive,https://ifiarchiveplayer.ie/,True,True,https://ifiarchiveplayer.ie/,IFI Archive Player,https://ifiarchiveplayer.ie/spry-crisp-n-dry/,spry crisp n dry,IFI Archive Player film record,Public film-page metadata exposed by the IFI Archive Player. The permalink represents a public viewing/metadata surface; MAR does not download or redistribute the audiovisual media and does not infer a licence to reproduce it.,,spry crisp n dry,,Patrimônio fílmico irlandês em acesso público,Streaming audiovisual institucional público
IFI Irish Film Archive,ifi-irish-film-archive,Ireland,Europe,IE-IFI-IFA,National film archive,https://ifiarchiveplayer.ie/,True,True,https://ifiarchiveplayer.ie/,IFI Archive Player,https://ifiarchiveplayer.ie/st-patricks-country/,st patricks country,IFI Archive Player film record,Public film-page metadata exposed by the IFI Archive Player. The permalink represents a public viewing/metadata surface; MAR does not download or redistribute the audiovisual media and does not infer a licence to reproduce it.,,st patricks country,,Patrimônio fílmico irlandês em acesso público,Streaming audiovisual institucional público
IFI Irish Film Archive,ifi-irish-film-archive,Ireland,Europe,IE-IFI-IFA,National film archive,https://ifiarchiveplayer.ie/,True,True,https://ifiarchiveplayer.ie/,IFI Archive Player,https://ifiarchiveplayer.ie/st-patricks-day-irish-colleens/,st patricks day irish colleens,IFI Archive Player film record,Public film-page metadata exposed by the IFI Archive Player. The permalink represents a public viewing/metadata surface; MAR does not download or redistribute the audiovisual media and does not infer a licence to reproduce it.,,st patricks day irish colleens,,Patrimônio fílmico irlandês em acesso público,Streaming audiovisual institucional público
IFI Irish Film Archive,ifi-irish-film-archive,Ireland,Europe,IE-IFI-IFA,National film archive,https://ifiarchiveplayer.ie/,True,True,https://ifiarchiveplayer.ie/,IFI Archive Player,https://ifiarchiveplayer.ie/stand-up-for-your-friends/,stand up for your friends,IFI Archive Player film record,Public film-page metadata exposed by the IFI Archive Player. The permalink represents a public viewing/metadata surface; MAR does not download or redistribute the audiovisual media and does not infer a licence to reproduce it.,,stand up for your friends,,Patrimônio fílmico irlandês em acesso público,Streaming audiovisual institucional público
IFI Irish Film Archive,ifi-irish-film-archive,Ireland,Europe,IE-IFI-IFA,National film archive,https://ifiarchiveplayer.ie/,True,True,https://ifiarchiveplayer.ie/,IFI Archive Player,https://ifiarchiveplayer.ie/stand-up-to-bullying/,stand up to bullying,IFI Archive Player film record,Public film-page metadata exposed by the IFI Archive Player. The permalink represents a public viewing/metadata surface; MAR does not download or redistribute the audiovisual media and does not infer a licence to reproduce it.,,stand up to bullying,,Patrimônio fílmico irlandês em acesso público,Streaming audiovisual institucional público
IFI Irish Film Archive,ifi-irish-film-archive,Ireland,Europe,IE-IFI-IFA,National film archive,https://ifiarchiveplayer.ie/,True,True,https://ifiarchiveplayer.ie/,IFI Archive Player,https://ifiarchiveplayer.ie/stars-attend-charity-premiere/,stars attend charity premiere,IFI Archive Player film record,Public film-page metadata exposed by the IFI Archive Player. The permalink represents a public viewing/metadata surface; MAR does not download or redistribute the audiovisual media and does not infer a licence to reproduce it.,,stars attend charity premiere,,Patrimônio fílmico irlandês em acesso público,Streaming audiovisual institucional público
IFI Irish Film Archive,ifi-irish-film-archive,Ireland,Europe,IE-IFI-IFA,National film archive,https://ifiarchiveplayer.ie/,True,True,https://ifiarchiveplayer.ie/,IFI Archive Player,https://ifiarchiveplayer.ie/state-entry-to-dublin-castle-1915/,state entry to dublin castle 1915,IFI Archive Player film record,Public film-page metadata exposed by the IFI Archive Player. The permalink represents a public viewing/metadata surface; MAR does not download or redistribute the audiovisual media and does not infer a licence to reproduce it.,,state entry to dublin castle 1915,,Patrimônio fílmico irlandês em acesso público,Streaming audiovisual institucional público
IFI Irish Film Archive,ifi-irish-film-archive,Ireland,Europe,IE-IFI-IFA,National film archive,https://ifiarchiveplayer.ie/,True,True,https://ifiarchiveplayer.ie/,IFI Archive Player,https://ifiarchiveplayer.ie/statistic/,statistic,IFI Archive Player film record,Public film-page metadata exposed by the IFI Archive Player. The permalink represents a public viewing/metadata surface; MAR does not download or redistribute the audiovisual media and does not infer a licence to reproduce it.,,statistic,,Patrimônio fílmico irlandês em acesso público,Streaming audiovisual institucional público
IFI Irish Film Archive,ifi-irish-film-archive,Ireland,Europe,IE-IFI-IFA,National film archive,https://ifiarchiveplayer.ie/,True,True,https://ifiarchiveplayer.ie/,IFI Archive Player,https://ifiarchiveplayer.ie/statistic-2/,statistic 2,IFI Archive Player film record,Public film-page metadata exposed by the IFI Archive Player. The permalink represents a public viewing/metadata surface; MAR does not download or redistribute the audiovisual media and does not infer a licence to reproduce it.,,statistic 2,,Patrimônio fílmico irlandês em acesso público,Streaming audiovisual institucional público
IFI Irish Film Archive,ifi-irish-film-archive,Ireland,Europe,IE-IFI-IFA,National film archive,https://ifiarchiveplayer.ie/,True,True,https://ifiarchiveplayer.ie/,IFI Archive Player,https://ifiarchiveplayer.ie/stones-will-speak/,stones will speak,IFI Archive Player film record,Public film-page metadata exposed by the IFI Archive Player. The permalink represents a public viewing/metadata surface; MAR does not download or redistribute the audiovisual media and does not infer a licence to reproduce it.,,stones will speak,,Patrimônio fílmico irlandês em acesso público,Streaming audiovisual institucional público
IFI Irish Film Archive,ifi-irish-film-archive,Ireland,Europe,IE-IFI-IFA,National film archive,https://ifiarchiveplayer.ie/,True,True,https://ifiarchiveplayer.ie/,IFI Archive Player,https://ifiarchiveplayer.ie/stop-on-the-way/,stop on the way,IFI Archive Player film record,Public film-page metadata exposed by the IFI Archive Player. The permalink represents a public viewing/metadata surface; MAR does not download or redistribute the audiovisual media and does not infer a licence to reproduce it.,,stop on the way,,Patrimônio fílmico irlandês em acesso público,Streaming audiovisual institucional público
IFI Irish Film Archive,ifi-irish-film-archive,Ireland,Europe,IE-IFI-IFA,National film archive,https://ifiarchiveplayer.ie/,True,True,https://ifiarchiveplayer.ie/,IFI Archive Player,https://ifiarchiveplayer.ie/stop-thief/,stop thief,IFI Archive Player film record,Public film-page metadata exposed by the IFI Archive Player. The permalink represents a public viewing/metadata surface; MAR does not download or redistribute the audiovisual media and does not infer a licence to reproduce it.,,stop thief,,Patrimônio fílmico irlandês em acesso público,Streaming audiovisual institucional público
IFI Irish Film Archive,ifi-irish-film-archive,Ireland,Europe,IE-IFI-IFA,National film archive,https://ifiarchiveplayer.ie/,True,True,https://ifiarchiveplayer.ie/,IFI Archive Player,https://ifiarchiveplayer.ie/storm-damage-to-dublin-wexford-line/,storm damage to dublin wexford line,IFI Archive Player film record,Public film-page metadata exposed by the IFI Archive Player. The permalink represents a public viewing/metadata surface; MAR does not download or redistribute the audiovisual media and does not infer a licence to reproduce it.,,storm damage to dublin wexford line,,Patrimônio fílmico irlandês em acesso público,Streaming audiovisual institucional público
IFI Irish Film Archive,ifi-irish-film-archive,Ireland,Europe,IE-IFI-IFA,National film archive,https://ifiarchiveplayer.ie/,True,True,https://ifiarchiveplayer.ie/,IFI Archive Player,https://ifiarchiveplayer.ie/strange-contrasts-at-fleadh-ceoil-gorey/,strange contrasts at fleadh ceoil gorey,IFI Archive Player film record,Public film-page metadata exposed by the IFI Archive Player. The permalink represents a public viewing/metadata surface; MAR does not download or redistribute the audiovisual media and does not infer a licence to reproduce it.,,strange contrasts at fleadh ceoil gorey,,Patrimônio fílmico irlandês em acesso público,Streaming audiovisual institucional público
IFI Irish Film Archive,ifi-irish-film-archive,Ireland,Europe,IE-IFI-IFA,National film archive,https://ifiarchiveplayer.ie/,True,True,https://ifiarchiveplayer.ie/,IFI Archive Player,https://ifiarchiveplayer.ie/strike-scenes-in-limerick/,strike scenes in limerick,IFI Archive Player film record,Public film-page metadata exposed by the IFI Archive Player. The permalink represents a public viewing/metadata surface; MAR does not download or redistribute the audiovisual media and does not infer a licence to reproduce it.,,strike scenes in limerick,,Patrimônio fílmico irlandês em acesso público,Streaming audiovisual institucional público
IFI Irish Film Archive,ifi-irish-film-archive,Ireland,Europe,IE-IFI-IFA,National film archive,https://ifiarchiveplayer.ie/,True,True,https://ifiarchiveplayer.ie/,IFI Archive Player,https://ifiarchiveplayer.ie/students-ban-the-bomb-march-ends-in-explosion/,students ban the bomb march ends in explosion,IFI Archive Player film record,Public film-page metadata exposed by the IFI Archive Player. The permalink represents a public viewing/metadata surface; MAR does not download or redistribute the audiovisual media and does not infer a licence to reproduce it.,,students ban the bomb march ends in explosion,,Patrimônio fílmico irlandês em acesso público,Streaming audiovisual institucional público
IFI Irish Film Archive,ifi-irish-film-archive,Ireland,Europe,IE-IFI-IFA,National film archive,https://ifiarchiveplayer.ie/,True,True,https://ifiarchiveplayer.ie/,IFI Archive Player,https://ifiarchiveplayer.ie/sudocrem-a-great-friend/,sudocrem a great friend,IFI Archive Player film record,Public film-page metadata exposed by the IFI Archive Player. The permalink represents a public viewing/metadata surface; MAR does not download or redistribute the audiovisual media and does not infer a licence to reproduce it.,,sudocrem a great friend,,Patrimônio fílmico irlandês em acesso público,Streaming audiovisual institucional público
IFI Irish Film Archive,ifi-irish-film-archive,Ireland,Europe,IE-IFI-IFA,National film archive,https://ifiarchiveplayer.ie/,True,True,https://ifiarchiveplayer.ie/,IFI Archive Player,https://ifiarchiveplayer.ie/sudotex-hand-cream/,sudotex hand cream,IFI Archive Player film record,Public film-page metadata exposed by the IFI Archive Player. The permalink represents a public viewing/metadata surface; MAR does not download or redistribute the audiovisual media and does not infer a licence to reproduce it.,,sudotex hand cream,,Patrimônio fílmico irlandês em acesso público,Streaming audiovisual institucional público
IFI Irish Film Archive,ifi-irish-film-archive,Ireland,Europe,IE-IFI-IFA,National film archive,https://ifiarchiveplayer.ie/,True,True,https://ifiarchiveplayer.ie/,IFI Archive Player,https://ifiarchiveplayer.ie/summer/,summer,IFI Archive Player film record,Public film-page metadata exposed by the IFI Archive Player. The permalink represents a public viewing/metadata surface; MAR does not download or redistribute the audiovisual media and does not infer a licence to reproduce it.,,summer,,Patrimônio fílmico irlandês em acesso público,Streaming audiovisual institucional público
IFI Irish Film Archive,ifi-irish-film-archive,Ireland,Europe,IE-IFI-IFA,National film archive,https://ifiarchiveplayer.ie/,True,True,https://ifiarchiveplayer.ie/,IFI Archive Player,https://ifiarchiveplayer.ie/summer-buzz/,summer buzz,IFI Archive Player film record,Public film-page metadata exposed by the IFI Archive Player. The permalink represents a public viewing/metadata surface; MAR does not download or redistribute the audiovisual media and does not infer a licence to reproduce it.,,summer buzz,,Patrimônio fílmico irlandês em acesso público,Streaming audiovisual institucional público
IFI Irish Film Archive,ifi-irish-film-archive,Ireland,Europe,IE-IFI-IFA,National film archive,https://ifiarchiveplayer.ie/,True,True,https://ifiarchiveplayer.ie/,IFI Archive Player,https://ifiarchiveplayer.ie/summer-school-for-athletes/,summer school for athletes,IFI Archive Player film record,Public film-page metadata exposed by the IFI Archive Player. The permalink represents a public viewing/metadata surface; MAR does not download or redistribute the audiovisual media and does not infer a licence to reproduce it.,,summer school for athletes,,Patrimônio fílmico irlandês em acesso público,Streaming audiovisual institucional público
IFI Irish Film Archive,ifi-irish-film-archive,Ireland,Europe,IE-IFI-IFA,National film archive,https://ifiarchiveplayer.ie/,True,True,https://ifiarchiveplayer.ie/,IFI Archive Player,https://ifiarchiveplayer.ie/summer-school-for-athletes-2/,summer school for athletes 2,IFI Archive Player film record,Public film-page metadata exposed by the IFI Archive Player. The permalink represents a public viewing/metadata surface; MAR does not download or redistribute the audiovisual media and does not infer a licence to reproduce it.,,summer school for athletes 2,,Patrimônio fílmico irlandês em acesso público,Streaming audiovisual institucional público
IFI Irish Film Archive,ifi-irish-film-archive,Ireland,Europe,IE-IFI-IFA,National film archive,https://ifiarchiveplayer.ie/,True,True,https://ifiarchiveplayer.ie/,IFI Archive Player,https://ifiarchiveplayer.ie/sunbound-holidays-20/,sunbound holidays 20,IFI Archive Player film record,Public film-page metadata exposed by the IFI Archive Player. The permalink represents a public viewing/metadata surface; MAR does not download or redistribute the audiovisual media and does not infer a licence to reproduce it.,,sunbound holidays 20,,Patrimônio fílmico irlandês em acesso público,Streaming audiovisual institucional público
IFI Irish Film Archive,ifi-irish-film-archive,Ireland,Europe,IE-IFI-IFA,National film archive,https://ifiarchiveplayer.ie/,True,True,https://ifiarchiveplayer.ie/,IFI Archive Player,https://ifiarchiveplayer.ie/take-home-rain/,take home rain,IFI Archive Player film record,Public film-page metadata exposed by the IFI Archive Player. The permalink represents a public viewing/metadata surface; MAR does not download or redistribute the audiovisual media and does not infer a licence to reproduce it.,,take home rain,,Patrimônio fílmico irlandês em acesso público,Streaming audiovisual institucional público
IFI Irish Film Archive,ifi-irish-film-archive,Ireland,Europe,IE-IFI-IFA,National film archive,https://ifiarchiveplayer.ie/,True,True,https://ifiarchiveplayer.ie/,IFI Archive Player,https://ifiarchiveplayer.ie/take-me-swimming/,take me swimming,IFI Archive Player film record,Public film-page metadata exposed by the IFI Archive Player. The permalink represents a public viewing/metadata surface; MAR does not download or redistribute the audiovisual media and does not infer a licence to reproduce it.,,take me swimming,,Patrimônio fílmico irlandês em acesso público,Streaming audiovisual institucional público
IFI Irish Film Archive,ifi-irish-film-archive,Ireland,Europe,IE-IFI-IFA,National film archive,https://ifiarchiveplayer.ie/,True,True,https://ifiarchiveplayer.ie/,IFI Archive Player,https://ifiarchiveplayer.ie/taking-census-of-the-travelling-people/,taking census of the travelling people,IFI Archive Player film record,Public film-page metadata exposed by the IFI Archive Player. The permalink represents a public viewing/metadata surface; MAR does not download or redistribute the audiovisual media and does not infer a licence to reproduce it.,,taking census of the travelling people,,Patrimônio fílmico irlandês em acesso público,Streaming audiovisual institucional público
IFI Irish Film Archive,ifi-irish-film-archive,Ireland,Europe,IE-IFI-IFA,National film archive,https://ifiarchiveplayer.ie/,True,True,https://ifiarchiveplayer.ie/,IFI Archive Player,https://ifiarchiveplayer.ie/taoiseach-at-opening-of-grand-opera-season/,taoiseach at opening of grand opera season,IFI Archive Player film record,Public film-page metadata exposed by the IFI Archive Player. The permalink represents a public viewing/metadata surface; MAR does not download or redistribute the audiovisual media and does not infer a licence to reproduce it.,,taoiseach at opening of grand opera season,,Patrimônio fílmico irlandês em acesso público,Streaming audiovisual institucional público
IFI Irish Film Archive,ifi-irish-film-archive,Ireland,Europe,IE-IFI-IFA,National film archive,https://ifiarchiveplayer.ie/,True,True,https://ifiarchiveplayer.ie/,IFI Archive Player,https://ifiarchiveplayer.ie/taoiseach-opens-economic-research-unit/,taoiseach opens economic research unit,IFI Archive Player film record,Public film-page metadata exposed by the IFI Archive Player. The permalink represents a public viewing/metadata surface; MAR does not download or redistribute the audiovisual media and does not infer a licence to reproduce it.,,taoiseach opens economic research unit,,Patrimônio fílmico irlandês em acesso público,Streaming audiovisual institucional público
IFI Irish Film Archive,ifi-irish-film-archive,Ireland,Europe,IE-IFI-IFA,National film archive,https://ifiarchiveplayer.ie/,True,True,https://ifiarchiveplayer.ie/,IFI Archive Player,https://ifiarchiveplayer.ie/technical-students-show-hair-styles/,technical students show hair styles,IFI Archive Player film record,Public film-page metadata exposed by the IFI Archive Player. The permalink represents a public viewing/metadata surface; MAR does not download or redistribute the audiovisual media and does not infer a licence to reproduce it.,,technical students show hair styles,,Patrimônio fílmico irlandês em acesso público,Streaming audiovisual institucional público
IFI Irish Film Archive,ifi-irish-film-archive,Ireland,Europe,IE-IFI-IFA,National film archive,https://ifiarchiveplayer.ie/,True,True,https://ifiarchiveplayer.ie/,IFI Archive Player,https://ifiarchiveplayer.ie/telecom-eireann-anti-vandalism-advert/,telecom eireann anti vandalism advert,IFI Archive Player film record,Public film-page metadata exposed by the IFI Archive Player. The permalink represents a public viewing/metadata surface; MAR does not download or redistribute the audiovisual media and does not infer a licence to reproduce it.,,telecom eireann anti vandalism advert,,Patrimônio fílmico irlandês em acesso público,Streaming audiovisual institucional público
IFI Irish Film Archive,ifi-irish-film-archive,Ireland,Europe,IE-IFI-IFA,National film archive,https://ifiarchiveplayer.ie/,True,True,https://ifiarchiveplayer.ie/,IFI Archive Player,https://ifiarchiveplayer.ie/telefis-rings-in-the-new-year-1962/,telefis rings in the new year 1962,IFI Archive Player film record,Public film-page metadata exposed by the IFI Archive Player. The permalink represents a public viewing/metadata surface; MAR does not download or redistribute the audiovisual media and does not infer a licence to reproduce it.,,telefis rings in the new year 1962,,Patrimônio fílmico irlandês em acesso público,Streaming audiovisual institucional público
IFI Irish Film Archive,ifi-irish-film-archive,Ireland,Europe,IE-IFI-IFA,National film archive,https://ifiarchiveplayer.ie/,True,True,https://ifiarchiveplayer.ie/,IFI Archive Player,https://ifiarchiveplayer.ie/telepathy/,telepathy,IFI Archive Player film record,Public film-page metadata exposed by the IFI Archive Player. The permalink represents a public viewing/metadata surface; MAR does not download or redistribute the audiovisual media and does not infer a licence to reproduce it.,,telepathy,,Patrimônio fílmico irlandês em acesso público,Streaming audiovisual institucional público
IFI Irish Film Archive,ifi-irish-film-archive,Ireland,Europe,IE-IFI-IFA,National film archive,https://ifiarchiveplayer.ie/,True,True,https://ifiarchiveplayer.ie/,IFI Archive Player,https://ifiarchiveplayer.ie/terence-macswiney-laid-to-rest/,terence macswiney laid to rest,IFI Archive Player film record,Public film-page metadata exposed by the IFI Archive Player. The permalink represents a public viewing/metadata surface; MAR does not download or redistribute the audiovisual media and does not infer a licence to reproduce it.,,terence macswiney laid to rest,,Patrimônio fílmico irlandês em acesso público,Streaming audiovisual institucional público
IFI Irish Film Archive,ifi-irish-film-archive,Ireland,Europe,IE-IFI-IFA,National film archive,https://ifiarchiveplayer.ie/,True,True,https://ifiarchiveplayer.ie/,IFI Archive Player,https://ifiarchiveplayer.ie/terror-in-ireland/,terror in ireland,IFI Archive Player film record,Public film-page metadata exposed by the IFI Archive Player. The permalink represents a public viewing/metadata surface; MAR does not download or redistribute the audiovisual media and does not infer a licence to reproduce it.,,terror in ireland,,Patrimônio fílmico irlandês em acesso público,Streaming audiovisual institucional público
IFI Irish Film Archive,ifi-irish-film-archive,Ireland,Europe,IE-IFI-IFA,National film archive,https://ifiarchiveplayer.ie/,True,True,https://ifiarchiveplayer.ie/,IFI Archive Player,https://ifiarchiveplayer.ie/the-attack-of-the-saucer-people/,the attack of the saucer people,IFI Archive Player film record,Public film-page metadata exposed by the IFI Archive Player. The permalink represents a public viewing/metadata surface; MAR does not download or redistribute the audiovisual media and does not infer a licence to reproduce it.,,the attack of the saucer people,,Patrimônio fílmico irlandês em acesso público,Streaming audiovisual institucional público
IFI Irish Film Archive,ifi-irish-film-archive,Ireland,Europe,IE-IFI-IFA,National film archive,https://ifiarchiveplayer.ie/,True,True,https://ifiarchiveplayer.ie/,IFI Archive Player,https://ifiarchiveplayer.ie/the-ballymun-housing-project/,the ballymun housing project,IFI Archive Player film record,Public film-page metadata exposed by the IFI Archive Player. The permalink represents a public viewing/metadata surface; MAR does not download or redistribute the audiovisual media and does not infer a licence to reproduce it.,,the ballymun housing project,,Patrimônio fílmico irlandês em acesso público,Streaming audiovisual institucional público
IFI Irish Film Archive,ifi-irish-film-archive,Ireland,Europe,IE-IFI-IFA,National film archive,https://ifiarchiveplayer.ie/,True,True,https://ifiarchiveplayer.ie/,IFI Archive Player,https://ifiarchiveplayer.ie/the-best-man/,the best man,IFI Archive Player film record,Public film-page metadata exposed by the IFI Archive Player. The permalink represents a public viewing/metadata surface; MAR does not download or redistribute the audiovisual media and does not infer a licence to reproduce it.,,the best man,,Patrimônio fílmico irlandês em acesso público,Streaming audiovisual institucional público
IFI Irish Film Archive,ifi-irish-film-archive,Ireland,Europe,IE-IFI-IFA,National film archive,https://ifiarchiveplayer.ie/,True,True,https://ifiarchiveplayer.ie/,IFI Archive Player,https://ifiarchiveplayer.ie/the-blacksmith/,the blacksmith,IFI Archive Player film record,Public film-page metadata exposed by the IFI Archive Player. The permalink represents a public viewing/metadata surface; MAR does not download or redistribute the audiovisual media and does not infer a licence to reproduce it.,,the blacksmith,,Patrimônio fílmico irlandês em acesso público,Streaming audiovisual institucional público
IFI Irish Film Archive,ifi-irish-film-archive,Ireland,Europe,IE-IFI-IFA,National film archive,https://ifiarchiveplayer.ie/,True,True,https://ifiarchiveplayer.ie/,IFI Archive Player,https://ifiarchiveplayer.ie/the-border/,the border,IFI Archive Player film record,Public film-page metadata exposed by the IFI Archive Player. The permalink represents a public viewing/metadata surface; MAR does not download or redistribute the audiovisual media and does not infer a licence to reproduce it.,,the border,,Patrimônio fílmico irlandês em acesso público,Streaming audiovisual institucional público
IFI Irish Film Archive,ifi-irish-film-archive,Ireland,Europe,IE-IFI-IFA,National film archive,https://ifiarchiveplayer.ie/,True,True,https://ifiarchiveplayer.ie/,IFI Archive Player,https://ifiarchiveplayer.ie/the-breakfast/,the breakfast,IFI Archive Player film record,Public film-page metadata exposed by the IFI Archive Player. The permalink represents a public viewing/metadata surface; MAR does not download or redistribute the audiovisual media and does not infer a licence to reproduce it.,,the breakfast,,Patrimônio fílmico irlandês em acesso público,Streaming audiovisual institucional público
IFI Irish Film Archive,ifi-irish-film-archive,Ireland,Europe,IE-IFI-IFA,National film archive,https://ifiarchiveplayer.ie/,True,True,https://ifiarchiveplayer.ie/,IFI Archive Player,https://ifiarchiveplayer.ie/the-case-of-majella-mcginty/,the case of majella mcginty,IFI Archive Player film record,Public film-page metadata exposed by the IFI Archive Player. The permalink represents a public viewing/metadata surface; MAR does not download or redistribute the audiovisual media and does not infer a licence to reproduce it.,,the case of majella mcginty,,Patrimônio fílmico irlandês em acesso público,Streaming audiovisual institucional público
IFI Irish Film Archive,ifi-irish-film-archive,Ireland,Europe,IE-IFI-IFA,National film archive,https://ifiarchiveplayer.ie/,True,True,https://ifiarchiveplayer.ie/,IFI Archive Player,https://ifiarchiveplayer.ie/the-causeway-of-the-giants/,the causeway of the giants,IFI Archive Player film record,Public film-page metadata exposed by the IFI Archive Player. The permalink represents a public viewing/metadata surface; MAR does not download or redistribute the audiovisual media and does not infer a licence to reproduce it.,,the causeway of the giants,,Patrimônio fílmico irlandês em acesso público,Streaming audiovisual institucional público
IFI Irish Film Archive,ifi-irish-film-archive,Ireland,Europe,IE-IFI-IFA,National film archive,https://ifiarchiveplayer.ie/,True,True,https://ifiarchiveplayer.ie/,IFI Archive Player,https://ifiarchiveplayer.ie/the-cherishing/,the cherishing,IFI Archive Player film record,Public film-page metadata exposed by the IFI Archive Player. The permalink represents a public viewing/metadata surface; MAR does not download or redistribute the audiovisual media and does not infer a licence to reproduce it.,,the cherishing,,Patrimônio fílmico irlandês em acesso público,Streaming audiovisual institucional público
IFI Irish Film Archive,ifi-irish-film-archive,Ireland,Europe,IE-IFI-IFA,National film archive,https://ifiarchiveplayer.ie/,True,True,https://ifiarchiveplayer.ie/,IFI Archive Player,https://ifiarchiveplayer.ie/the-circus-comes-to-town/,the circus comes to town,IFI Archive Player film record,Public film-page metadata exposed by the IFI Archive Player. The permalink represents a public viewing/metadata surface; MAR does not download or redistribute the audiovisual media and does not infer a licence to reproduce it.,,the circus comes to town,,Patrimônio fílmico irlandês em acesso público,Streaming audiovisual institucional público
IFI Irish Film Archive,ifi-irish-film-archive,Ireland,Europe,IE-IFI-IFA,National film archive,https://ifiarchiveplayer.ie/,True,True,https://ifiarchiveplayer.ie/,IFI Archive Player,https://ifiarchiveplayer.ie/the-city-of-londonderry/,the city of londonderry,IFI Archive Player film record,Public film-page metadata exposed by the IFI Archive Player. The permalink represents a public viewing/metadata surface; MAR does not download or redistribute the audiovisual media and does not infer a licence to reproduce it.,,the city of londonderry,,Patrimônio fílmico irlandês em acesso público,Streaming audiovisual institucional público
IFI Irish Film Archive,ifi-irish-film-archive,Ireland,Europe,IE-IFI-IFA,National film archive,https://ifiarchiveplayer.ie/,True,True,https://ifiarchiveplayer.ie/,IFI Archive Player,https://ifiarchiveplayer.ie/the-colleen-bawn/,the colleen bawn,IFI Archive Player film record,Public film-page metadata exposed by the IFI Archive Player. The permalink represents a public viewing/metadata surface; MAR does not download or redistribute the audiovisual media and does not infer a licence to reproduce it.,,the colleen bawn,,Patrimônio fílmico irlandês em acesso público,Streaming audiovisual institucional público
IFI Irish Film Archive,ifi-irish-film-archive,Ireland,Europe,IE-IFI-IFA,National film archive,https://ifiarchiveplayer.ie/,True,True,https://ifiarchiveplayer.ie/,IFI Archive Player,https://ifiarchiveplayer.ie/the-coming-of-the-black-dawn/,the coming of the black dawn,IFI Archive Player film record,Public film-page metadata exposed by the IFI Archive Player. The permalink represents a public viewing/metadata surface; MAR does not download or redistribute the audiovisual media and does not infer a licence to reproduce it.,,the coming of the black dawn,,Patrimônio fílmico irlandês em acesso público,Streaming audiovisual institucional público
IFI Irish Film Archive,ifi-irish-film-archive,Ireland,Europe,IE-IFI-IFA,National film archive,https://ifiarchiveplayer.ie/,True,True,https://ifiarchiveplayer.ie/,IFI Archive Player,https://ifiarchiveplayer.ie/the-crush/,the crush,IFI Archive Player film record,Public film-page metadata exposed by the IFI Archive Player. The permalink represents a public viewing/metadata surface; MAR does not download or redistribute the audiovisual media and does not infer a licence to reproduce it.,,the crush,,Patrimônio fílmico irlandês em acesso público,Streaming audiovisual institucional público
IFI Irish Film Archive,ifi-irish-film-archive,Ireland,Europe,IE-IFI-IFA,National film archive,https://ifiarchiveplayer.ie/,True,True,https://ifiarchiveplayer.ie/,IFI Archive Player,https://ifiarchiveplayer.ie/the-curragh-camp/,the curragh camp,IFI Archive Player film record,Public film-page metadata exposed by the IFI Archive Player. The permalink represents a public viewing/metadata surface; MAR does not download or redistribute the audiovisual media and does not infer a licence to reproduce it.,,the curragh camp,,Patrimônio fílmico irlandês em acesso público,Streaming audiovisual institucional público
IFI Irish Film Archive,ifi-irish-film-archive,Ireland,Europe,IE-IFI-IFA,National film archive,https://ifiarchiveplayer.ie/,True,True,https://ifiarchiveplayer.ie/,IFI Archive Player,https://ifiarchiveplayer.ie/the-door/,the door,IFI Archive Player film record,Public film-page metadata exposed by the IFI Archive Player. The permalink represents a public viewing/metadata surface; MAR does not download or redistribute the audiovisual media and does not infer a licence to reproduce it.,,the door,,Patrimônio fílmico irlandês em acesso público,Streaming audiovisual institucional público
IFI Irish Film Archive,ifi-irish-film-archive,Ireland,Europe,IE-IFI-IFA,National film archive,https://ifiarchiveplayer.ie/,True,True,https://ifiarchiveplayer.ie/,IFI Archive Player,https://ifiarchiveplayer.ie/the-drip/,the drip,IFI Archive Player film record,Public film-page metadata exposed by the IFI Archive Player. The permalink represents a public viewing/metadata surface; MAR does not download or redistribute the audiovisual media and does not infer a licence to reproduce it.,,the drip,,Patrimônio fílmico irlandês em acesso público,Streaming audiovisual institucional público
IFI Irish Film Archive,ifi-irish-film-archive,Ireland,Europe,IE-IFI-IFA,National film archive,https://ifiarchiveplayer.ie/,True,True,https://ifiarchiveplayer.ie/,IFI Archive Player,https://ifiarchiveplayer.ie/the-drumlin/,the drumlin,IFI Archive Player film record,Public film-page metadata exposed by the IFI Archive Player. The permalink represents a public viewing/metadata surface; MAR does not download or redistribute the audiovisual media and does not infer a licence to reproduce it.,,the drumlin,,Patrimônio fílmico irlandês em acesso público,Streaming audiovisual institucional público
IFI Irish Film Archive,ifi-irish-film-archive,Ireland,Europe,IE-IFI-IFA,National film archive,https://ifiarchiveplayer.ie/,True,True,https://ifiarchiveplayer.ie/,IFI Archive Player,https://ifiarchiveplayer.ie/the-duel/,the duel,IFI Archive Player film record,Public film-page metadata exposed by the IFI Archive Player. The permalink represents a public viewing/metadata surface; MAR does not download or redistribute the audiovisual media and does not infer a licence to reproduce it.,,the duel,,Patrimônio fílmico irlandês em acesso público,Streaming audiovisual institucional público
IFI Irish Film Archive,ifi-irish-film-archive,Ireland,Europe,IE-IFI-IFA,National film archive,https://ifiarchiveplayer.ie/,True,True,https://ifiarchiveplayer.ie/,IFI Archive Player,https://ifiarchiveplayer.ie/the-early-irish-free-state-collection/,the early irish free state collection,IFI Archive Player film record,Public film-page metadata exposed by the IFI Archive Player. The permalink represents a public viewing/metadata surface; MAR does not download or redistribute the audiovisual media and does not infer a licence to reproduce it.,,the early irish free state collection,,Patrimônio fílmico irlandês em acesso público,Streaming audiovisual institucional público
IFI Irish Film Archive,ifi-irish-film-archive,Ireland,Europe,IE-IFI-IFA,National film archive,https://ifiarchiveplayer.ie/,True,True,https://ifiarchiveplayer.ie/,IFI Archive Player,https://ifiarchiveplayer.ie/the-end-of-the-counter/,the end of the counter,IFI Archive Player film record,Public film-page metadata exposed by the IFI Archive Player. The permalink represents a public viewing/metadata surface; MAR does not download or redistribute the audiovisual media and does not infer a licence to reproduce it.,,the end of the counter,,Patrimônio fílmico irlandês em acesso público,Streaming audiovisual institucional público
IFI Irish Film Archive,ifi-irish-film-archive,Ireland,Europe,IE-IFI-IFA,National film archive,https://ifiarchiveplayer.ie/,True,True,https://ifiarchiveplayer.ie/,IFI Archive Player,https://ifiarchiveplayer.ie/the-flogging-reel-wins-mcalinden-gold-cup/,the flogging reel wins mcalinden gold cup,IFI Archive Player film record,Public film-page metadata exposed by the IFI Archive Player. The permalink represents a public viewing/metadata surface; MAR does not download or redistribute the audiovisual media and does not infer a licence to reproduce it.,,the flogging reel wins mcalinden gold cup,,Patrimônio fílmico irlandês em acesso público,Streaming audiovisual institucional público
IFI Irish Film Archive,ifi-irish-film-archive,Ireland,Europe,IE-IFI-IFA,National film archive,https://ifiarchiveplayer.ie/,True,True,https://ifiarchiveplayer.ie/,IFI Archive Player,https://ifiarchiveplayer.ie/the-fugitive/,the fugitive,IFI Archive Player film record,Public film-page metadata exposed by the IFI Archive Player. The permalink represents a public viewing/metadata surface; MAR does not download or redistribute the audiovisual media and does not infer a licence to reproduce it.,,the fugitive,,Patrimônio fílmico irlandês em acesso público,Streaming audiovisual institucional público
IFI Irish Film Archive,ifi-irish-film-archive,Ireland,Europe,IE-IFI-IFA,National film archive,https://ifiarchiveplayer.ie/,True,True,https://ifiarchiveplayer.ie/,IFI Archive Player,https://ifiarchiveplayer.ie/the-gaa-collection/,the gaa collection,IFI Archive Player film record,Public film-page metadata exposed by the IFI Archive Player. The permalink represents a public viewing/metadata surface; MAR does not download or redistribute the audiovisual media and does not infer a licence to reproduce it.,,the gaa collection,,Patrimônio fílmico irlandês em acesso público,Streaming audiovisual institucional público
IFI Irish Film Archive,ifi-irish-film-archive,Ireland,Europe,IE-IFI-IFA,National film archive,https://ifiarchiveplayer.ie/,True,True,https://ifiarchiveplayer.ie/,IFI Archive Player,https://ifiarchiveplayer.ie/the-gpo-after-13-years/,the gpo after 13 years,IFI Archive Player film record,Public film-page metadata exposed by the IFI Archive Player. The permalink represents a public viewing/metadata surface; MAR does not download or redistribute the audiovisual media and does not infer a licence to reproduce it.,,the gpo after 13 years,,Patrimônio fílmico irlandês em acesso público,Streaming audiovisual institucional público
IFI Irish Film Archive,ifi-irish-film-archive,Ireland,Europe,IE-IFI-IFA,National film archive,https://ifiarchiveplayer.ie/,True,True,https://ifiarchiveplayer.ie/,IFI Archive Player,https://ifiarchiveplayer.ie/the-great-cork-treaty/,the great cork treaty,IFI Archive Player film record,Public film-page metadata exposed by the IFI Archive Player. The permalink represents a public viewing/metadata surface; MAR does not download or redistribute the audiovisual media and does not infer a licence to reproduce it.,,the great cork treaty,,Patrimônio fílmico irlandês em acesso público,Streaming audiovisual institucional público
IFI Irish Film Archive,ifi-irish-film-archive,Ireland,Europe,IE-IFI-IFA,National film archive,https://ifiarchiveplayer.ie/,True,True,https://ifiarchiveplayer.ie/,IFI Archive Player,https://ifiarchiveplayer.ie/the-horgan-brothers-collection-clock-tower-animation/,the horgan brothers collection clock tower animation,IFI Archive Player film record,Public film-page metadata exposed by the IFI Archive Player. The permalink represents a public viewing/metadata surface; MAR does not download or redistribute the audiovisual media and does not infer a licence to reproduce it.,,the horgan brothers collection clock tower animation,,Patrimônio fílmico irlandês em acesso público,Streaming audiovisual institucional público
IFI Irish Film Archive,ifi-irish-film-archive,Ireland,Europe,IE-IFI-IFA,National film archive,https://ifiarchiveplayer.ie/,True,True,https://ifiarchiveplayer.ie/,IFI Archive Player,https://ifiarchiveplayer.ie/the-horgan-brothers-collection-declans-well/,the horgan brothers collection declans well,IFI Archive Player film record,Public film-page metadata exposed by the IFI Archive Player. The permalink represents a public viewing/metadata surface; MAR does not download or redistribute the audiovisual media and does not infer a licence to reproduce it.,,the horgan brothers collection declans well,,Patrimônio fílmico irlandês em acesso público,Streaming audiovisual institucional público
IFI Irish Film Archive,ifi-irish-film-archive,Ireland,Europe,IE-IFI-IFA,National film archive,https://ifiarchiveplayer.ie/,True,True,https://ifiarchiveplayer.ie/,IFI Archive Player,https://ifiarchiveplayer.ie/the-horgan-brothers-collection-hunger-strikers/,the horgan brothers collection hunger strikers,IFI Archive Player film record,Public film-page metadata exposed by the IFI Archive Player. The permalink represents a public viewing/metadata surface; MAR does not download or redistribute the audiovisual media and does not infer a licence to reproduce it.,,the horgan brothers collection hunger strikers,,Patrimônio fílmico irlandês em acesso público,Streaming audiovisual institucional público
IFI Irish Film Archive,ifi-irish-film-archive,Ireland,Europe,IE-IFI-IFA,National film archive,https://ifiarchiveplayer.ie/,True,True,https://ifiarchiveplayer.ie/,IFI Archive Player,https://ifiarchiveplayer.ie/the-horgan-brothers-collection-leaving-church/,the horgan brothers collection leaving church,IFI Archive Player film record,Public film-page metadata exposed by the IFI Archive Player. The permalink represents a public viewing/metadata surface; MAR does not download or redistribute the audiovisual media and does not infer a licence to reproduce it.,,the horgan brothers collection leaving church,,Patrimônio fílmico irlandês em acesso público,Streaming audiovisual institucional público
IFI Irish Film Archive,ifi-irish-film-archive,Ireland,Europe,IE-IFI-IFA,National film archive,https://ifiarchiveplayer.ie/,True,True,https://ifiarchiveplayer.ie/,IFI Archive Player,https://ifiarchiveplayer.ie/the-hunger-strike/,the hunger strike,IFI Archive Player film record,Public film-page metadata exposed by the IFI Archive Player. The permalink represents a public viewing/metadata surface; MAR does not download or redistribute the audiovisual media and does not infer a licence to reproduce it.,,the hunger strike,,Patrimônio fílmico irlandês em acesso público,Streaming audiovisual institucional público
IFI Irish Film Archive,ifi-irish-film-archive,Ireland,Europe,IE-IFI-IFA,National film archive,https://ifiarchiveplayer.ie/,True,True,https://ifiarchiveplayer.ie/,IFI Archive Player,https://ifiarchiveplayer.ie/the-interview/,the interview,IFI Archive Player film record,Public film-page metadata exposed by the IFI Archive Player. The permalink represents a public viewing/metadata surface; MAR does not download or redistribute the audiovisual media and does not infer a licence to reproduce it.,,the interview,,Patrimônio fílmico irlandês em acesso público,Streaming audiovisual institucional público
IFI Irish Film Archive,ifi-irish-film-archive,Ireland,Europe,IE-IFI-IFA,National film archive,https://ifiarchiveplayer.ie/,True,True,https://ifiarchiveplayer.ie/,IFI Archive Player,https://ifiarchiveplayer.ie/the-irish-army/,the irish army,IFI Archive Player film record,Public film-page metadata exposed by the IFI Archive Player. The permalink represents a public viewing/metadata surface; MAR does not download or redistribute the audiovisual media and does not infer a licence to reproduce it.,,the irish army,,Patrimônio fílmico irlandês em acesso público,Streaming audiovisual institucional público
IFI Irish Film Archive,ifi-irish-film-archive,Ireland,Europe,IE-IFI-IFA,National film archive,https://ifiarchiveplayer.ie/,True,True,https://ifiarchiveplayer.ie/,IFI Archive Player,https://ifiarchiveplayer.ie/the-irish-countrywomens-association/,the irish countrywomens association,IFI Archive Player film record,Public film-page metadata exposed by the IFI Archive Player. The permalink represents a public viewing/metadata surface; MAR does not download or redistribute the audiovisual media and does not infer a licence to reproduce it.,,the irish countrywomens association,,Patrimônio fílmico irlandês em acesso público,Streaming audiovisual institucional público
IFI Irish Film Archive,ifi-irish-film-archive,Ireland,Europe,IE-IFI-IFA,National film archive,https://ifiarchiveplayer.ie/,True,True,https://ifiarchiveplayer.ie/,IFI Archive Player,https://ifiarchiveplayer.ie/the-irish-revolution/,the irish revolution,IFI Archive Player film record,Public film-page metadata exposed by the IFI Archive Player. The permalink represents a public viewing/metadata surface; MAR does not download or redistribute the audiovisual media and does not infer a licence to reproduce it.,,the irish revolution,,Patrimônio fílmico irlandês em acesso público,Streaming audiovisual institucional público
IFI Irish Film Archive,ifi-irish-film-archive,Ireland,Europe,IE-IFI-IFA,National film archive,https://ifiarchiveplayer.ie/,True,True,https://ifiarchiveplayer.ie/,IFI Archive Player,https://ifiarchiveplayer.ie/the-irreconcilable-mr-de-valera/,the irreconcilable mr de valera,IFI Archive Player film record,Public film-page metadata exposed by the IFI Archive Player. The permalink represents a public viewing/metadata surface; MAR does not download or redistribute the audiovisual media and does not infer a licence to reproduce it.,,the irreconcilable mr de valera,,Patrimônio fílmico irlandês em acesso público,Streaming audiovisual institucional público
IFI Irish Film Archive,ifi-irish-film-archive,Ireland,Europe,IE-IFI-IFA,National film archive,https://ifiarchiveplayer.ie/,True,True,https://ifiarchiveplayer.ie/,IFI Archive Player,https://ifiarchiveplayer.ie/the-lad-from-old-ireland/,the lad from old ireland,IFI Archive Player film record,Public film-page metadata exposed by the IFI Archive Player. The permalink represents a public viewing/metadata surface; MAR does not download or redistribute the audiovisual media and does not infer a licence to reproduce it.,,the lad from old ireland,,Patrimônio fílmico irlandês em acesso público,Streaming audiovisual institucional público
IFI Irish Film Archive,ifi-irish-film-archive,Ireland,Europe,IE-IFI-IFA,National film archive,https://ifiarchiveplayer.ie/,True,True,https://ifiarchiveplayer.ie/,IFI Archive Player,https://ifiarchiveplayer.ie/the-last-elk/,the last elk,IFI Archive Player film record,Public film-page metadata exposed by the IFI Archive Player. The permalink represents a public viewing/metadata surface; MAR does not download or redistribute the audiovisual media and does not infer a licence to reproduce it.,,the last elk,,Patrimônio fílmico irlandês em acesso público,Streaming audiovisual institucional público
IFI Irish Film Archive,ifi-irish-film-archive,Ireland,Europe,IE-IFI-IFA,National film archive,https://ifiarchiveplayer.ie/,True,True,https://ifiarchiveplayer.ie/,IFI Archive Player,https://ifiarchiveplayer.ie/the-last-of-the-old-abbey/,the last of the old abbey,IFI Archive Player film record,Public film-page metadata exposed by the IFI Archive Player. The permalink represents a public viewing/metadata surface; MAR does not download or redistribute the audiovisual media and does not infer a licence to reproduce it.,,the last of the old abbey,,Patrimônio fílmico irlandês em acesso público,Streaming audiovisual institucional público
IFI Irish Film Archive,ifi-irish-film-archive,Ireland,Europe,IE-IFI-IFA,National film archive,https://ifiarchiveplayer.ie/,True,True,https://ifiarchiveplayer.ie/,IFI Archive Player,https://ifiarchiveplayer.ie/the-last-train/,the last train,IFI Archive Player film record,Public film-page metadata exposed by the IFI Archive Player. The permalink represents a public viewing/metadata surface; MAR does not download or redistribute the audiovisual media and does not infer a licence to reproduce it.,,the last train,,Patrimônio fílmico irlandês em acesso público,Streaming audiovisual institucional público
IFI Irish Film Archive,ifi-irish-film-archive,Ireland,Europe,IE-IFI-IFA,National film archive,https://ifiarchiveplayer.ie/,True,True,https://ifiarchiveplayer.ie/,IFI Archive Player,https://ifiarchiveplayer.ie/the-ledge-end-of-phil/,the ledge end of phil,IFI Archive Player film record,Public film-page metadata exposed by the IFI Archive Player. The permalink represents a public viewing/metadata surface; MAR does not download or redistribute the audiovisual media and does not infer a licence to reproduce it.,,the ledge end of phil,,Patrimônio fílmico irlandês em acesso público,Streaming audiovisual institucional público
IFI Irish Film Archive,ifi-irish-film-archive,Ireland,Europe,IE-IFI-IFA,National film archive,https://ifiarchiveplayer.ie/,True,True,https://ifiarchiveplayer.ie/,IFI Archive Player,https://ifiarchiveplayer.ie/the-magic-man/,the magic man,IFI Archive Player film record,Public film-page metadata exposed by the IFI Archive Player. The permalink represents a public viewing/metadata surface; MAR does not download or redistribute the audiovisual media and does not infer a licence to reproduce it.,,the magic man,,Patrimônio fílmico irlandês em acesso público,Streaming audiovisual institucional público
IFI Irish Film Archive,ifi-irish-film-archive,Ireland,Europe,IE-IFI-IFA,National film archive,https://ifiarchiveplayer.ie/,True,True,https://ifiarchiveplayer.ie/,IFI Archive Player,https://ifiarchiveplayer.ie/the-making-of-late-afternoon/,the making of late afternoon,IFI Archive Player film record,Public film-page metadata exposed by the IFI Archive Player. The permalink represents a public viewing/metadata surface; MAR does not download or redistribute the audiovisual media and does not infer a licence to reproduce it.,,the making of late afternoon,,Patrimônio fílmico irlandês em acesso público,Streaming audiovisual institucional público
IFI Irish Film Archive,ifi-irish-film-archive,Ireland,Europe,IE-IFI-IFA,National film archive,https://ifiarchiveplayer.ie/,True,True,https://ifiarchiveplayer.ie/,IFI Archive Player,https://ifiarchiveplayer.ie/the-man-from-a-u-n-t/,the man from a u n t,IFI Archive Player film record,Public film-page metadata exposed by the IFI Archive Player. The permalink represents a public viewing/metadata surface; MAR does not download or redistribute the audiovisual media and does not infer a licence to reproduce it.,,the man from a u n t,,Patrimônio fílmico irlandês em acesso público,Streaming audiovisual institucional público
IFI Irish Film Archive,ifi-irish-film-archive,Ireland,Europe,IE-IFI-IFA,National film archive,https://ifiarchiveplayer.ie/,True,True,https://ifiarchiveplayer.ie/,IFI Archive Player,https://ifiarchiveplayer.ie/the-master/,the master,IFI Archive Player film record,Public film-page metadata exposed by the IFI Archive Player. The permalink represents a public viewing/metadata surface; MAR does not download or redistribute the audiovisual media and does not infer a licence to reproduce it.,,the master,,Patrimônio fílmico irlandês em acesso público,Streaming audiovisual institucional público
IFI Irish Film Archive,ifi-irish-film-archive,Ireland,Europe,IE-IFI-IFA,National film archive,https://ifiarchiveplayer.ie/,True,True,https://ifiarchiveplayer.ie/,IFI Archive Player,https://ifiarchiveplayer.ie/the-new-cork/,the new cork,IFI Archive Player film record,Public film-page metadata exposed by the IFI Archive Player. The permalink represents a public viewing/metadata surface; MAR does not download or redistribute the audiovisual media and does not infer a licence to reproduce it.,,the new cork,,Patrimônio fílmico irlandês em acesso público,Streaming audiovisual institucional público
IFI Irish Film Archive,ifi-irish-film-archive,Ireland,Europe,IE-IFI-IFA,National film archive,https://ifiarchiveplayer.ie/,True,True,https://ifiarchiveplayer.ie/,IFI Archive Player,https://ifiarchiveplayer.ie/the-open-door/,the open door,IFI Archive Player film record,Public film-page metadata exposed by the IFI Archive Player. The permalink represents a public viewing/metadata surface; MAR does not download or redistribute the audiovisual media and does not infer a licence to reproduce it.,,the open door,,Patrimônio fílmico irlandês em acesso público,Streaming audiovisual institucional público
IFI Irish Film Archive,ifi-irish-film-archive,Ireland,Europe,IE-IFI-IFA,National film archive,https://ifiarchiveplayer.ie/,True,True,https://ifiarchiveplayer.ie/,IFI Archive Player,https://ifiarchiveplayer.ie/the-option/,the option,IFI Archive Player film record,Public film-page metadata exposed by the IFI Archive Player. The permalink represents a public viewing/metadata surface; MAR does not download or redistribute the audiovisual media and does not infer a licence to reproduce it.,,the option,,Patrimônio fílmico irlandês em acesso público,Streaming audiovisual institucional público
IFI Irish Film Archive,ifi-irish-film-archive,Ireland,Europe,IE-IFI-IFA,National film archive,https://ifiarchiveplayer.ie/,True,True,https://ifiarchiveplayer.ie/,IFI Archive Player,https://ifiarchiveplayer.ie/the-outgoing-president/,the outgoing president,IFI Archive Player film record,Public film-page metadata exposed by the IFI Archive Player. The permalink represents a public viewing/metadata surface; MAR does not download or redistribute the audiovisual media and does not infer a licence to reproduce it.,,the outgoing president,,Patrimônio fílmico irlandês em acesso público,Streaming audiovisual institucional público
IFI Irish Film Archive,ifi-irish-film-archive,Ireland,Europe,IE-IFI-IFA,National film archive,https://ifiarchiveplayer.ie/,True,True,https://ifiarchiveplayer.ie/,IFI Archive Player,https://ifiarchiveplayer.ie/the-parish-centre/,the parish centre,IFI Archive Player film record,Public film-page metadata exposed by the IFI Archive Player. The permalink represents a public viewing/metadata surface; MAR does not download or redistribute the audiovisual media and does not infer a licence to reproduce it.,,the parish centre,,Patrimônio fílmico irlandês em acesso público,Streaming audiovisual institucional público
IFI Irish Film Archive,ifi-irish-film-archive,Ireland,Europe,IE-IFI-IFA,National film archive,https://ifiarchiveplayer.ie/,True,True,https://ifiarchiveplayer.ie/,IFI Archive Player,https://ifiarchiveplayer.ie/the-party/,the party,IFI Archive Player film record,Public film-page metadata exposed by the IFI Archive Player. The permalink represents a public viewing/metadata surface; MAR does not download or redistribute the audiovisual media and does not infer a licence to reproduce it.,,the party,,Patrimônio fílmico irlandês em acesso público,Streaming audiovisual institucional público
IFI Irish Film Archive,ifi-irish-film-archive,Ireland,Europe,IE-IFI-IFA,National film archive,https://ifiarchiveplayer.ie/,True,True,https://ifiarchiveplayer.ie/,IFI Archive Player,https://ifiarchiveplayer.ie/the-polish-language/,the polish language,IFI Archive Player film record,Public film-page metadata exposed by the IFI Archive Player. The permalink represents a public viewing/metadata surface; MAR does not download or redistribute the audiovisual media and does not infer a licence to reproduce it.,,the polish language,,Patrimônio fílmico irlandês em acesso público,Streaming audiovisual institucional público
IFI Irish Film Archive,ifi-irish-film-archive,Ireland,Europe,IE-IFI-IFA,National film archive,https://ifiarchiveplayer.ie/,True,True,https://ifiarchiveplayer.ie/,IFI Archive Player,https://ifiarchiveplayer.ie/the-portable-theatre/,the portable theatre,IFI Archive Player film record,Public film-page metadata exposed by the IFI Archive Player. The permalink represents a public viewing/metadata surface; MAR does not download or redistribute the audiovisual media and does not infer a licence to reproduce it.,,the portable theatre,,Patrimônio fílmico irlandês em acesso público,Streaming audiovisual institucional público
IFI Irish Film Archive,ifi-irish-film-archive,Ireland,Europe,IE-IFI-IFA,National film archive,https://ifiarchiveplayer.ie/,True,True,https://ifiarchiveplayer.ie/,IFI Archive Player,https://ifiarchiveplayer.ie/the-return-of-colmcille/,the return of colmcille,IFI Archive Player film record,Public film-page metadata exposed by the IFI Archive Player. The permalink represents a public viewing/metadata surface; MAR does not download or redistribute the audiovisual media and does not infer a licence to reproduce it.,,the return of colmcille,,Patrimônio fílmico irlandês em acesso público,Streaming audiovisual institucional público
IFI Irish Film Archive,ifi-irish-film-archive,Ireland,Europe,IE-IFI-IFA,National film archive,https://ifiarchiveplayer.ie/,True,True,https://ifiarchiveplayer.ie/,IFI Archive Player,https://ifiarchiveplayer.ie/the-seat-of-all-the-trouble/,the seat of all the trouble,IFI Archive Player film record,Public film-page metadata exposed by the IFI Archive Player. The permalink represents a public viewing/metadata surface; MAR does not download or redistribute the audiovisual media and does not infer a licence to reproduce it.,,the seat of all the trouble,,Patrimônio fílmico irlandês em acesso público,Streaming audiovisual institucional público
IFI Irish Film Archive,ifi-irish-film-archive,Ireland,Europe,IE-IFI-IFA,National film archive,https://ifiarchiveplayer.ie/,True,True,https://ifiarchiveplayer.ie/,IFI Archive Player,https://ifiarchiveplayer.ie/the-secret/,the secret,IFI Archive Player film record,Public film-page metadata exposed by the IFI Archive Player. The permalink represents a public viewing/metadata surface; MAR does not download or redistribute the audiovisual media and does not infer a licence to reproduce it.,,the secret,,Patrimônio fílmico irlandês em acesso público,Streaming audiovisual institucional público
IFI Irish Film Archive,ifi-irish-film-archive,Ireland,Europe,IE-IFI-IFA,National film archive,https://ifiarchiveplayer.ie/,True,True,https://ifiarchiveplayer.ie/,IFI Archive Player,https://ifiarchiveplayer.ie/the-seventh-day/,the seventh day,IFI Archive Player film record,Public film-page metadata exposed by the IFI Archive Player. The permalink represents a public viewing/metadata surface; MAR does not download or redistribute the audiovisual media and does not infer a licence to reproduce it.,,the seventh day,,Patrimônio fílmico irlandês em acesso público,Streaming audiovisual institucional público
IFI Irish Film Archive,ifi-irish-film-archive,Ireland,Europe,IE-IFI-IFA,National film archive,https://ifiarchiveplayer.ie/,True,True,https://ifiarchiveplayer.ie/,IFI Archive Player,https://ifiarchiveplayer.ie/the-seventh-day-music/,the seventh day music,IFI Archive Player film record,Public film-page metadata exposed by the IFI Archive Player. The permalink represents a public viewing/metadata surface; MAR does not download or redistribute the audiovisual media and does not infer a licence to reproduce it.,,the seventh day music,,Patrimônio fílmico irlandês em acesso público,Streaming audiovisual institucional público
IFI Irish Film Archive,ifi-irish-film-archive,Ireland,Europe,IE-IFI-IFA,National film archive,https://ifiarchiveplayer.ie/,True,True,https://ifiarchiveplayer.ie/,IFI Archive Player,https://ifiarchiveplayer.ie/the-shannon-scheme/,the shannon scheme,IFI Archive Player film record,Public film-page metadata exposed by the IFI Archive Player. The permalink represents a public viewing/metadata surface; MAR does not download or redistribute the audiovisual media and does not infer a licence to reproduce it.,,the shannon scheme,,Patrimônio fílmico irlandês em acesso público,Streaming audiovisual institucional público
IFI Irish Film Archive,ifi-irish-film-archive,Ireland,Europe,IE-IFI-IFA,National film archive,https://ifiarchiveplayer.ie/,True,True,https://ifiarchiveplayer.ie/,IFI Archive Player,https://ifiarchiveplayer.ie/the-shore/,the shore,IFI Archive Player film record,Public film-page metadata exposed by the IFI Archive Player. The permalink represents a public viewing/metadata surface; MAR does not download or redistribute the audiovisual media and does not infer a licence to reproduce it.,,the shore,,Patrimônio fílmico irlandês em acesso público,Streaming audiovisual institucional público
IFI Irish Film Archive,ifi-irish-film-archive,Ireland,Europe,IE-IFI-IFA,National film archive,https://ifiarchiveplayer.ie/,True,True,https://ifiarchiveplayer.ie/,IFI Archive Player,https://ifiarchiveplayer.ie/the-silent-art/,the silent art,IFI Archive Player film record,Public film-page metadata exposed by the IFI Archive Player. The permalink represents a public viewing/metadata surface; MAR does not download or redistribute the audiovisual media and does not infer a licence to reproduce it.,,the silent art,,Patrimônio fílmico irlandês em acesso público,Streaming audiovisual institucional público
IFI Irish Film Archive,ifi-irish-film-archive,Ireland,Europe,IE-IFI-IFA,National film archive,https://ifiarchiveplayer.ie/,True,True,https://ifiarchiveplayer.ie/,IFI Archive Player,https://ifiarchiveplayer.ie/the-surrender-of-dublin-castle/,the surrender of dublin castle,IFI Archive Player film record,Public film-page metadata exposed by the IFI Archive Player. The permalink represents a public viewing/metadata surface; MAR does not download or redistribute the audiovisual media and does not infer a licence to reproduce it.,,the surrender of dublin castle,,Patrimônio fílmico irlandês em acesso público,Streaming audiovisual institucional público
IFI Irish Film Archive,ifi-irish-film-archive,Ireland,Europe,IE-IFI-IFA,National film archive,https://ifiarchiveplayer.ie/,True,True,https://ifiarchiveplayer.ie/,IFI Archive Player,https://ifiarchiveplayer.ie/the-testament-of-caleb-meeke/,the testament of caleb meeke,IFI Archive Player film record,Public film-page metadata exposed by the IFI Archive Player. The permalink represents a public viewing/metadata surface; MAR does not download or redistribute the audiovisual media and does not infer a licence to reproduce it.,,the testament of caleb meeke,,Patrimônio fílmico irlandês em acesso público,Streaming audiovisual institucional público
IFI Irish Film Archive,ifi-irish-film-archive,Ireland,Europe,IE-IFI-IFA,National film archive,https://ifiarchiveplayer.ie/,True,True,https://ifiarchiveplayer.ie/,IFI Archive Player,https://ifiarchiveplayer.ie/the-thing-removed-from-oconnell-bridge/,the thing removed from oconnell bridge,IFI Archive Player film record,Public film-page metadata exposed by the IFI Archive Player. The permalink represents a public viewing/metadata surface; MAR does not download or redistribute the audiovisual media and does not infer a licence to reproduce it.,,the thing removed from oconnell bridge,,Patrimônio fílmico irlandês em acesso público,Streaming audiovisual institucional público
IFI Irish Film Archive,ifi-irish-film-archive,Ireland,Europe,IE-IFI-IFA,National film archive,https://ifiarchiveplayer.ie/,True,True,https://ifiarchiveplayer.ie/,IFI Archive Player,https://ifiarchiveplayer.ie/the-tomb-of-frankenstein/,the tomb of frankenstein,IFI Archive Player film record,Public film-page metadata exposed by the IFI Archive Player. The permalink represents a public viewing/metadata surface; MAR does not download or redistribute the audiovisual media and does not infer a licence to reproduce it.,,the tomb of frankenstein,,Patrimônio fílmico irlandês em acesso público,Streaming audiovisual institucional público
IFI Irish Film Archive,ifi-irish-film-archive,Ireland,Europe,IE-IFI-IFA,National film archive,https://ifiarchiveplayer.ie/,True,True,https://ifiarchiveplayer.ie/,IFI Archive Player,https://ifiarchiveplayer.ie/the-treaty/,the treaty,IFI Archive Player film record,Public film-page metadata exposed by the IFI Archive Player. The permalink represents a public viewing/metadata surface; MAR does not download or redistribute the audiovisual media and does not infer a licence to reproduce it.,,the treaty,,Patrimônio fílmico irlandês em acesso público,Streaming audiovisual institucional público
IFI Irish Film Archive,ifi-irish-film-archive,Ireland,Europe,IE-IFI-IFA,National film archive,https://ifiarchiveplayer.ie/,True,True,https://ifiarchiveplayer.ie/,IFI Archive Player,https://ifiarchiveplayer.ie/the-tryzzian-exiles/,the tryzzian exiles,IFI Archive Player film record,Public film-page metadata exposed by the IFI Archive Player. The permalink represents a public viewing/metadata surface; MAR does not download or redistribute the audiovisual media and does not infer a licence to reproduce it.,,the tryzzian exiles,,Patrimônio fílmico irlandês em acesso público,Streaming audiovisual institucional público
IFI Irish Film Archive,ifi-irish-film-archive,Ireland,Europe,IE-IFI-IFA,National film archive,https://ifiarchiveplayer.ie/,True,True,https://ifiarchiveplayer.ie/,IFI Archive Player,https://ifiarchiveplayer.ie/the-twalfth/,the twalfth,IFI Archive Player film record,Public film-page metadata exposed by the IFI Archive Player. The permalink represents a public viewing/metadata surface; MAR does not download or redistribute the audiovisual media and does not infer a licence to reproduce it.,,the twalfth,,Patrimônio fílmico irlandês em acesso público,Streaming audiovisual institucional público
IFI Irish Film Archive,ifi-irish-film-archive,Ireland,Europe,IE-IFI-IFA,National film archive,https://ifiarchiveplayer.ie/,True,True,https://ifiarchiveplayer.ie/,IFI Archive Player,https://ifiarchiveplayer.ie/the-visit/,the visit,IFI Archive Player film record,Public film-page metadata exposed by the IFI Archive Player. The permalink represents a public viewing/metadata surface; MAR does not download or redistribute the audiovisual media and does not infer a licence to reproduce it.,,the visit,,Patrimônio fílmico irlandês em acesso público,Streaming audiovisual institucional público
IFI Irish Film Archive,ifi-irish-film-archive,Ireland,Europe,IE-IFI-IFA,National film archive,https://ifiarchiveplayer.ie/,True,True,https://ifiarchiveplayer.ie/,IFI Archive Player,https://ifiarchiveplayer.ie/the-wake/,the wake,IFI Archive Player film record,Public film-page metadata exposed by the IFI Archive Player. The permalink represents a public viewing/metadata surface; MAR does not download or redistribute the audiovisual media and does not infer a licence to reproduce it.,,the wake,,Patrimônio fílmico irlandês em acesso público,Streaming audiovisual institucional público
IFI Irish Film Archive,ifi-irish-film-archive,Ireland,Europe,IE-IFI-IFA,National film archive,https://ifiarchiveplayer.ie/,True,True,https://ifiarchiveplayer.ie/,IFI Archive Player,https://ifiarchiveplayer.ie/the-white-dress/,the white dress,IFI Archive Player film record,Public film-page metadata exposed by the IFI Archive Player. The permalink represents a public viewing/metadata surface; MAR does not download or redistribute the audiovisual media and does not infer a licence to reproduce it.,,the white dress,,Patrimônio fílmico irlandês em acesso público,Streaming audiovisual institucional público
IFI Irish Film Archive,ifi-irish-film-archive,Ireland,Europe,IE-IFI-IFA,National film archive,https://ifiarchiveplayer.ie/,True,True,https://ifiarchiveplayer.ie/,IFI Archive Player,https://ifiarchiveplayer.ie/the-worms-are-having-fun/,the worms are having fun,IFI Archive Player film record,Public film-page metadata exposed by the IFI Archive Player. The permalink represents a public viewing/metadata surface; MAR does not download or redistribute the audiovisual media and does not infer a licence to reproduce it.,,the worms are having fun,,Patrimônio fílmico irlandês em acesso público,Streaming audiovisual institucional público
IFI Irish Film Archive,ifi-irish-film-archive,Ireland,Europe,IE-IFI-IFA,National film archive,https://ifiarchiveplayer.ie/,True,True,https://ifiarchiveplayer.ie/,IFI Archive Player,https://ifiarchiveplayer.ie/theatre-royal-final-scene/,theatre royal final scene,IFI Archive Player film record,Public film-page metadata exposed by the IFI Archive Player. The permalink represents a public viewing/metadata surface; MAR does not download or redistribute the audiovisual media and does not infer a licence to reproduce it.,,theatre royal final scene,,Patrimônio fílmico irlandês em acesso público,Streaming audiovisual institucional público
IFI Irish Film Archive,ifi-irish-film-archive,Ireland,Europe,IE-IFI-IFA,National film archive,https://ifiarchiveplayer.ie/,True,True,https://ifiarchiveplayer.ie/,IFI Archive Player,https://ifiarchiveplayer.ie/thermometer/,thermometer,IFI Archive Player film record,Public film-page metadata exposed by the IFI Archive Player. The permalink represents a public viewing/metadata surface; MAR does not download or redistribute the audiovisual media and does not infer a licence to reproduce it.,,thermometer,,Patrimônio fílmico irlandês em acesso público,Streaming audiovisual institucional público
IFI Irish Film Archive,ifi-irish-film-archive,Ireland,Europe,IE-IFI-IFA,National film archive,https://ifiarchiveplayer.ie/,True,True,https://ifiarchiveplayer.ie/,IFI Archive Player,https://ifiarchiveplayer.ie/thirty-five-aside/,thirty five aside,IFI Archive Player film record,Public film-page metadata exposed by the IFI Archive Player. The permalink represents a public viewing/metadata surface; MAR does not download or redistribute the audiovisual media and does not infer a licence to reproduce it.,,thirty five aside,,Patrimônio fílmico irlandês em acesso público,Streaming audiovisual institucional público
IFI Irish Film Archive,ifi-irish-film-archive,Ireland,Europe,IE-IFI-IFA,National film archive,https://ifiarchiveplayer.ie/,True,True,https://ifiarchiveplayer.ie/,IFI Archive Player,https://ifiarchiveplayer.ie/thirtyseconds/,thirtyseconds,IFI Archive Player film record,Public film-page metadata exposed by the IFI Archive Player. The permalink represents a public viewing/metadata surface; MAR does not download or redistribute the audiovisual media and does not infer a licence to reproduce it.,,thirtyseconds,,Patrimônio fílmico irlandês em acesso público,Streaming audiovisual institucional público
IFI Irish Film Archive,ifi-irish-film-archive,Ireland,Europe,IE-IFI-IFA,National film archive,https://ifiarchiveplayer.ie/,True,True,https://ifiarchiveplayer.ie/,IFI Archive Player,https://ifiarchiveplayer.ie/thomas-ryan-art-exhibition/,thomas ryan art exhibition,IFI Archive Player film record,Public film-page metadata exposed by the IFI Archive Player. The permalink represents a public viewing/metadata surface; MAR does not download or redistribute the audiovisual media and does not infer a licence to reproduce it.,,thomas ryan art exhibition,,Patrimônio fílmico irlandês em acesso público,Streaming audiovisual institucional público
IFI Irish Film Archive,ifi-irish-film-archive,Ireland,Europe,IE-IFI-IFA,National film archive,https://ifiarchiveplayer.ie/,True,True,https://ifiarchiveplayer.ie/,IFI Archive Player,https://ifiarchiveplayer.ie/thor-electrical-appliances/,thor electrical appliances,IFI Archive Player film record,Public film-page metadata exposed by the IFI Archive Player. The permalink represents a public viewing/metadata surface; MAR does not download or redistribute the audiovisual media and does not infer a licence to reproduce it.,,thor electrical appliances,,Patrimônio fílmico irlandês em acesso público,Streaming audiovisual institucional público
IFI Irish Film Archive,ifi-irish-film-archive,Ireland,Europe,IE-IFI-IFA,National film archive,https://ifiarchiveplayer.ie/,True,True,https://ifiarchiveplayer.ie/,IFI Archive Player,https://ifiarchiveplayer.ie/three-hands/,three hands,IFI Archive Player film record,Public film-page metadata exposed by the IFI Archive Player. The permalink represents a public viewing/metadata surface; MAR does not download or redistribute the audiovisual media and does not infer a licence to reproduce it.,,three hands,,Patrimônio fílmico irlandês em acesso público,Streaming audiovisual institucional público
IFI Irish Film Archive,ifi-irish-film-archive,Ireland,Europe,IE-IFI-IFA,National film archive,https://ifiarchiveplayer.ie/,True,True,https://ifiarchiveplayer.ie/,IFI Archive Player,https://ifiarchiveplayer.ie/thrills-for-dubliners-speedboats-on-liffey/,thrills for dubliners speedboats on liffey,IFI Archive Player film record,Public film-page metadata exposed by the IFI Archive Player. The permalink represents a public viewing/metadata surface; MAR does not download or redistribute the audiovisual media and does not infer a licence to reproduce it.,,thrills for dubliners speedboats on liffey,,Patrimônio fílmico irlandês em acesso público,Streaming audiovisual institucional público
IFI Irish Film Archive,ifi-irish-film-archive,Ireland,Europe,IE-IFI-IFA,National film archive,https://ifiarchiveplayer.ie/,True,True,https://ifiarchiveplayer.ie/,IFI Archive Player,https://ifiarchiveplayer.ie/thrive-calf-milk-replacer/,thrive calf milk replacer,IFI Archive Player film record,Public film-page metadata exposed by the IFI Archive Player. The permalink represents a public viewing/metadata surface; MAR does not download or redistribute the audiovisual media and does not infer a licence to reproduce it.,,thrive calf milk replacer,,Patrimônio fílmico irlandês em acesso público,Streaming audiovisual institucional público
IFI Irish Film Archive,ifi-irish-film-archive,Ireland,Europe,IE-IFI-IFA,National film archive,https://ifiarchiveplayer.ie/,True,True,https://ifiarchiveplayer.ie/,IFI Archive Player,https://ifiarchiveplayer.ie/thurles-munster-hurling-final/,thurles munster hurling final,IFI Archive Player film record,Public film-page metadata exposed by the IFI Archive Player. The permalink represents a public viewing/metadata surface; MAR does not download or redistribute the audiovisual media and does not infer a licence to reproduce it.,,thurles munster hurling final,,Patrimônio fílmico irlandês em acesso público,Streaming audiovisual institucional público
IFI Irish Film Archive,ifi-irish-film-archive,Ireland,Europe,IE-IFI-IFA,National film archive,https://ifiarchiveplayer.ie/,True,True,https://ifiarchiveplayer.ie/,IFI Archive Player,https://ifiarchiveplayer.ie/tia-maria/,tia maria,IFI Archive Player film record,Public film-page metadata exposed by the IFI Archive Player. The permalink represents a public viewing/metadata surface; MAR does not download or redistribute the audiovisual media and does not infer a licence to reproduce it.,,tia maria,,Patrimônio fílmico irlandês em acesso público,Streaming audiovisual institucional público
IFI Irish Film Archive,ifi-irish-film-archive,Ireland,Europe,IE-IFI-IFA,National film archive,https://ifiarchiveplayer.ie/,True,True,https://ifiarchiveplayer.ie/,IFI Archive Player,https://ifiarchiveplayer.ie/tipperary-defeats-cork-in-national-league/,tipperary defeats cork in national league,IFI Archive Player film record,Public film-page metadata exposed by the IFI Archive Player. The permalink represents a public viewing/metadata surface; MAR does not download or redistribute the audiovisual media and does not infer a licence to reproduce it.,,tipperary defeats cork in national league,,Patrimônio fílmico irlandês em acesso público,Streaming audiovisual institucional público
IFI Irish Film Archive,ifi-irish-film-archive,Ireland,Europe,IE-IFI-IFA,National film archive,https://ifiarchiveplayer.ie/,True,True,https://ifiarchiveplayer.ie/,IFI Archive Player,https://ifiarchiveplayer.ie/tk-flavourometer/,tk flavourometer,IFI Archive Player film record,Public film-page metadata exposed by the IFI Archive Player. The permalink represents a public viewing/metadata surface; MAR does not download or redistribute the audiovisual media and does not infer a licence to reproduce it.,,tk flavourometer,,Patrimônio fílmico irlandês em acesso público,Streaming audiovisual institucional público
IFI Irish Film Archive,ifi-irish-film-archive,Ireland,Europe,IE-IFI-IFA,National film archive,https://ifiarchiveplayer.ie/,True,True,https://ifiarchiveplayer.ie/,IFI Archive Player,https://ifiarchiveplayer.ie/tk-flavourometer-test-it/,tk flavourometer test it,IFI Archive Player film record,Public film-page metadata exposed by the IFI Archive Player. The permalink represents a public viewing/metadata surface; MAR does not download or redistribute the audiovisual media and does not infer a licence to reproduce it.,,tk flavourometer test it,,Patrimônio fílmico irlandês em acesso público,Streaming audiovisual institucional público
IFI Irish Film Archive,ifi-irish-film-archive,Ireland,Europe,IE-IFI-IFA,National film archive,https://ifiarchiveplayer.ie/,True,True,https://ifiarchiveplayer.ie/,IFI Archive Player,https://ifiarchiveplayer.ie/tommy-orr-blacksmith/,tommy orr blacksmith,IFI Archive Player film record,Public film-page metadata exposed by the IFI Archive Player. The permalink represents a public viewing/metadata surface; MAR does not download or redistribute the audiovisual media and does not infer a licence to reproduce it.,,tommy orr blacksmith,,Patrimônio fílmico irlandês em acesso público,Streaming audiovisual institucional público
IFI Irish Film Archive,ifi-irish-film-archive,Ireland,Europe,IE-IFI-IFA,National film archive,https://ifiarchiveplayer.ie/,True,True,https://ifiarchiveplayer.ie/,IFI Archive Player,https://ifiarchiveplayer.ie/topical-notes-at-belfast-arts-ball/,topical notes at belfast arts ball,IFI Archive Player film record,Public film-page metadata exposed by the IFI Archive Player. The permalink represents a public viewing/metadata surface; MAR does not download or redistribute the audiovisual media and does not infer a licence to reproduce it.,,topical notes at belfast arts ball,,Patrimônio fílmico irlandês em acesso público,Streaming audiovisual institucional público
IFI Irish Film Archive,ifi-irish-film-archive,Ireland,Europe,IE-IFI-IFA,National film archive,https://ifiarchiveplayer.ie/,True,True,https://ifiarchiveplayer.ie/,IFI Archive Player,https://ifiarchiveplayer.ie/tourism-as-an-industry/,tourism as an industry,IFI Archive Player film record,Public film-page metadata exposed by the IFI Archive Player. The permalink represents a public viewing/metadata surface; MAR does not download or redistribute the audiovisual media and does not infer a licence to reproduce it.,,tourism as an industry,,Patrimônio fílmico irlandês em acesso público,Streaming audiovisual institucional público
IFI Irish Film Archive,ifi-irish-film-archive,Ireland,Europe,IE-IFI-IFA,National film archive,https://ifiarchiveplayer.ie/,True,True,https://ifiarchiveplayer.ie/,IFI Archive Player,https://ifiarchiveplayer.ie/tourist-taste/,tourist taste,IFI Archive Player film record,Public film-page metadata exposed by the IFI Archive Player. The permalink represents a public viewing/metadata surface; MAR does not download or redistribute the audiovisual media and does not infer a licence to reproduce it.,,tourist taste,,Patrimônio fílmico irlandês em acesso público,Streaming audiovisual institucional público
IFI Irish Film Archive,ifi-irish-film-archive,Ireland,Europe,IE-IFI-IFA,National film archive,https://ifiarchiveplayer.ie/,True,True,https://ifiarchiveplayer.ie/,IFI Archive Player,https://ifiarchiveplayer.ie/toys-buy-now-for-christmas/,toys buy now for christmas,IFI Archive Player film record,Public film-page metadata exposed by the IFI Archive Player. The permalink represents a public viewing/metadata surface; MAR does not download or redistribute the audiovisual media and does not infer a licence to reproduce it.,,toys buy now for christmas,,Patrimônio fílmico irlandês em acesso público,Streaming audiovisual institucional público
IFI Irish Film Archive,ifi-irish-film-archive,Ireland,Europe,IE-IFI-IFA,National film archive,https://ifiarchiveplayer.ie/,True,True,https://ifiarchiveplayer.ie/,IFI Archive Player,https://ifiarchiveplayer.ie/travelogues-the-irish-riviera/,travelogues the irish riviera,IFI Archive Player film record,Public film-page metadata exposed by the IFI Archive Player. The permalink represents a public viewing/metadata surface; MAR does not download or redistribute the audiovisual media and does not infer a licence to reproduce it.,,travelogues the irish riviera,,Patrimônio fílmico irlandês em acesso público,Streaming audiovisual institucional público
IFI Irish Film Archive,ifi-irish-film-archive,Ireland,Europe,IE-IFI-IFA,National film archive,https://ifiarchiveplayer.ie/,True,True,https://ifiarchiveplayer.ie/,IFI Archive Player,https://ifiarchiveplayer.ie/trial-of-casement/,trial of casement,IFI Archive Player film record,Public film-page metadata exposed by the IFI Archive Player. The permalink represents a public viewing/metadata surface; MAR does not download or redistribute the audiovisual media and does not infer a licence to reproduce it.,,trial of casement,,Patrimônio fílmico irlandês em acesso público,Streaming audiovisual institucional público
IFI Irish Film Archive,ifi-irish-film-archive,Ireland,Europe,IE-IFI-IFA,National film archive,https://ifiarchiveplayer.ie/,True,True,https://ifiarchiveplayer.ie/,IFI Archive Player,https://ifiarchiveplayer.ie/tribute-paid-to-congo-dead-with-de-valera-and-lemass/,tribute paid to congo dead with de valera and lemass,IFI Archive Player film record,Public film-page metadata exposed by the IFI Archive Player. The permalink represents a public viewing/metadata surface; MAR does not download or redistribute the audiovisual media and does not infer a licence to reproduce it.,,tribute paid to congo dead with de valera and lemass,,Patrimônio fílmico irlandês em acesso público,Streaming audiovisual institucional público
IFI Irish Film Archive,ifi-irish-film-archive,Ireland,Europe,IE-IFI-IFA,National film archive,https://ifiarchiveplayer.ie/,True,True,https://ifiarchiveplayer.ie/,IFI Archive Player,https://ifiarchiveplayer.ie/troscan-furniture-bedroom/,troscan furniture bedroom,IFI Archive Player film record,Public film-page metadata exposed by the IFI Archive Player. The permalink represents a public viewing/metadata surface; MAR does not download or redistribute the audiovisual media and does not infer a licence to reproduce it.,,troscan furniture bedroom,,Patrimônio fílmico irlandês em acesso público,Streaming audiovisual institucional público
IFI Irish Film Archive,ifi-irish-film-archive,Ireland,Europe,IE-IFI-IFA,National film archive,https://ifiarchiveplayer.ie/,True,True,https://ifiarchiveplayer.ie/,IFI Archive Player,https://ifiarchiveplayer.ie/troscan-furniture-dining-room/,troscan furniture dining room,IFI Archive Player film record,Public film-page metadata exposed by the IFI Archive Player. The permalink represents a public viewing/metadata surface; MAR does not download or redistribute the audiovisual media and does not infer a licence to reproduce it.,,troscan furniture dining room,,Patrimônio fílmico irlandês em acesso público,Streaming audiovisual institucional público
IFI Irish Film Archive,ifi-irish-film-archive,Ireland,Europe,IE-IFI-IFA,National film archive,https://ifiarchiveplayer.ie/,True,True,https://ifiarchiveplayer.ie/,IFI Archive Player,https://ifiarchiveplayer.ie/troscan-furniture-living-room/,troscan furniture living room,IFI Archive Player film record,Public film-page metadata exposed by the IFI Archive Player. The permalink represents a public viewing/metadata surface; MAR does not download or redistribute the audiovisual media and does not infer a licence to reproduce it.,,troscan furniture living room,,Patrimônio fílmico irlandês em acesso público,Streaming audiovisual institucional público
IFI Irish Film Archive,ifi-irish-film-archive,Ireland,Europe,IE-IFI-IFA,National film archive,https://ifiarchiveplayer.ie/,True,True,https://ifiarchiveplayer.ie/,IFI Archive Player,https://ifiarchiveplayer.ie/trouble-in-ireland/,trouble in ireland,IFI Archive Player film record,Public film-page metadata exposed by the IFI Archive Player. The permalink represents a public viewing/metadata surface; MAR does not download or redistribute the audiovisual media and does not infer a licence to reproduce it.,,trouble in ireland,,Patrimônio fílmico irlandês em acesso público,Streaming audiovisual institucional público
IFI Irish Film Archive,ifi-irish-film-archive,Ireland,Europe,IE-IFI-IFA,National film archive,https://ifiarchiveplayer.ie/,True,True,https://ifiarchiveplayer.ie/,IFI Archive Player,https://ifiarchiveplayer.ie/tubbercurry-sligo-western-drama-festival/,tubbercurry sligo western drama festival,IFI Archive Player film record,Public film-page metadata exposed by the IFI Archive Player. The permalink represents a public viewing/metadata surface; MAR does not download or redistribute the audiovisual media and does not infer a licence to reproduce it.,,tubbercurry sligo western drama festival,,Patrimônio fílmico irlandês em acesso público,Streaming audiovisual institucional público
IFI Irish Film Archive,ifi-irish-film-archive,Ireland,Europe,IE-IFI-IFA,National film archive,https://ifiarchiveplayer.ie/,True,True,https://ifiarchiveplayer.ie/,IFI Archive Player,https://ifiarchiveplayer.ie/tubberware/,tubberware,IFI Archive Player film record,Public film-page metadata exposed by the IFI Archive Player. The permalink represents a public viewing/metadata surface; MAR does not download or redistribute the audiovisual media and does not infer a licence to reproduce it.,,tubberware,,Patrimônio fílmico irlandês em acesso público,Streaming audiovisual institucional público
IFI Irish Film Archive,ifi-irish-film-archive,Ireland,Europe,IE-IFI-IFA,National film archive,https://ifiarchiveplayer.ie/,True,True,https://ifiarchiveplayer.ie/,IFI Archive Player,https://ifiarchiveplayer.ie/tudor-style/,tudor style,IFI Archive Player film record,Public film-page metadata exposed by the IFI Archive Player. The permalink represents a public viewing/metadata surface; MAR does not download or redistribute the audiovisual media and does not infer a licence to reproduce it.,,tudor style,,Patrimônio fílmico irlandês em acesso público,Streaming audiovisual institucional público
IFI Irish Film Archive,ifi-irish-film-archive,Ireland,Europe,IE-IFI-IFA,National film archive,https://ifiarchiveplayer.ie/,True,True,https://ifiarchiveplayer.ie/,IFI Archive Player,https://ifiarchiveplayer.ie/tudor-style-lenny-abrahamson/,tudor style lenny abrahamson,IFI Archive Player film record,Public film-page metadata exposed by the IFI Archive Player. The permalink represents a public viewing/metadata surface; MAR does not download or redistribute the audiovisual media and does not infer a licence to reproduce it.,,tudor style lenny abrahamson,,Patrimônio fílmico irlandês em acesso público,Streaming audiovisual institucional público
IFI Irish Film Archive,ifi-irish-film-archive,Ireland,Europe,IE-IFI-IFA,National film archive,https://ifiarchiveplayer.ie/,True,True,https://ifiarchiveplayer.ie/,IFI Archive Player,https://ifiarchiveplayer.ie/twilight-belle/,twilight belle,IFI Archive Player film record,Public film-page metadata exposed by the IFI Archive Player. The permalink represents a public viewing/metadata surface; MAR does not download or redistribute the audiovisual media and does not infer a licence to reproduce it.,,twilight belle,,Patrimônio fílmico irlandês em acesso público,Streaming audiovisual institucional público
IFI Irish Film Archive,ifi-irish-film-archive,Ireland,Europe,IE-IFI-IFA,National film archive,https://ifiarchiveplayer.ie/,True,True,https://ifiarchiveplayer.ie/,IFI Archive Player,https://ifiarchiveplayer.ie/two-hours-from-london/,two hours from london,IFI Archive Player film record,Public film-page metadata exposed by the IFI Archive Player. The permalink represents a public viewing/metadata surface; MAR does not download or redistribute the audiovisual media and does not infer a licence to reproduce it.,,two hours from london,,Patrimônio fílmico irlandês em acesso público,Streaming audiovisual institucional público
IFI Irish Film Archive,ifi-irish-film-archive,Ireland,Europe,IE-IFI-IFA,National film archive,https://ifiarchiveplayer.ie/,True,True,https://ifiarchiveplayer.ie/,IFI Archive Player,https://ifiarchiveplayer.ie/two-little-pigeons/,two little pigeons,IFI Archive Player film record,Public film-page metadata exposed by the IFI Archive Player. The permalink represents a public viewing/metadata surface; MAR does not download or redistribute the audiovisual media and does not infer a licence to reproduce it.,,two little pigeons,,Patrimônio fílmico irlandês em acesso público,Streaming audiovisual institucional público
IFI Irish Film Archive,ifi-irish-film-archive,Ireland,Europe,IE-IFI-IFA,National film archive,https://ifiarchiveplayer.ie/,True,True,https://ifiarchiveplayer.ie/,IFI Archive Player,https://ifiarchiveplayer.ie/two-of-a-kind/,two of a kind,IFI Archive Player film record,Public film-page metadata exposed by the IFI Archive Player. The permalink represents a public viewing/metadata surface; MAR does not download or redistribute the audiovisual media and does not infer a licence to reproduce it.,,two of a kind,,Patrimônio fílmico irlandês em acesso público,Streaming audiovisual institucional público
IFI Irish Film Archive,ifi-irish-film-archive,Ireland,Europe,IE-IFI-IFA,National film archive,https://ifiarchiveplayer.ie/,True,True,https://ifiarchiveplayer.ie/,IFI Archive Player,https://ifiarchiveplayer.ie/ucd-students-honour-kevin-barry/,ucd students honour kevin barry,IFI Archive Player film record,Public film-page metadata exposed by the IFI Archive Player. The permalink represents a public viewing/metadata surface; MAR does not download or redistribute the audiovisual media and does not infer a licence to reproduce it.,,ucd students honour kevin barry,,Patrimônio fílmico irlandês em acesso público,Streaming audiovisual institucional público
IFI Irish Film Archive,ifi-irish-film-archive,Ireland,Europe,IE-IFI-IFA,National film archive,https://ifiarchiveplayer.ie/,True,True,https://ifiarchiveplayer.ie/,IFI Archive Player,https://ifiarchiveplayer.ie/ulster-demonstration/,ulster demonstration,IFI Archive Player film record,Public film-page metadata exposed by the IFI Archive Player. The permalink represents a public viewing/metadata surface; MAR does not download or redistribute the audiovisual media and does not infer a licence to reproduce it.,,ulster demonstration,,Patrimônio fílmico irlandês em acesso público,Streaming audiovisual institucional público
IFI Irish Film Archive,ifi-irish-film-archive,Ireland,Europe,IE-IFI-IFA,National film archive,https://ifiarchiveplayer.ie/,True,True,https://ifiarchiveplayer.ie/,IFI Archive Player,https://ifiarchiveplayer.ie/ulster-grand-prix/,ulster grand prix,IFI Archive Player film record,Public film-page metadata exposed by the IFI Archive Player. The permalink represents a public viewing/metadata surface; MAR does not download or redistribute the audiovisual media and does not infer a licence to reproduce it.,,ulster grand prix,,Patrimônio fílmico irlandês em acesso público,Streaming audiovisual institucional público
IFI Irish Film Archive,ifi-irish-film-archive,Ireland,Europe,IE-IFI-IFA,National film archive,https://ifiarchiveplayer.ie/,True,True,https://ifiarchiveplayer.ie/,IFI Archive Player,https://ifiarchiveplayer.ie/ulster-will-not-yield/,ulster will not yield,IFI Archive Player film record,Public film-page metadata exposed by the IFI Archive Player. The permalink represents a public viewing/metadata surface; MAR does not download or redistribute the audiovisual media and does not infer a licence to reproduce it.,,ulster will not yield,,Patrimônio fílmico irlandês em acesso público,Streaming audiovisual institucional público
IFI Irish Film Archive,ifi-irish-film-archive,Ireland,Europe,IE-IFI-IFA,National film archive,https://ifiarchiveplayer.ie/,True,True,https://ifiarchiveplayer.ie/,IFI Archive Player,https://ifiarchiveplayer.ie/ulsters-gallant-woman-admiral/,ulsters gallant woman admiral,IFI Archive Player film record,Public film-page metadata exposed by the IFI Archive Player. The permalink represents a public viewing/metadata surface; MAR does not download or redistribute the audiovisual media and does not infer a licence to reproduce it.,,ulsters gallant woman admiral,,Patrimônio fílmico irlandês em acesso público,Streaming audiovisual institucional público
IFI Irish Film Archive,ifi-irish-film-archive,Ireland,Europe,IE-IFI-IFA,National film archive,https://ifiarchiveplayer.ie/,True,True,https://ifiarchiveplayer.ie/,IFI Archive Player,https://ifiarchiveplayer.ie/ulsters-parliament-assembles/,ulsters parliament assembles,IFI Archive Player film record,Public film-page metadata exposed by the IFI Archive Player. The permalink represents a public viewing/metadata surface; MAR does not download or redistribute the audiovisual media and does not infer a licence to reproduce it.,,ulsters parliament assembles,,Patrimônio fílmico irlandês em acesso público,Streaming audiovisual institucional público
IFI Irish Film Archive,ifi-irish-film-archive,Ireland,Europe,IE-IFI-IFA,National film archive,https://ifiarchiveplayer.ie/,True,True,https://ifiarchiveplayer.ie/,IFI Archive Player,https://ifiarchiveplayer.ie/ulys/,ulys,IFI Archive Player film record,Public film-page metadata exposed by the IFI Archive Player. The permalink represents a public viewing/metadata surface; MAR does not download or redistribute the audiovisual media and does not infer a licence to reproduce it.,,ulys,,Patrimônio fílmico irlandês em acesso público,Streaming audiovisual institucional público
IFI Irish Film Archive,ifi-irish-film-archive,Ireland,Europe,IE-IFI-IFA,National film archive,https://ifiarchiveplayer.ie/,True,True,https://ifiarchiveplayer.ie/,IFI Archive Player,https://ifiarchiveplayer.ie/unique-boxing-event/,unique boxing event,IFI Archive Player film record,Public film-page metadata exposed by the IFI Archive Player. The permalink represents a public viewing/metadata surface; MAR does not download or redistribute the audiovisual media and does not infer a licence to reproduce it.,,unique boxing event,,Patrimônio fílmico irlandês em acesso público,Streaming audiovisual institucional público
IFI Irish Film Archive,ifi-irish-film-archive,Ireland,Europe,IE-IFI-IFA,National film archive,https://ifiarchiveplayer.ie/,True,True,https://ifiarchiveplayer.ie/,IFI Archive Player,https://ifiarchiveplayer.ie/uno-paint/,uno paint,IFI Archive Player film record,Public film-page metadata exposed by the IFI Archive Player. The permalink represents a public viewing/metadata surface; MAR does not download or redistribute the audiovisual media and does not infer a licence to reproduce it.,,uno paint,,Patrimônio fílmico irlandês em acesso público,Streaming audiovisual institucional público
IFI Irish Film Archive,ifi-irish-film-archive,Ireland,Europe,IE-IFI-IFA,National film archive,https://ifiarchiveplayer.ie/,True,True,https://ifiarchiveplayer.ie/,IFI Archive Player,https://ifiarchiveplayer.ie/up-the-canal/,up the canal,IFI Archive Player film record,Public film-page metadata exposed by the IFI Archive Player. The permalink represents a public viewing/metadata surface; MAR does not download or redistribute the audiovisual media and does not infer a licence to reproduce it.,,up the canal,,Patrimônio fílmico irlandês em acesso público,Streaming audiovisual institucional público
IFI Irish Film Archive,ifi-irish-film-archive,Ireland,Europe,IE-IFI-IFA,National film archive,https://ifiarchiveplayer.ie/,True,True,https://ifiarchiveplayer.ie/,IFI Archive Player,https://ifiarchiveplayer.ie/urban-tails/,urban tails,IFI Archive Player film record,Public film-page metadata exposed by the IFI Archive Player. The permalink represents a public viewing/metadata surface; MAR does not download or redistribute the audiovisual media and does not infer a licence to reproduce it.,,urban tails,,Patrimônio fílmico irlandês em acesso público,Streaming audiovisual institucional público
IFI Irish Film Archive,ifi-irish-film-archive,Ireland,Europe,IE-IFI-IFA,National film archive,https://ifiarchiveplayer.ie/,True,True,https://ifiarchiveplayer.ie/,IFI Archive Player,https://ifiarchiveplayer.ie/us-students-enjoying-irish-holiday/,us students enjoying irish holiday,IFI Archive Player film record,Public film-page metadata exposed by the IFI Archive Player. The permalink represents a public viewing/metadata surface; MAR does not download or redistribute the audiovisual media and does not infer a licence to reproduce it.,,us students enjoying irish holiday,,Patrimônio fílmico irlandês em acesso público,Streaming audiovisual institucional público
IFI Irish Film Archive,ifi-irish-film-archive,Ireland,Europe,IE-IFI-IFA,National film archive,https://ifiarchiveplayer.ie/,True,True,https://ifiarchiveplayer.ie/,IFI Archive Player,https://ifiarchiveplayer.ie/valley-ice-cream/,valley ice cream,IFI Archive Player film record,Public film-page metadata exposed by the IFI Archive Player. The permalink represents a public viewing/metadata surface; MAR does not download or redistribute the audiovisual media and does not infer a licence to reproduce it.,,valley ice cream,,Patrimônio fílmico irlandês em acesso público,Streaming audiovisual institucional público
IFI Irish Film Archive,ifi-irish-film-archive,Ireland,Europe,IE-IFI-IFA,National film archive,https://ifiarchiveplayer.ie/,True,True,https://ifiarchiveplayer.ie/,IFI Archive Player,https://ifiarchiveplayer.ie/valley-ice-cream-big-red/,valley ice cream big red,IFI Archive Player film record,Public film-page metadata exposed by the IFI Archive Player. The permalink represents a public viewing/metadata surface; MAR does not download or redistribute the audiovisual media and does not infer a licence to reproduce it.,,valley ice cream big red,,Patrimônio fílmico irlandês em acesso público,Streaming audiovisual institucional público
IFI Irish Film Archive,ifi-irish-film-archive,Ireland,Europe,IE-IFI-IFA,National film archive,https://ifiarchiveplayer.ie/,True,True,https://ifiarchiveplayer.ie/,IFI Archive Player,https://ifiarchiveplayer.ie/variety-club-film-ball-aids-disabled-children/,variety club film ball aids disabled children,IFI Archive Player film record,Public film-page metadata exposed by the IFI Archive Player. The permalink represents a public viewing/metadata surface; MAR does not download or redistribute the audiovisual media and does not infer a licence to reproduce it.,,variety club film ball aids disabled children,,Patrimônio fílmico irlandês em acesso público,Streaming audiovisual institucional público
IFI Irish Film Archive,ifi-irish-film-archive,Ireland,Europe,IE-IFI-IFA,National film archive,https://ifiarchiveplayer.ie/,True,True,https://ifiarchiveplayer.ie/,IFI Archive Player,https://ifiarchiveplayer.ie/vice-regal-procession/,vice regal procession,IFI Archive Player film record,Public film-page metadata exposed by the IFI Archive Player. The permalink represents a public viewing/metadata surface; MAR does not download or redistribute the audiovisual media and does not infer a licence to reproduce it.,,vice regal procession,,Patrimônio fílmico irlandês em acesso público,Streaming audiovisual institucional público
IFI Irish Film Archive,ifi-irish-film-archive,Ireland,Europe,IE-IFI-IFA,National film archive,https://ifiarchiveplayer.ie/,True,True,https://ifiarchiveplayer.ie/,IFI Archive Player,https://ifiarchiveplayer.ie/visit-of-president-mary-robinson-to-ballymun/,visit of president mary robinson to ballymun,IFI Archive Player film record,Public film-page metadata exposed by the IFI Archive Player. The permalink represents a public viewing/metadata surface; MAR does not download or redistribute the audiovisual media and does not infer a licence to reproduce it.,,visit of president mary robinson to ballymun,,Patrimônio fílmico irlandês em acesso público,Streaming audiovisual institucional público
IFI Irish Film Archive,ifi-irish-film-archive,Ireland,Europe,IE-IFI-IFA,National film archive,https://ifiarchiveplayer.ie/,True,True,https://ifiarchiveplayer.ie/,IFI Archive Player,https://ifiarchiveplayer.ie/visit-to-killarney/,visit to killarney,IFI Archive Player film record,Public film-page metadata exposed by the IFI Archive Player. The permalink represents a public viewing/metadata surface; MAR does not download or redistribute the audiovisual media and does not infer a licence to reproduce it.,,visit to killarney,,Patrimônio fílmico irlandês em acesso público,Streaming audiovisual institucional público
IFI Irish Film Archive,ifi-irish-film-archive,Ireland,Europe,IE-IFI-IFA,National film archive,https://ifiarchiveplayer.ie/,True,True,https://ifiarchiveplayer.ie/,IFI Archive Player,https://ifiarchiveplayer.ie/voyage-to-recovery/,voyage to recovery,IFI Archive Player film record,Public film-page metadata exposed by the IFI Archive Player. The permalink represents a public viewing/metadata surface; MAR does not download or redistribute the audiovisual media and does not infer a licence to reproduce it.,,voyage to recovery,,Patrimônio fílmico irlandês em acesso público,Streaming audiovisual institucional público
IFI Irish Film Archive,ifi-irish-film-archive,Ireland,Europe,IE-IFI-IFA,National film archive,https://ifiarchiveplayer.ie/,True,True,https://ifiarchiveplayer.ie/,IFI Archive Player,https://ifiarchiveplayer.ie/wagon-wheels-in-phoenix-park/,wagon wheels in phoenix park,IFI Archive Player film record,Public film-page metadata exposed by the IFI Archive Player. The permalink represents a public viewing/metadata surface; MAR does not download or redistribute the audiovisual media and does not infer a licence to reproduce it.,,wagon wheels in phoenix park,,Patrimônio fílmico irlandês em acesso público,Streaming audiovisual institucional público
IFI Irish Film Archive,ifi-irish-film-archive,Ireland,Europe,IE-IFI-IFA,National film archive,https://ifiarchiveplayer.ie/,True,True,https://ifiarchiveplayer.ie/,IFI Archive Player,https://ifiarchiveplayer.ie/waiting-for-the-light/,waiting for the light,IFI Archive Player film record,Public film-page metadata exposed by the IFI Archive Player. The permalink represents a public viewing/metadata surface; MAR does not download or redistribute the audiovisual media and does not infer a licence to reproduce it.,,waiting for the light,,Patrimônio fílmico irlandês em acesso público,Streaming audiovisual institucional público
IFI Irish Film Archive,ifi-irish-film-archive,Ireland,Europe,IE-IFI-IFA,National film archive,https://ifiarchiveplayer.ie/,True,True,https://ifiarchiveplayer.ie/,IFI Archive Player,https://ifiarchiveplayer.ie/water-polo-at-blackrock/,water polo at blackrock,IFI Archive Player film record,Public film-page metadata exposed by the IFI Archive Player. The permalink represents a public viewing/metadata surface; MAR does not download or redistribute the audiovisual media and does not infer a licence to reproduce it.,,water polo at blackrock,,Patrimônio fílmico irlandês em acesso público,Streaming audiovisual institucional público
IFI Irish Film Archive,ifi-irish-film-archive,Ireland,Europe,IE-IFI-IFA,National film archive,https://ifiarchiveplayer.ie/,True,True,https://ifiarchiveplayer.ie/,IFI Archive Player,https://ifiarchiveplayer.ie/water-wisdom/,water wisdom,IFI Archive Player film record,Public film-page metadata exposed by the IFI Archive Player. The permalink represents a public viewing/metadata surface; MAR does not download or redistribute the audiovisual media and does not infer a licence to reproduce it.,,water wisdom,,Patrimônio fílmico irlandês em acesso público,Streaming audiovisual institucional público
IFI Irish Film Archive,ifi-irish-film-archive,Ireland,Europe,IE-IFI-IFA,National film archive,https://ifiarchiveplayer.ie/,True,True,https://ifiarchiveplayer.ie/,IFI Archive Player,https://ifiarchiveplayer.ie/waterford-and-kilkenny-draw-in-national-league/,waterford and kilkenny draw in national league,IFI Archive Player film record,Public film-page metadata exposed by the IFI Archive Player. The permalink represents a public viewing/metadata surface; MAR does not download or redistribute the audiovisual media and does not infer a licence to reproduce it.,,waterford and kilkenny draw in national league,,Patrimônio fílmico irlandês em acesso público,Streaming audiovisual institucional público
IFI Irish Film Archive,ifi-irish-film-archive,Ireland,Europe,IE-IFI-IFA,National film archive,https://ifiarchiveplayer.ie/,True,True,https://ifiarchiveplayer.ie/,IFI Archive Player,https://ifiarchiveplayer.ie/waterford-elections/,waterford elections,IFI Archive Player film record,Public film-page metadata exposed by the IFI Archive Player. The permalink represents a public viewing/metadata surface; MAR does not download or redistribute the audiovisual media and does not infer a licence to reproduce it.,,waterford elections,,Patrimônio fílmico irlandês em acesso público,Streaming audiovisual institucional público
IFI Irish Film Archive,ifi-irish-film-archive,Ireland,Europe,IE-IFI-IFA,National film archive,https://ifiarchiveplayer.ie/,True,True,https://ifiarchiveplayer.ie/,IFI Archive Player,https://ifiarchiveplayer.ie/waves/,waves,IFI Archive Player film record,Public film-page metadata exposed by the IFI Archive Player. The permalink represents a public viewing/metadata surface; MAR does not download or redistribute the audiovisual media and does not infer a licence to reproduce it.,,waves,,Patrimônio fílmico irlandês em acesso público,Streaming audiovisual institucional público
IFI Irish Film Archive,ifi-irish-film-archive,Ireland,Europe,IE-IFI-IFA,National film archive,https://ifiarchiveplayer.ie/,True,True,https://ifiarchiveplayer.ie/,IFI Archive Player,https://ifiarchiveplayer.ie/we-made-it/,we made it,IFI Archive Player film record,Public film-page metadata exposed by the IFI Archive Player. The permalink represents a public viewing/metadata surface; MAR does not download or redistribute the audiovisual media and does not infer a licence to reproduce it.,,we made it,,Patrimônio fílmico irlandês em acesso público,Streaming audiovisual institucional público
IFI Irish Film Archive,ifi-irish-film-archive,Ireland,Europe,IE-IFI-IFA,National film archive,https://ifiarchiveplayer.ie/,True,True,https://ifiarchiveplayer.ie/,IFI Archive Player,https://ifiarchiveplayer.ie/we-were-only-children/,we were only children,IFI Archive Player film record,Public film-page metadata exposed by the IFI Archive Player. The permalink represents a public viewing/metadata surface; MAR does not download or redistribute the audiovisual media and does not infer a licence to reproduce it.,,we were only children,,Patrimônio fílmico irlandês em acesso público,Streaming audiovisual institucional público
IFI Irish Film Archive,ifi-irish-film-archive,Ireland,Europe,IE-IFI-IFA,National film archive,https://ifiarchiveplayer.ie/,True,True,https://ifiarchiveplayer.ie/,IFI Archive Player,https://ifiarchiveplayer.ie/west-clare-railway-the-last-run/,west clare railway the last run,IFI Archive Player film record,Public film-page metadata exposed by the IFI Archive Player. The permalink represents a public viewing/metadata surface; MAR does not download or redistribute the audiovisual media and does not infer a licence to reproduce it.,,west clare railway the last run,,Patrimônio fílmico irlandês em acesso público,Streaming audiovisual institucional público
IFI Irish Film Archive,ifi-irish-film-archive,Ireland,Europe,IE-IFI-IFA,National film archive,https://ifiarchiveplayer.ie/,True,True,https://ifiarchiveplayer.ie/,IFI Archive Player,https://ifiarchiveplayer.ie/wexford-commemorations/,wexford commemorations,IFI Archive Player film record,Public film-page metadata exposed by the IFI Archive Player. The permalink represents a public viewing/metadata surface; MAR does not download or redistribute the audiovisual media and does not infer a licence to reproduce it.,,wexford commemorations,,Patrimônio fílmico irlandês em acesso público,Streaming audiovisual institucional público
IFI Irish Film Archive,ifi-irish-film-archive,Ireland,Europe,IE-IFI-IFA,National film archive,https://ifiarchiveplayer.ie/,True,True,https://ifiarchiveplayer.ie/,IFI Archive Player,https://ifiarchiveplayer.ie/wexford-treaty-meeting/,wexford treaty meeting,IFI Archive Player film record,Public film-page metadata exposed by the IFI Archive Player. The permalink represents a public viewing/metadata surface; MAR does not download or redistribute the audiovisual media and does not infer a licence to reproduce it.,,wexford treaty meeting,,Patrimônio fílmico irlandês em acesso público,Streaming audiovisual institucional público
IFI Irish Film Archive,ifi-irish-film-archive,Ireland,Europe,IE-IFI-IFA,National film archive,https://ifiarchiveplayer.ie/,True,True,https://ifiarchiveplayer.ie/,IFI Archive Player,https://ifiarchiveplayer.ie/where-does-the-money-go/,where does the money go,IFI Archive Player film record,Public film-page metadata exposed by the IFI Archive Player. The permalink represents a public viewing/metadata surface; MAR does not download or redistribute the audiovisual media and does not infer a licence to reproduce it.,,where does the money go,,Patrimônio fílmico irlandês em acesso público,Streaming audiovisual institucional público
IFI Irish Film Archive,ifi-irish-film-archive,Ireland,Europe,IE-IFI-IFA,National film archive,https://ifiarchiveplayer.ie/,True,True,https://ifiarchiveplayer.ie/,IFI Archive Player,https://ifiarchiveplayer.ie/will-there-be-peace-in-ireland/,will there be peace in ireland,IFI Archive Player film record,Public film-page metadata exposed by the IFI Archive Player. The permalink represents a public viewing/metadata surface; MAR does not download or redistribute the audiovisual media and does not infer a licence to reproduce it.,,will there be peace in ireland,,Patrimônio fílmico irlandês em acesso público,Streaming audiovisual institucional público
IFI Irish Film Archive,ifi-irish-film-archive,Ireland,Europe,IE-IFI-IFA,National film archive,https://ifiarchiveplayer.ie/,True,True,https://ifiarchiveplayer.ie/,IFI Archive Player,https://ifiarchiveplayer.ie/winning-battle/,winning battle,IFI Archive Player film record,Public film-page metadata exposed by the IFI Archive Player. The permalink represents a public viewing/metadata surface; MAR does not download or redistribute the audiovisual media and does not infer a licence to reproduce it.,,winning battle,,Patrimônio fílmico irlandês em acesso público,Streaming audiovisual institucional público
IFI Irish Film Archive,ifi-irish-film-archive,Ireland,Europe,IE-IFI-IFA,National film archive,https://ifiarchiveplayer.ie/,True,True,https://ifiarchiveplayer.ie/,IFI Archive Player,https://ifiarchiveplayer.ie/winstons-new-look/,winstons new look,IFI Archive Player film record,Public film-page metadata exposed by the IFI Archive Player. The permalink represents a public viewing/metadata surface; MAR does not download or redistribute the audiovisual media and does not infer a licence to reproduce it.,,winstons new look,,Patrimônio fílmico irlandês em acesso público,Streaming audiovisual institucional público
IFI Irish Film Archive,ifi-irish-film-archive,Ireland,Europe,IE-IFI-IFA,National film archive,https://ifiarchiveplayer.ie/,True,True,https://ifiarchiveplayer.ie/,IFI Archive Player,https://ifiarchiveplayer.ie/winter-beagling-at-tallow/,winter beagling at tallow,IFI Archive Player film record,Public film-page metadata exposed by the IFI Archive Player. The permalink represents a public viewing/metadata surface; MAR does not download or redistribute the audiovisual media and does not infer a licence to reproduce it.,,winter beagling at tallow,,Patrimônio fílmico irlandês em acesso público,Streaming audiovisual institucional público
IFI Irish Film Archive,ifi-irish-film-archive,Ireland,Europe,IE-IFI-IFA,National film archive,https://ifiarchiveplayer.ie/,True,True,https://ifiarchiveplayer.ie/,IFI Archive Player,https://ifiarchiveplayer.ie/winter-sports-in-dublin-mountains/,winter sports in dublin mountains,IFI Archive Player film record,Public film-page metadata exposed by the IFI Archive Player. The permalink represents a public viewing/metadata surface; MAR does not download or redistribute the audiovisual media and does not infer a licence to reproduce it.,,winter sports in dublin mountains,,Patrimônio fílmico irlandês em acesso público,Streaming audiovisual institucional público
IFI Irish Film Archive,ifi-irish-film-archive,Ireland,Europe,IE-IFI-IFA,National film archive,https://ifiarchiveplayer.ie/,True,True,https://ifiarchiveplayer.ie/,IFI Archive Player,https://ifiarchiveplayer.ie/wonderful-western-islanders/,wonderful western islanders,IFI Archive Player film record,Public film-page metadata exposed by the IFI Archive Player. The permalink represents a public viewing/metadata surface; MAR does not download or redistribute the audiovisual media and does not infer a licence to reproduce it.,,wonderful western islanders,,Patrimônio fílmico irlandês em acesso público,Streaming audiovisual institucional público
IFI Irish Film Archive,ifi-irish-film-archive,Ireland,Europe,IE-IFI-IFA,National film archive,https://ifiarchiveplayer.ie/,True,True,https://ifiarchiveplayer.ie/,IFI Archive Player,https://ifiarchiveplayer.ie/wonderful-western-islanders-2/,wonderful western islanders 2,IFI Archive Player film record,Public film-page metadata exposed by the IFI Archive Player. The permalink represents a public viewing/metadata surface; MAR does not download or redistribute the audiovisual media and does not infer a licence to reproduce it.,,wonderful western islanders 2,,Patrimônio fílmico irlandês em acesso público,Streaming audiovisual institucional público
IFI Irish Film Archive,ifi-irish-film-archive,Ireland,Europe,IE-IFI-IFA,National film archive,https://ifiarchiveplayer.ie/,True,True,https://ifiarchiveplayer.ie/,IFI Archive Player,https://ifiarchiveplayer.ie/yeats-country/,yeats country,IFI Archive Player film record,Public film-page metadata exposed by the IFI Archive Player. The permalink represents a public viewing/metadata surface; MAR does not download or redistribute the audiovisual media and does not infer a licence to reproduce it.,,yeats country,,Patrimônio fílmico irlandês em acesso público,Streaming audiovisual institucional público
IFI Irish Film Archive,ifi-irish-film-archive,Ireland,Europe,IE-IFI-IFA,National film archive,https://ifiarchiveplayer.ie/,True,True,https://ifiarchiveplayer.ie/,IFI Archive Player,https://ifiarchiveplayer.ie/yeats-country-lenny-abrahamson/,yeats country lenny abrahamson,IFI Archive Player film record,Public film-page metadata exposed by the IFI Archive Player. The permalink represents a public viewing/metadata surface; MAR does not download or redistribute the audiovisual media and does not infer a licence to reproduce it.,,yeats country lenny abrahamson,,Patrimônio fílmico irlandês em acesso público,Streaming audiovisual institucional público
IFI Irish Film Archive,ifi-irish-film-archive,Ireland,Europe,IE-IFI-IFA,National film archive,https://ifiarchiveplayer.ie/,True,True,https://ifiarchiveplayer.ie/,IFI Archive Player,https://ifiarchiveplayer.ie/yoplait-mrs-dolan/,yoplait mrs dolan,IFI Archive Player film record,Public film-page metadata exposed by the IFI Archive Player. The permalink represents a public viewing/metadata surface; MAR does not download or redistribute the audiovisual media and does not infer a licence to reproduce it.,,yoplait mrs dolan,,Patrimônio fílmico irlandês em acesso público,Streaming audiovisual institucional público
IFI Irish Film Archive,ifi-irish-film-archive,Ireland,Europe,IE-IFI-IFA,National film archive,https://ifiarchiveplayer.ie/,True,True,https://ifiarchiveplayer.ie/,IFI Archive Player,https://ifiarchiveplayer.ie/you-looking-at-me/,you looking at me,IFI Archive Player film record,Public film-page metadata exposed by the IFI Archive Player. The permalink represents a public viewing/metadata surface; MAR does not download or redistribute the audiovisual media and does not infer a licence to reproduce it.,,you looking at me,,Patrimônio fílmico irlandês em acesso público,Streaming audiovisual institucional público
IFI Irish Film Archive,ifi-irish-film-archive,Ireland,Europe,IE-IFI-IFA,National film archive,https://ifiarchiveplayer.ie/,True,True,https://ifiarchiveplayer.ie/,IFI Archive Player,https://ifiarchiveplayer.ie/you-remember-ellen/,you remember ellen,IFI Archive Player film record,Public film-page metadata exposed by the IFI Archive Player. The permalink represents a public viewing/metadata surface; MAR does not download or redistribute the audiovisual media and does not infer a licence to reproduce it.,,you remember ellen,,Patrimônio fílmico irlandês em acesso público,Streaming audiovisual institucional público
IFI Irish Film Archive,ifi-irish-film-archive,Ireland,Europe,IE-IFI-IFA,National film archive,https://ifiarchiveplayer.ie/,True,True,https://ifiarchiveplayer.ie/,IFI Archive Player,https://ifiarchiveplayer.ie/young-artists-exhibition/,young artists exhibition,IFI Archive Player film record,Public film-page metadata exposed by the IFI Archive Player. The permalink represents a public viewing/metadata surface; MAR does not download or redistribute the audiovisual media and does not infer a licence to reproduce it.,,young artists exhibition,,Patrimônio fílmico irlandês em acesso público,Streaming audiovisual institucional público
IFI Irish Film Archive,ifi-irish-film-archive,Ireland,Europe,IE-IFI-IFA,National film archive,https://ifiarchiveplayer.ie/,True,True,https://ifiarchiveplayer.ie/,IFI Archive Player,https://ifiarchiveplayer.ie/young-farmer-of-the-year-at-home/,young farmer of the year at home,IFI Archive Player film record,Public film-page metadata exposed by the IFI Archive Player. The permalink represents a public viewing/metadata surface; MAR does not download or redistribute the audiovisual media and does not infer a licence to reproduce it.,,young farmer of the year at home,,Patrimônio fílmico irlandês em acesso público,Streaming audiovisual institucional público
IFI Irish Film Archive,ifi-irish-film-archive,Ireland,Europe,IE-IFI-IFA,National film archive,https://ifiarchiveplayer.ie/,True,True,https://ifiarchiveplayer.ie/,IFI Archive Player,https://ifiarchiveplayer.ie/yu-ming-is-ainm-dom/,yu ming is ainm dom,IFI Archive Player film record,Public film-page metadata exposed by the IFI Archive Player. The permalink represents a public viewing/metadata surface; MAR does not download or redistribute the audiovisual media and does not infer a licence to reproduce it.,,yu ming is ainm dom,,Patrimônio fílmico irlandês em acesso público,Streaming audiovisual institucional público
IFI Irish Film Archive,ifi-irish-film-archive,Ireland,Europe,IE-IFI-IFA,National film archive,https://ifiarchiveplayer.ie/,True,True,https://ifiarchiveplayer.ie/,IFI Archive Player,https://ifiarchiveplayer.ie/zanussi/,zanussi,IFI Archive Player film record,Public film-page metadata exposed by the IFI Archive Player. The permalink represents a public viewing/metadata surface; MAR does not download or redistribute the audiovisual media and does not infer a licence to reproduce it.,,zanussi,,Patrimônio fílmico irlandês em acesso público,Streaming audiovisual institucional público
IFI Irish Film Archive,ifi-irish-film-archive,Ireland,Europe,IE-IFI-IFA,National film archive,https://ifiarchiveplayer.ie/,True,True,https://ifiarchiveplayer.ie/,IFI Archive Player,https://ifiarchiveplayer.ie/zanussi-washing-machines/,zanussi washing machines,IFI Archive Player film record,Public film-page metadata exposed by the IFI Archive Player. The permalink represents a public viewing/metadata surface; MAR does not download or redistribute the audiovisual media and does not infer a licence to reproduce it.,,zanussi washing machines,,Patrimônio fílmico irlandês em acesso público,Streaming audiovisual institucional público
IFI Irish Film Archive,ifi-irish-film-archive,Ireland,Europe,IE-IFI-IFA,National film archive,https://ifiarchiveplayer.ie/,True,True,https://ifiarchiveplayer.ie/,IFI Archive Player,https://ifiarchiveplayer.ie/zwischen-uns-sei-wahrheit/,zwischen uns sei wahrheit,IFI Archive Player film record,Public film-page metadata exposed by the IFI Archive Player. The permalink represents a public viewing/metadata surface; MAR does not download or redistribute the audiovisual media and does not infer a licence to reproduce it.,,zwischen uns sei wahrheit,,Patrimônio fílmico irlandês em acesso público,Streaming audiovisual institucional público
